/groups/igonin/ecastillo/anaconda3/envs/utdq/lib/python3.11/site-packages/obspy/core/util/base.py:26: UserWarning: pkg_resources is deprecated as an API. See https://setuptools.pypa.io/en/latest/pkg_resources.html. The pkg_resources package is slated for removal as early as 2025-11-30. Refrain from using this package or pin to Setuptools<81.
  import pkg_resources
      network network_type station  ...   latitude      depth  elevation
139       GCI          DAS   KKFLS  ...  59.637590  -3.189611   3.189611
140       GCI          DAS   KKFLS  ...  59.637518  -3.005778   3.005778
141       GCI          DAS   KKFLS  ...  59.637446  -2.818813   2.818813
142       GCI          DAS   KKFLS  ...  59.637375  -2.628761   2.628761
143       GCI          DAS   KKFLS  ...  59.637303  -2.435684   2.435684
...       ...          ...     ...  ...        ...        ...        ...
27721     GCI          DAS   TERRA  ...  59.557653  40.000000 -40.000000
27722     GCI          DAS   TERRA  ...  59.557651  40.000000 -40.000000
27723     GCI          DAS   TERRA  ...  59.557650  40.000000 -40.000000
27724     GCI          DAS   TERRA  ...  59.557649  40.000000 -40.000000
27725     GCI          DAS   TERRA  ...  59.557647  40.000000 -40.000000

[27413 rows x 8 columns]
2026-05-05 09:02:48,171 [INFO:utdquake.bank.utils] [1/10] Fetching events forward 2023-11-09T04:43:30.917000Z to 2023-11-10T04:43:30.917000Z...
2026-05-05 09:02:48,188 [INFO:utdquake.bank.utils] Restarting patience counter after successful fetch.
2026-05-05 09:02:48,189 [INFO:utdquake.bank] Chunk id: 0   initiated | Time range: 2023-11-09 04:43:30.917000 - 2023-11-10 04:43:30.917000 | Chunk creation time: 2026-05-05 09:02:48.189159
2026-05-05 09:02:48,189 [INFO:utdquake.bank.utils] Starting to process 0 events in catalog VJN04cJS. (This id is created just for logging purposes)
2026-05-05 09:02:48,189 [INFO:utdquake.bank.utils] Finishing to process 0 events in catalog VJN04cJS.
2026-05-05 09:02:48,817 [INFO:utdquake.bank] Saved 0 events of 0 possible in chunk id 0   from 2023-11-09 04:43:30.917000 to 2023-11-10 04:43:30.917000 in /groups/igonin/ecastillo/UTDQuake_test/bank/GCI
2026-05-05 09:02:48,818 [INFO:utdquake.bank] Creating stations summary based on the events in the event bank at /groups/igonin/ecastillo/UTDQuake_test/bank/GCI/.stations
2026-05-05 09:02:48,836 [INFO:utdquake.bank.utils] Found 15000 station databases in /groups/igonin/ecastillo/UTDQuake_test/.utdquake/db/stations/.stations.
2026-05-05 09:09:10,225 [INFO:utdquake.bank] Updating stations summary in the event bank at /groups/igonin/ecastillo/UTDQuake_test/bank/GCI
2026-05-05 09:09:10,463 [INFO:utdquake.bank] Stations summary updated successfully.
2026-05-05 09:09:10,464 [INFO:utdquake.bank.utils] [1/10] Fetching events forward 2023-11-10T04:43:30.917000Z to 2023-11-11T04:43:30.917000Z...
2026-05-05 09:09:35,343 [INFO:utdquake.bank.utils] Restarting patience counter after successful fetch.
2026-05-05 09:09:35,377 [INFO:utdquake.bank] Chunk id: 0   initiated | Time range: 2023-11-10 04:43:30.917000 - 2023-11-11 04:43:30.917000 | Chunk creation time: 2026-05-05 09:09:35.377640
2026-05-05 09:09:35,378 [INFO:utdquake.bank.utils] Starting to process 4 events in catalog oHzSju62. (This id is created just for logging purposes)
2026-05-05 09:09:35,378 [INFO:utdquake.bank.utils] Processing event smi:service.iris.edu/fdsnws/event/1/query?eventid=11766488 with origin smi:service.iris.edu/fdsnws/event/1/query?originid=49205070
2026-05-05 09:09:35,383 [WARNING:utdquake.bank.utils] Station GCI.KKFLS.105 not found in station metadata.
2026-05-05 09:09:35,424 [WARNING:utdquake.bank.utils] Station GCI.KKFLS.106 not found in station metadata.
2026-05-05 09:09:35,457 [WARNING:utdquake.bank.utils] Station GCI.KKFLS.107 not found in station metadata.
2026-05-05 09:09:35,489 [WARNING:utdquake.bank.utils] Station GCI.KKFLS.108 not found in station metadata.
2026-05-05 09:09:35,529 [WARNING:utdquake.bank.utils] Station GCI.KKFLS.109 not found in station metadata.
2026-05-05 09:09:35,563 [WARNING:utdquake.bank.utils] Station GCI.KKFLS.110 not found in station metadata.
2026-05-05 09:09:35,611 [WARNING:utdquake.bank.utils] Station GCI.KKFLS.111 not found in station metadata.
2026-05-05 09:09:35,644 [WARNING:utdquake.bank.utils] Station GCI.KKFLS.112 not found in station metadata.
2026-05-05 09:09:35,689 [WARNING:utdquake.bank.utils] Station GCI.KKFLS.113 not found in station metadata.
2026-05-05 09:09:35,730 [WARNING:utdquake.bank.utils] Station GCI.KKFLS.114 not found in station metadata.
2026-05-05 09:09:35,773 [WARNING:utdquake.bank.utils] Station GCI.KKFLS.115 not found in station metadata.
2026-05-05 09:09:35,811 [WARNING:utdquake.bank.utils] Station GCI.KKFLS.116 not found in station metadata.
2026-05-05 09:09:35,845 [WARNING:utdquake.bank.utils] Station GCI.KKFLS.117 not found in station metadata.
2026-05-05 09:09:35,880 [WARNING:utdquake.bank.utils] Station GCI.KKFLS.119 not found in station metadata.
2026-05-05 09:09:35,922 [WARNING:utdquake.bank.utils] Station GCI.KKFLS.120 not found in station metadata.
2026-05-05 09:09:35,957 [WARNING:utdquake.bank.utils] Station GCI.KKFLS.121 not found in station metadata.
2026-05-05 09:09:35,991 [WARNING:utdquake.bank.utils] Station GCI.KKFLS.122 not found in station metadata.
2026-05-05 09:09:36,030 [WARNING:utdquake.bank.utils] Station GCI.KKFLS.123 not found in station metadata.
2026-05-05 09:09:36,075 [WARNING:utdquake.bank.utils] Station GCI.KKFLS.124 not found in station metadata.
2026-05-05 09:09:36,114 [WARNING:utdquake.bank.utils] Station GCI.KKFLS.125 not found in station metadata.
2026-05-05 09:09:36,149 [WARNING:utdquake.bank.utils] Station GCI.KKFLS.126 not found in station metadata.
2026-05-05 09:09:36,184 [WARNING:utdquake.bank.utils] Station GCI.KKFLS.127 not found in station metadata.
2026-05-05 09:09:36,223 [WARNING:utdquake.bank.utils] Station GCI.KKFLS.128 not found in station metadata.
2026-05-05 09:09:36,257 [WARNING:utdquake.bank.utils] Station GCI.KKFLS.129 not found in station metadata.
2026-05-05 09:09:36,289 [WARNING:utdquake.bank.utils] Station GCI.KKFLS.130 not found in station metadata.
2026-05-05 09:09:36,330 [WARNING:utdquake.bank.utils] Station GCI.KKFLS.131 not found in station metadata.
2026-05-05 09:09:36,360 [WARNING:utdquake.bank.utils] Station GCI.KKFLS.132 not found in station metadata.
2026-05-05 09:09:36,392 [WARNING:utdquake.bank.utils] Station GCI.KKFLS.133 not found in station metadata.
2026-05-05 09:09:36,443 [WARNING:utdquake.bank.utils] Station GCI.KKFLS.134 not found in station metadata.
2026-05-05 09:09:36,477 [WARNING:utdquake.bank.utils] Station GCI.KKFLS.135 not found in station metadata.
2026-05-05 09:09:36,514 [WARNING:utdquake.bank.utils] Station GCI.KKFLS.137 not found in station metadata.
2026-05-05 09:09:36,549 [WARNING:utdquake.bank.utils] Station GCI.KKFLS.138 not found in station metadata.
2026-05-05 09:15:47,183 [INFO:utdquake.bank.utils] Processed origin smi:service.iris.edu/fdsnws/event/1/query?originid=49205070. Ready to update quality metrics.
2026-05-05 09:15:47,184 [INFO:utdquake.bank.utils] Updating quality metrics for origin smi:service.iris.edu/fdsnws/event/1/query?originid=49205070.
2026-05-05 09:15:47,189 [INFO:utdquake.bank.utils] Quality metrics updated for origin smi:service.iris.edu/fdsnws/event/1/query?originid=49205070.
2026-05-05 09:15:47,190 [INFO:utdquake.bank.utils] Updated quality metrics for origin smi:service.iris.edu/fdsnws/event/1/query?originid=49205070.
2026-05-05 09:15:47,191 [INFO:utdquake.bank.utils] Processing event smi:service.iris.edu/fdsnws/event/1/query?eventid=11766683 with origin smi:service.iris.edu/fdsnws/event/1/query?originid=49206078
2026-05-05 09:15:47,195 [WARNING:utdquake.bank.utils] Station GCI.KKFLS.104 not found in station metadata.
2026-05-05 09:15:47,236 [WARNING:utdquake.bank.utils] Station GCI.KKFLS.121 not found in station metadata.
2026-05-05 09:15:47,271 [WARNING:utdquake.bank.utils] Station GCI.KKFLS.122 not found in station metadata.
2026-05-05 09:15:47,313 [WARNING:utdquake.bank.utils] Station GCI.KKFLS.126 not found in station metadata.
2026-05-05 09:15:47,348 [WARNING:utdquake.bank.utils] Station GCI.KKFLS.133 not found in station metadata.
2026-05-05 09:15:47,384 [WARNING:utdquake.bank.utils] Station GCI.KKFLS.135 not found in station metadata.
2026-05-05 09:24:57,883 [INFO:utdquake.bank.utils] Processed origin smi:service.iris.edu/fdsnws/event/1/query?originid=49206078. Ready to update quality metrics.
2026-05-05 09:24:57,884 [INFO:utdquake.bank.utils] Updating quality metrics for origin smi:service.iris.edu/fdsnws/event/1/query?originid=49206078.
2026-05-05 09:24:57,889 [INFO:utdquake.bank.utils] Quality metrics updated for origin smi:service.iris.edu/fdsnws/event/1/query?originid=49206078.
2026-05-05 09:24:57,889 [INFO:utdquake.bank.utils] Updated quality metrics for origin smi:service.iris.edu/fdsnws/event/1/query?originid=49206078.
2026-05-05 09:24:57,890 [INFO:utdquake.bank.utils] Processing event smi:service.iris.edu/fdsnws/event/1/query?eventid=11766483 with origin smi:service.iris.edu/fdsnws/event/1/query?originid=49204971
2026-05-05 09:24:57,893 [WARNING:utdquake.bank.utils] Station GCI.KKFLS.100 not found in station metadata.
2026-05-05 09:24:57,935 [WARNING:utdquake.bank.utils] Station GCI.KKFLS.103 not found in station metadata.
2026-05-05 09:24:57,971 [WARNING:utdquake.bank.utils] Station GCI.KKFLS.104 not found in station metadata.
2026-05-05 09:24:58,013 [WARNING:utdquake.bank.utils] Station GCI.KKFLS.105 not found in station metadata.
2026-05-05 09:24:58,051 [WARNING:utdquake.bank.utils] Station GCI.KKFLS.108 not found in station metadata.
2026-05-05 09:24:58,088 [WARNING:utdquake.bank.utils] Station GCI.KKFLS.109 not found in station metadata.
2026-05-05 09:24:58,134 [WARNING:utdquake.bank.utils] Station GCI.KKFLS.110 not found in station metadata.
2026-05-05 09:24:58,171 [WARNING:utdquake.bank.utils] Station GCI.KKFLS.111 not found in station metadata.
2026-05-05 09:24:58,211 [WARNING:utdquake.bank.utils] Station GCI.KKFLS.112 not found in station metadata.
2026-05-05 09:24:58,248 [WARNING:utdquake.bank.utils] Station GCI.KKFLS.113 not found in station metadata.
2026-05-05 09:24:58,286 [WARNING:utdquake.bank.utils] Station GCI.KKFLS.114 not found in station metadata.
2026-05-05 09:24:58,326 [WARNING:utdquake.bank.utils] Station GCI.KKFLS.115 not found in station metadata.
2026-05-05 09:24:58,390 [WARNING:utdquake.bank.utils] Station GCI.KKFLS.116 not found in station metadata.
2026-05-05 09:24:58,431 [WARNING:utdquake.bank.utils] Station GCI.KKFLS.117 not found in station metadata.
2026-05-05 09:24:58,465 [WARNING:utdquake.bank.utils] Station GCI.KKFLS.118 not found in station metadata.
2026-05-05 09:24:58,502 [WARNING:utdquake.bank.utils] Station GCI.KKFLS.119 not found in station metadata.
2026-05-05 09:24:58,544 [WARNING:utdquake.bank.utils] Station GCI.KKFLS.120 not found in station metadata.
2026-05-05 09:24:58,582 [WARNING:utdquake.bank.utils] Station GCI.KKFLS.121 not found in station metadata.
2026-05-05 09:24:58,623 [WARNING:utdquake.bank.utils] Station GCI.KKFLS.122 not found in station metadata.
2026-05-05 09:24:58,658 [WARNING:utdquake.bank.utils] Station GCI.KKFLS.123 not found in station metadata.
2026-05-05 09:24:58,694 [WARNING:utdquake.bank.utils] Station GCI.KKFLS.124 not found in station metadata.
2026-05-05 09:24:58,745 [WARNING:utdquake.bank.utils] Station GCI.KKFLS.124 not found in station metadata.
2026-05-05 09:24:58,779 [WARNING:utdquake.bank.utils] Station GCI.KKFLS.125 not found in station metadata.
2026-05-05 09:24:58,824 [WARNING:utdquake.bank.utils] Station GCI.KKFLS.126 not found in station metadata.
2026-05-05 09:24:58,858 [WARNING:utdquake.bank.utils] Station GCI.KKFLS.127 not found in station metadata.
2026-05-05 09:24:58,894 [WARNING:utdquake.bank.utils] Station GCI.KKFLS.128 not found in station metadata.
2026-05-05 09:24:58,939 [WARNING:utdquake.bank.utils] Station GCI.KKFLS.129 not found in station metadata.
2026-05-05 09:24:58,977 [WARNING:utdquake.bank.utils] Station GCI.KKFLS.129 not found in station metadata.
2026-05-05 09:24:59,020 [WARNING:utdquake.bank.utils] Station GCI.KKFLS.130 not found in station metadata.
2026-05-05 09:24:59,058 [WARNING:utdquake.bank.utils] Station GCI.KKFLS.131 not found in station metadata.
2026-05-05 09:24:59,098 [WARNING:utdquake.bank.utils] Station GCI.KKFLS.134 not found in station metadata.
2026-05-05 09:24:59,140 [WARNING:utdquake.bank.utils] Station GCI.KKFLS.134 not found in station metadata.
2026-05-05 09:24:59,174 [WARNING:utdquake.bank.utils] Station GCI.KKFLS.135 not found in station metadata.
2026-05-05 09:24:59,215 [WARNING:utdquake.bank.utils] Station GCI.KKFLS.135 not found in station metadata.
2026-05-05 09:24:59,280 [WARNING:utdquake.bank.utils] Station GCI.KKFLS.137 not found in station metadata.
2026-05-05 09:24:59,323 [WARNING:utdquake.bank.utils] Station GCI.KKFLS.138 not found in station metadata.
2026-05-05 09:35:37,253 [INFO:utdquake.bank.utils] Processed origin smi:service.iris.edu/fdsnws/event/1/query?originid=49204971. Ready to update quality metrics.
2026-05-05 09:35:37,254 [INFO:utdquake.bank.utils] Updating quality metrics for origin smi:service.iris.edu/fdsnws/event/1/query?originid=49204971.
2026-05-05 09:35:37,260 [INFO:utdquake.bank.utils] Quality metrics updated for origin smi:service.iris.edu/fdsnws/event/1/query?originid=49204971.
2026-05-05 09:35:37,261 [INFO:utdquake.bank.utils] Updated quality metrics for origin smi:service.iris.edu/fdsnws/event/1/query?originid=49204971.
2026-05-05 09:35:37,262 [INFO:utdquake.bank.utils] Processing event smi:service.iris.edu/fdsnws/event/1/query?eventid=11766460 with origin smi:service.iris.edu/fdsnws/event/1/query?originid=49204769
2026-05-05 09:35:37,265 [WARNING:utdquake.bank.utils] Station GCI.KKFLS.101 not found in station metadata.
2026-05-05 09:35:37,301 [WARNING:utdquake.bank.utils] Station GCI.KKFLS.102 not found in station metadata.
2026-05-05 09:35:37,350 [WARNING:utdquake.bank.utils] Station GCI.KKFLS.103 not found in station metadata.
2026-05-05 09:35:37,385 [WARNING:utdquake.bank.utils] Station GCI.KKFLS.107 not found in station metadata.
2026-05-05 09:35:37,428 [WARNING:utdquake.bank.utils] Station GCI.KKFLS.107 not found in station metadata.
2026-05-05 09:35:37,464 [WARNING:utdquake.bank.utils] Station GCI.KKFLS.109 not found in station metadata.
2026-05-05 09:35:37,499 [WARNING:utdquake.bank.utils] Station GCI.KKFLS.109 not found in station metadata.
2026-05-05 09:35:37,541 [WARNING:utdquake.bank.utils] Station GCI.KKFLS.110 not found in station metadata.
2026-05-05 09:35:37,577 [WARNING:utdquake.bank.utils] Station GCI.KKFLS.110 not found in station metadata.
2026-05-05 09:35:37,619 [WARNING:utdquake.bank.utils] Station GCI.KKFLS.111 not found in station metadata.
2026-05-05 09:35:37,656 [WARNING:utdquake.bank.utils] Station GCI.KKFLS.111 not found in station metadata.
2026-05-05 09:35:37,690 [WARNING:utdquake.bank.utils] Station GCI.KKFLS.112 not found in station metadata.
2026-05-05 09:35:37,761 [WARNING:utdquake.bank.utils] Station GCI.KKFLS.112 not found in station metadata.
2026-05-05 09:35:37,793 [WARNING:utdquake.bank.utils] Station GCI.KKFLS.113 not found in station metadata.
2026-05-05 09:35:37,834 [WARNING:utdquake.bank.utils] Station GCI.KKFLS.113 not found in station metadata.
2026-05-05 09:35:37,868 [WARNING:utdquake.bank.utils] Station GCI.KKFLS.114 not found in station metadata.
2026-05-05 09:35:37,911 [WARNING:utdquake.bank.utils] Station GCI.KKFLS.114 not found in station metadata.
2026-05-05 09:35:37,946 [WARNING:utdquake.bank.utils] Station GCI.KKFLS.115 not found in station metadata.
2026-05-05 09:35:37,984 [WARNING:utdquake.bank.utils] Station GCI.KKFLS.116 not found in station metadata.
2026-05-05 09:35:38,026 [WARNING:utdquake.bank.utils] Station GCI.KKFLS.116 not found in station metadata.
2026-05-05 09:35:38,061 [WARNING:utdquake.bank.utils] Station GCI.KKFLS.117 not found in station metadata.
2026-05-05 09:35:38,099 [WARNING:utdquake.bank.utils] Station GCI.KKFLS.118 not found in station metadata.
2026-05-05 09:35:38,141 [WARNING:utdquake.bank.utils] Station GCI.KKFLS.119 not found in station metadata.
2026-05-05 09:35:38,178 [WARNING:utdquake.bank.utils] Station GCI.KKFLS.119 not found in station metadata.
2026-05-05 09:35:38,219 [WARNING:utdquake.bank.utils] Station GCI.KKFLS.120 not found in station metadata.
2026-05-05 09:35:38,256 [WARNING:utdquake.bank.utils] Station GCI.KKFLS.122 not found in station metadata.
2026-05-05 09:35:38,291 [WARNING:utdquake.bank.utils] Station GCI.KKFLS.123 not found in station metadata.
2026-05-05 09:35:38,333 [WARNING:utdquake.bank.utils] Station GCI.KKFLS.124 not found in station metadata.
2026-05-05 09:35:38,369 [WARNING:utdquake.bank.utils] Station GCI.KKFLS.125 not found in station metadata.
2026-05-05 09:35:38,410 [WARNING:utdquake.bank.utils] Station GCI.KKFLS.126 not found in station metadata.
2026-05-05 09:35:38,446 [WARNING:utdquake.bank.utils] Station GCI.KKFLS.127 not found in station metadata.
2026-05-05 09:35:38,482 [WARNING:utdquake.bank.utils] Station GCI.KKFLS.128 not found in station metadata.
2026-05-05 09:35:38,522 [WARNING:utdquake.bank.utils] Station GCI.KKFLS.129 not found in station metadata.
2026-05-05 09:35:38,558 [WARNING:utdquake.bank.utils] Station GCI.KKFLS.130 not found in station metadata.
2026-05-05 09:35:38,594 [WARNING:utdquake.bank.utils] Station GCI.KKFLS.131 not found in station metadata.
2026-05-05 09:35:38,635 [WARNING:utdquake.bank.utils] Station GCI.KKFLS.132 not found in station metadata.
2026-05-05 09:35:38,671 [WARNING:utdquake.bank.utils] Station GCI.KKFLS.133 not found in station metadata.
2026-05-05 09:35:38,721 [WARNING:utdquake.bank.utils] Station GCI.KKFLS.134 not found in station metadata.
2026-05-05 09:35:38,757 [WARNING:utdquake.bank.utils] Station GCI.KKFLS.135 not found in station metadata.
2026-05-05 09:48:01,692 [INFO:utdquake.bank.utils] Processed origin smi:service.iris.edu/fdsnws/event/1/query?originid=49204769. Ready to update quality metrics.
2026-05-05 09:48:01,693 [INFO:utdquake.bank.utils] Updating quality metrics for origin smi:service.iris.edu/fdsnws/event/1/query?originid=49204769.
2026-05-05 09:48:01,699 [INFO:utdquake.bank.utils] Quality metrics updated for origin smi:service.iris.edu/fdsnws/event/1/query?originid=49204769.
2026-05-05 09:48:01,699 [INFO:utdquake.bank.utils] Updated quality metrics for origin smi:service.iris.edu/fdsnws/event/1/query?originid=49204769.
2026-05-05 09:48:01,700 [INFO:utdquake.bank.utils] Finishing to process 4 events in catalog oHzSju62.
2026-05-05 09:48:32,530 [INFO:utdquake.bank] Saved 4 events of 4 possible in chunk id 0   from 2023-11-10 04:43:30.917000 to 2023-11-11 04:43:30.917000 in /groups/igonin/ecastillo/UTDQuake_test/bank/GCI
2026-05-05 09:48:32,531 [INFO:utdquake.bank] Creating stations summary based on the events in the event bank at /groups/igonin/ecastillo/UTDQuake_test/bank/GCI/.stations
2026-05-05 09:48:32,550 [INFO:utdquake.bank.utils] Found 15000 station databases in /groups/igonin/ecastillo/UTDQuake_test/.utdquake/db/stations/.stations.
2026-05-05 09:54:53,169 [INFO:utdquake.bank] Updating stations summary in the event bank at /groups/igonin/ecastillo/UTDQuake_test/bank/GCI
2026-05-05 09:54:53,440 [INFO:utdquake.bank] Stations summary updated successfully.
2026-05-05 09:54:53,441 [INFO:utdquake.bank.utils] [1/10] Fetching events forward 2023-11-11T04:43:30.917000Z to 2023-11-12T04:43:30.917000Z...
2026-05-05 09:54:53,497 [INFO:utdquake.bank.utils] Restarting patience counter after successful fetch.
2026-05-05 09:54:54,060 [INFO:utdquake.bank] Chunk id: 0   initiated | Time range: 2023-11-11 04:43:30.917000 - 2023-11-12 04:43:30.917000 | Chunk creation time: 2026-05-05 09:54:54.059992
2026-05-05 09:54:54,061 [INFO:utdquake.bank.utils] Starting to process 0 events in catalog DThCn4i9. (This id is created just for logging purposes)
2026-05-05 09:54:54,061 [INFO:utdquake.bank.utils] Finishing to process 0 events in catalog DThCn4i9.
2026-05-05 09:54:54,677 [INFO:utdquake.bank] Saved 0 events of 0 possible in chunk id 0   from 2023-11-11 04:43:30.917000 to 2023-11-12 04:43:30.917000 in /groups/igonin/ecastillo/UTDQuake_test/bank/GCI
2026-05-05 09:54:54,677 [INFO:utdquake.bank] Creating stations summary based on the events in the event bank at /groups/igonin/ecastillo/UTDQuake_test/bank/GCI/.stations
2026-05-05 09:54:54,696 [INFO:utdquake.bank.utils] Found 15000 station databases in /groups/igonin/ecastillo/UTDQuake_test/.utdquake/db/stations/.stations.
2026-05-05 10:01:14,509 [INFO:utdquake.bank] Updating stations summary in the event bank at /groups/igonin/ecastillo/UTDQuake_test/bank/GCI
2026-05-05 10:01:14,670 [INFO:utdquake.bank] Stations summary updated successfully.
2026-05-05 10:01:14,670 [INFO:utdquake.bank.utils] [1/10] Fetching events forward 2023-11-12T04:43:30.917000Z to 2023-11-13T04:43:30.917000Z...
2026-05-05 10:01:23,460 [INFO:utdquake.bank.utils] Restarting patience counter after successful fetch.
2026-05-05 10:01:23,461 [INFO:utdquake.bank] Chunk id: 0   initiated | Time range: 2023-11-12 04:43:30.917000 - 2023-11-13 04:43:30.917000 | Chunk creation time: 2026-05-05 10:01:23.461241
2026-05-05 10:01:23,461 [INFO:utdquake.bank.utils] Starting to process 1 events in catalog 1Xsi5biU. (This id is created just for logging purposes)
2026-05-05 10:01:23,462 [INFO:utdquake.bank.utils] Processing event smi:service.iris.edu/fdsnws/event/1/query?eventid=11767151 with origin smi:service.iris.edu/fdsnws/event/1/query?originid=49212418
2026-05-05 10:01:23,466 [WARNING:utdquake.bank.utils] Station GCI.KKFLS.100 not found in station metadata.
2026-05-05 10:01:23,508 [WARNING:utdquake.bank.utils] Station GCI.KKFLS.100 not found in station metadata.
2026-05-05 10:01:23,543 [WARNING:utdquake.bank.utils] Station GCI.KKFLS.101 not found in station metadata.
2026-05-05 10:01:23,576 [WARNING:utdquake.bank.utils] Station GCI.KKFLS.102 not found in station metadata.
2026-05-05 10:01:23,616 [WARNING:utdquake.bank.utils] Station GCI.KKFLS.103 not found in station metadata.
2026-05-05 10:01:23,653 [WARNING:utdquake.bank.utils] Station GCI.KKFLS.104 not found in station metadata.
2026-05-05 10:01:23,685 [WARNING:utdquake.bank.utils] Station GCI.KKFLS.105 not found in station metadata.
2026-05-05 10:01:23,726 [WARNING:utdquake.bank.utils] Station GCI.KKFLS.106 not found in station metadata.
2026-05-05 10:01:23,771 [WARNING:utdquake.bank.utils] Station GCI.KKFLS.107 not found in station metadata.
2026-05-05 10:01:23,810 [WARNING:utdquake.bank.utils] Station GCI.KKFLS.107 not found in station metadata.
2026-05-05 10:01:23,850 [WARNING:utdquake.bank.utils] Station GCI.KKFLS.108 not found in station metadata.
2026-05-05 10:01:23,885 [WARNING:utdquake.bank.utils] Station GCI.KKFLS.108 not found in station metadata.
2026-05-05 10:01:23,925 [WARNING:utdquake.bank.utils] Station GCI.KKFLS.109 not found in station metadata.
2026-05-05 10:01:23,960 [WARNING:utdquake.bank.utils] Station GCI.KKFLS.109 not found in station metadata.
2026-05-05 10:01:23,995 [WARNING:utdquake.bank.utils] Station GCI.KKFLS.110 not found in station metadata.
2026-05-05 10:01:24,036 [WARNING:utdquake.bank.utils] Station GCI.KKFLS.110 not found in station metadata.
2026-05-05 10:01:24,071 [WARNING:utdquake.bank.utils] Station GCI.KKFLS.111 not found in station metadata.
2026-05-05 10:01:24,111 [WARNING:utdquake.bank.utils] Station GCI.KKFLS.111 not found in station metadata.
2026-05-05 10:01:24,157 [WARNING:utdquake.bank.utils] Station GCI.KKFLS.112 not found in station metadata.
2026-05-05 10:01:24,192 [WARNING:utdquake.bank.utils] Station GCI.KKFLS.112 not found in station metadata.
2026-05-05 10:01:24,231 [WARNING:utdquake.bank.utils] Station GCI.KKFLS.113 not found in station metadata.
2026-05-05 10:01:24,265 [WARNING:utdquake.bank.utils] Station GCI.KKFLS.113 not found in station metadata.
2026-05-05 10:01:24,298 [WARNING:utdquake.bank.utils] Station GCI.KKFLS.114 not found in station metadata.
2026-05-05 10:01:24,338 [WARNING:utdquake.bank.utils] Station GCI.KKFLS.114 not found in station metadata.
2026-05-05 10:01:24,374 [WARNING:utdquake.bank.utils] Station GCI.KKFLS.115 not found in station metadata.
2026-05-05 10:01:24,413 [WARNING:utdquake.bank.utils] Station GCI.KKFLS.115 not found in station metadata.
2026-05-05 10:01:24,446 [WARNING:utdquake.bank.utils] Station GCI.KKFLS.116 not found in station metadata.
2026-05-05 10:01:24,484 [WARNING:utdquake.bank.utils] Station GCI.KKFLS.116 not found in station metadata.
2026-05-05 10:01:24,538 [WARNING:utdquake.bank.utils] Station GCI.KKFLS.117 not found in station metadata.
2026-05-05 10:01:24,572 [WARNING:utdquake.bank.utils] Station GCI.KKFLS.118 not found in station metadata.
2026-05-05 10:01:24,611 [WARNING:utdquake.bank.utils] Station GCI.KKFLS.119 not found in station metadata.
2026-05-05 10:01:24,649 [WARNING:utdquake.bank.utils] Station GCI.KKFLS.119 not found in station metadata.
2026-05-05 10:01:24,682 [WARNING:utdquake.bank.utils] Station GCI.KKFLS.120 not found in station metadata.
2026-05-05 10:01:24,721 [WARNING:utdquake.bank.utils] Station GCI.KKFLS.120 not found in station metadata.
2026-05-05 10:01:24,756 [WARNING:utdquake.bank.utils] Station GCI.KKFLS.121 not found in station metadata.
2026-05-05 10:01:24,792 [WARNING:utdquake.bank.utils] Station GCI.KKFLS.121 not found in station metadata.
2026-05-05 10:01:24,831 [WARNING:utdquake.bank.utils] Station GCI.KKFLS.122 not found in station metadata.
2026-05-05 10:01:24,866 [WARNING:utdquake.bank.utils] Station GCI.KKFLS.122 not found in station metadata.
2026-05-05 10:01:24,916 [WARNING:utdquake.bank.utils] Station GCI.KKFLS.123 not found in station metadata.
2026-05-05 10:01:24,949 [WARNING:utdquake.bank.utils] Station GCI.KKFLS.124 not found in station metadata.
2026-05-05 10:01:24,984 [WARNING:utdquake.bank.utils] Station GCI.KKFLS.124 not found in station metadata.
2026-05-05 10:01:25,025 [WARNING:utdquake.bank.utils] Station GCI.KKFLS.125 not found in station metadata.
2026-05-05 10:01:25,061 [WARNING:utdquake.bank.utils] Station GCI.KKFLS.125 not found in station metadata.
2026-05-05 10:01:25,097 [WARNING:utdquake.bank.utils] Station GCI.KKFLS.126 not found in station metadata.
2026-05-05 10:01:25,136 [WARNING:utdquake.bank.utils] Station GCI.KKFLS.126 not found in station metadata.
2026-05-05 10:01:25,171 [WARNING:utdquake.bank.utils] Station GCI.KKFLS.127 not found in station metadata.
2026-05-05 10:01:25,209 [WARNING:utdquake.bank.utils] Station GCI.KKFLS.129 not found in station metadata.
2026-05-05 10:01:25,244 [WARNING:utdquake.bank.utils] Station GCI.KKFLS.130 not found in station metadata.
2026-05-05 10:01:25,291 [WARNING:utdquake.bank.utils] Station GCI.KKFLS.130 not found in station metadata.
2026-05-05 10:01:25,330 [WARNING:utdquake.bank.utils] Station GCI.KKFLS.131 not found in station metadata.
2026-05-05 10:01:25,364 [WARNING:utdquake.bank.utils] Station GCI.KKFLS.131 not found in station metadata.
2026-05-05 10:01:25,399 [WARNING:utdquake.bank.utils] Station GCI.KKFLS.132 not found in station metadata.
2026-05-05 10:01:25,438 [WARNING:utdquake.bank.utils] Station GCI.KKFLS.132 not found in station metadata.
2026-05-05 10:01:25,473 [WARNING:utdquake.bank.utils] Station GCI.KKFLS.133 not found in station metadata.
2026-05-05 10:01:25,514 [WARNING:utdquake.bank.utils] Station GCI.KKFLS.133 not found in station metadata.
2026-05-05 10:01:25,547 [WARNING:utdquake.bank.utils] Station GCI.KKFLS.134 not found in station metadata.
2026-05-05 10:01:25,583 [WARNING:utdquake.bank.utils] Station GCI.KKFLS.134 not found in station metadata.
2026-05-05 10:01:25,623 [WARNING:utdquake.bank.utils] Station GCI.KKFLS.135 not found in station metadata.
2026-05-05 10:01:25,670 [WARNING:utdquake.bank.utils] Station GCI.KKFLS.135 not found in station metadata.
2026-05-05 10:01:25,710 [WARNING:utdquake.bank.utils] Station GCI.KKFLS.136 not found in station metadata.
2026-05-05 10:01:25,746 [WARNING:utdquake.bank.utils] Station GCI.KKFLS.137 not found in station metadata.
2026-05-05 10:01:25,782 [WARNING:utdquake.bank.utils] Station GCI.KKFLS.137 not found in station metadata.
2026-05-05 10:01:25,826 [WARNING:utdquake.bank.utils] Station GCI.KKFLS.138 not found in station metadata.
2026-05-05 10:15:36,423 [INFO:utdquake.bank.utils] Processed origin smi:service.iris.edu/fdsnws/event/1/query?originid=49212418. Ready to update quality metrics.
2026-05-05 10:15:36,424 [INFO:utdquake.bank.utils] Updating quality metrics for origin smi:service.iris.edu/fdsnws/event/1/query?originid=49212418.
2026-05-05 10:15:36,431 [INFO:utdquake.bank.utils] Quality metrics updated for origin smi:service.iris.edu/fdsnws/event/1/query?originid=49212418.
2026-05-05 10:15:36,432 [INFO:utdquake.bank.utils] Updated quality metrics for origin smi:service.iris.edu/fdsnws/event/1/query?originid=49212418.
2026-05-05 10:15:36,432 [INFO:utdquake.bank.utils] Finishing to process 1 events in catalog 1Xsi5biU.
2026-05-05 10:15:48,472 [INFO:utdquake.bank] Saved 1 events of 1 possible in chunk id 0   from 2023-11-12 04:43:30.917000 to 2023-11-13 04:43:30.917000 in /groups/igonin/ecastillo/UTDQuake_test/bank/GCI
2026-05-05 10:15:48,472 [INFO:utdquake.bank] Creating stations summary based on the events in the event bank at /groups/igonin/ecastillo/UTDQuake_test/bank/GCI/.stations
2026-05-05 10:15:48,490 [INFO:utdquake.bank.utils] Found 15000 station databases in /groups/igonin/ecastillo/UTDQuake_test/.utdquake/db/stations/.stations.
2026-05-05 10:22:05,816 [INFO:utdquake.bank] Updating stations summary in the event bank at /groups/igonin/ecastillo/UTDQuake_test/bank/GCI
2026-05-05 10:22:06,042 [INFO:utdquake.bank] Stations summary updated successfully.
2026-05-05 10:22:06,043 [INFO:utdquake.bank.utils] [1/10] Fetching events forward 2023-11-13T04:43:30.917000Z to 2023-11-14T04:43:30.917000Z...
2026-05-05 10:22:21,415 [INFO:utdquake.bank.utils] Restarting patience counter after successful fetch.
2026-05-05 10:22:21,561 [INFO:utdquake.bank] Chunk id: 0   initiated | Time range: 2023-11-13 04:43:30.917000 - 2023-11-14 04:43:30.917000 | Chunk creation time: 2026-05-05 10:22:21.561584
2026-05-05 10:22:21,562 [INFO:utdquake.bank.utils] Starting to process 2 events in catalog kcXEbjYC. (This id is created just for logging purposes)
2026-05-05 10:22:21,562 [INFO:utdquake.bank.utils] Processing event smi:service.iris.edu/fdsnws/event/1/query?eventid=11767623 with origin smi:service.iris.edu/fdsnws/event/1/query?originid=49219719
2026-05-05 10:22:21,566 [WARNING:utdquake.bank.utils] Station GCI.KKFLS.103 not found in station metadata.
2026-05-05 10:22:21,613 [WARNING:utdquake.bank.utils] Station GCI.KKFLS.104 not found in station metadata.
2026-05-05 10:22:21,650 [WARNING:utdquake.bank.utils] Station GCI.KKFLS.105 not found in station metadata.
2026-05-05 10:22:21,685 [WARNING:utdquake.bank.utils] Station GCI.KKFLS.106 not found in station metadata.
2026-05-05 10:22:21,726 [WARNING:utdquake.bank.utils] Station GCI.KKFLS.107 not found in station metadata.
2026-05-05 10:22:21,758 [WARNING:utdquake.bank.utils] Station GCI.KKFLS.109 not found in station metadata.
2026-05-05 10:22:21,791 [WARNING:utdquake.bank.utils] Station GCI.KKFLS.110 not found in station metadata.
2026-05-05 10:22:21,831 [WARNING:utdquake.bank.utils] Station GCI.KKFLS.113 not found in station metadata.
2026-05-05 10:22:21,865 [WARNING:utdquake.bank.utils] Station GCI.KKFLS.114 not found in station metadata.
2026-05-05 10:22:21,899 [WARNING:utdquake.bank.utils] Station GCI.KKFLS.115 not found in station metadata.
2026-05-05 10:22:21,940 [WARNING:utdquake.bank.utils] Station GCI.KKFLS.116 not found in station metadata.
2026-05-05 10:22:21,976 [WARNING:utdquake.bank.utils] Station GCI.KKFLS.116 not found in station metadata.
2026-05-05 10:22:22,014 [WARNING:utdquake.bank.utils] Station GCI.KKFLS.123 not found in station metadata.
2026-05-05 10:22:22,048 [WARNING:utdquake.bank.utils] Station GCI.KKFLS.124 not found in station metadata.
2026-05-05 10:22:22,083 [WARNING:utdquake.bank.utils] Station GCI.KKFLS.127 not found in station metadata.
2026-05-05 10:22:22,145 [WARNING:utdquake.bank.utils] Station GCI.KKFLS.128 not found in station metadata.
2026-05-05 10:22:22,179 [WARNING:utdquake.bank.utils] Station GCI.KKFLS.131 not found in station metadata.
2026-05-05 10:32:17,353 [INFO:utdquake.bank.utils] Processed origin smi:service.iris.edu/fdsnws/event/1/query?originid=49219719. Ready to update quality metrics.
2026-05-05 10:32:17,354 [INFO:utdquake.bank.utils] Updating quality metrics for origin smi:service.iris.edu/fdsnws/event/1/query?originid=49219719.
2026-05-05 10:32:17,361 [INFO:utdquake.bank.utils] Quality metrics updated for origin smi:service.iris.edu/fdsnws/event/1/query?originid=49219719.
2026-05-05 10:32:17,361 [INFO:utdquake.bank.utils] Updated quality metrics for origin smi:service.iris.edu/fdsnws/event/1/query?originid=49219719.
2026-05-05 10:32:17,362 [INFO:utdquake.bank.utils] Processing event smi:service.iris.edu/fdsnws/event/1/query?eventid=11767348 with origin smi:service.iris.edu/fdsnws/event/1/query?originid=49216268
2026-05-05 10:32:17,366 [WARNING:utdquake.bank.utils] Station GCI.KKFLS.100 not found in station metadata.
2026-05-05 10:32:17,412 [WARNING:utdquake.bank.utils] Station GCI.KKFLS.103 not found in station metadata.
2026-05-05 10:32:17,450 [WARNING:utdquake.bank.utils] Station GCI.KKFLS.105 not found in station metadata.
2026-05-05 10:32:17,490 [WARNING:utdquake.bank.utils] Station GCI.KKFLS.106 not found in station metadata.
2026-05-05 10:32:17,535 [WARNING:utdquake.bank.utils] Station GCI.KKFLS.108 not found in station metadata.
2026-05-05 10:32:17,571 [WARNING:utdquake.bank.utils] Station GCI.KKFLS.109 not found in station metadata.
2026-05-05 10:32:17,615 [WARNING:utdquake.bank.utils] Station GCI.KKFLS.109 not found in station metadata.
2026-05-05 10:32:17,651 [WARNING:utdquake.bank.utils] Station GCI.KKFLS.110 not found in station metadata.
2026-05-05 10:32:17,690 [WARNING:utdquake.bank.utils] Station GCI.KKFLS.110 not found in station metadata.
2026-05-05 10:32:17,760 [WARNING:utdquake.bank.utils] Station GCI.KKFLS.111 not found in station metadata.
2026-05-05 10:32:17,800 [WARNING:utdquake.bank.utils] Station GCI.KKFLS.111 not found in station metadata.
2026-05-05 10:32:17,841 [WARNING:utdquake.bank.utils] Station GCI.KKFLS.112 not found in station metadata.
2026-05-05 10:32:17,878 [WARNING:utdquake.bank.utils] Station GCI.KKFLS.112 not found in station metadata.
2026-05-05 10:32:17,921 [WARNING:utdquake.bank.utils] Station GCI.KKFLS.113 not found in station metadata.
2026-05-05 10:32:17,960 [WARNING:utdquake.bank.utils] Station GCI.KKFLS.113 not found in station metadata.
2026-05-05 10:32:17,996 [WARNING:utdquake.bank.utils] Station GCI.KKFLS.114 not found in station metadata.
2026-05-05 10:32:18,040 [WARNING:utdquake.bank.utils] Station GCI.KKFLS.114 not found in station metadata.
2026-05-05 10:32:18,077 [WARNING:utdquake.bank.utils] Station GCI.KKFLS.115 not found in station metadata.
2026-05-05 10:32:18,122 [WARNING:utdquake.bank.utils] Station GCI.KKFLS.115 not found in station metadata.
2026-05-05 10:32:18,160 [WARNING:utdquake.bank.utils] Station GCI.KKFLS.116 not found in station metadata.
2026-05-05 10:32:18,200 [WARNING:utdquake.bank.utils] Station GCI.KKFLS.116 not found in station metadata.
2026-05-05 10:32:18,245 [WARNING:utdquake.bank.utils] Station GCI.KKFLS.117 not found in station metadata.
2026-05-05 10:32:18,285 [WARNING:utdquake.bank.utils] Station GCI.KKFLS.117 not found in station metadata.
2026-05-05 10:32:18,327 [WARNING:utdquake.bank.utils] Station GCI.KKFLS.118 not found in station metadata.
2026-05-05 10:32:18,367 [WARNING:utdquake.bank.utils] Station GCI.KKFLS.118 not found in station metadata.
2026-05-05 10:32:18,411 [WARNING:utdquake.bank.utils] Station GCI.KKFLS.119 not found in station metadata.
2026-05-05 10:32:18,450 [WARNING:utdquake.bank.utils] Station GCI.KKFLS.119 not found in station metadata.
2026-05-05 10:32:18,488 [WARNING:utdquake.bank.utils] Station GCI.KKFLS.120 not found in station metadata.
2026-05-05 10:32:18,532 [WARNING:utdquake.bank.utils] Station GCI.KKFLS.120 not found in station metadata.
2026-05-05 10:32:18,601 [WARNING:utdquake.bank.utils] Station GCI.KKFLS.121 not found in station metadata.
2026-05-05 10:32:18,658 [WARNING:utdquake.bank.utils] Station GCI.KKFLS.121 not found in station metadata.
2026-05-05 10:32:18,696 [WARNING:utdquake.bank.utils] Station GCI.KKFLS.122 not found in station metadata.
2026-05-05 10:32:18,741 [WARNING:utdquake.bank.utils] Station GCI.KKFLS.122 not found in station metadata.
2026-05-05 10:32:18,776 [WARNING:utdquake.bank.utils] Station GCI.KKFLS.123 not found in station metadata.
2026-05-05 10:32:18,820 [WARNING:utdquake.bank.utils] Station GCI.KKFLS.123 not found in station metadata.
2026-05-05 10:32:18,857 [WARNING:utdquake.bank.utils] Station GCI.KKFLS.124 not found in station metadata.
2026-05-05 10:32:18,896 [WARNING:utdquake.bank.utils] Station GCI.KKFLS.124 not found in station metadata.
2026-05-05 10:32:18,937 [WARNING:utdquake.bank.utils] Station GCI.KKFLS.125 not found in station metadata.
2026-05-05 10:32:18,977 [WARNING:utdquake.bank.utils] Station GCI.KKFLS.125 not found in station metadata.
2026-05-05 10:32:19,037 [WARNING:utdquake.bank.utils] Station GCI.KKFLS.126 not found in station metadata.
2026-05-05 10:32:19,077 [WARNING:utdquake.bank.utils] Station GCI.KKFLS.126 not found in station metadata.
2026-05-05 10:32:19,119 [WARNING:utdquake.bank.utils] Station GCI.KKFLS.127 not found in station metadata.
2026-05-05 10:32:19,161 [WARNING:utdquake.bank.utils] Station GCI.KKFLS.127 not found in station metadata.
2026-05-05 10:32:19,197 [WARNING:utdquake.bank.utils] Station GCI.KKFLS.128 not found in station metadata.
2026-05-05 10:32:19,242 [WARNING:utdquake.bank.utils] Station GCI.KKFLS.128 not found in station metadata.
2026-05-05 10:32:19,279 [WARNING:utdquake.bank.utils] Station GCI.KKFLS.129 not found in station metadata.
2026-05-05 10:32:19,325 [WARNING:utdquake.bank.utils] Station GCI.KKFLS.129 not found in station metadata.
2026-05-05 10:32:19,366 [WARNING:utdquake.bank.utils] Station GCI.KKFLS.130 not found in station metadata.
2026-05-05 10:32:19,412 [WARNING:utdquake.bank.utils] Station GCI.KKFLS.130 not found in station metadata.
2026-05-05 10:32:19,450 [WARNING:utdquake.bank.utils] Station GCI.KKFLS.131 not found in station metadata.
2026-05-05 10:32:19,490 [WARNING:utdquake.bank.utils] Station GCI.KKFLS.131 not found in station metadata.
2026-05-05 10:32:19,534 [WARNING:utdquake.bank.utils] Station GCI.KKFLS.133 not found in station metadata.
2026-05-05 10:32:19,575 [WARNING:utdquake.bank.utils] Station GCI.KKFLS.133 not found in station metadata.
2026-05-05 10:32:19,617 [WARNING:utdquake.bank.utils] Station GCI.KKFLS.137 not found in station metadata.
2026-05-05 10:32:19,656 [WARNING:utdquake.bank.utils] Station GCI.KKFLS.137 not found in station metadata.
2026-05-05 10:32:19,693 [WARNING:utdquake.bank.utils] Station GCI.KKFLS.138 not found in station metadata.
2026-05-05 10:32:19,738 [WARNING:utdquake.bank.utils] Station GCI.KKFLS.138 not found in station metadata.
2026-05-05 10:46:11,613 [INFO:utdquake.bank.utils] Processed origin smi:service.iris.edu/fdsnws/event/1/query?originid=49216268. Ready to update quality metrics.
2026-05-05 10:46:11,614 [INFO:utdquake.bank.utils] Updating quality metrics for origin smi:service.iris.edu/fdsnws/event/1/query?originid=49216268.
2026-05-05 10:46:11,619 [INFO:utdquake.bank.utils] Quality metrics updated for origin smi:service.iris.edu/fdsnws/event/1/query?originid=49216268.
2026-05-05 10:46:11,620 [INFO:utdquake.bank.utils] Updated quality metrics for origin smi:service.iris.edu/fdsnws/event/1/query?originid=49216268.
2026-05-05 10:46:11,621 [INFO:utdquake.bank.utils] Finishing to process 2 events in catalog kcXEbjYC.
2026-05-05 10:46:30,676 [INFO:utdquake.bank] Saved 2 events of 2 possible in chunk id 0   from 2023-11-13 04:43:30.917000 to 2023-11-14 04:43:30.917000 in /groups/igonin/ecastillo/UTDQuake_test/bank/GCI
2026-05-05 10:46:30,676 [INFO:utdquake.bank] Creating stations summary based on the events in the event bank at /groups/igonin/ecastillo/UTDQuake_test/bank/GCI/.stations
2026-05-05 10:46:30,694 [INFO:utdquake.bank.utils] Found 15000 station databases in /groups/igonin/ecastillo/UTDQuake_test/.utdquake/db/stations/.stations.
2026-05-05 10:52:55,033 [INFO:utdquake.bank] Updating stations summary in the event bank at /groups/igonin/ecastillo/UTDQuake_test/bank/GCI
2026-05-05 10:52:55,277 [INFO:utdquake.bank] Stations summary updated successfully.
2026-05-05 10:52:55,278 [INFO:utdquake.bank.utils] [1/10] Fetching events forward 2023-11-14T04:43:30.917000Z to 2023-11-15T04:43:30.917000Z...
2026-05-05 10:53:20,014 [INFO:utdquake.bank.utils] Restarting patience counter after successful fetch.
2026-05-05 10:53:20,333 [INFO:utdquake.bank] Chunk id: 0   initiated | Time range: 2023-11-14 04:43:30.917000 - 2023-11-15 04:43:30.917000 | Chunk creation time: 2026-05-05 10:53:20.333034
2026-05-05 10:53:20,333 [INFO:utdquake.bank.utils] Starting to process 3 events in catalog EAEmumBH. (This id is created just for logging purposes)
2026-05-05 10:53:20,334 [INFO:utdquake.bank.utils] Processing event smi:service.iris.edu/fdsnws/event/1/query?eventid=11767761 with origin smi:service.iris.edu/fdsnws/event/1/query?originid=49221870
2026-05-05 10:53:20,339 [WARNING:utdquake.bank.utils] Station GCI.KKFLS.101 not found in station metadata.
2026-05-05 10:53:20,376 [WARNING:utdquake.bank.utils] Station GCI.KKFLS.104 not found in station metadata.
2026-05-05 10:53:20,414 [WARNING:utdquake.bank.utils] Station GCI.KKFLS.105 not found in station metadata.
2026-05-05 10:53:20,447 [WARNING:utdquake.bank.utils] Station GCI.KKFLS.106 not found in station metadata.
2026-05-05 10:53:20,482 [WARNING:utdquake.bank.utils] Station GCI.KKFLS.107 not found in station metadata.
2026-05-05 10:53:20,522 [WARNING:utdquake.bank.utils] Station GCI.KKFLS.108 not found in station metadata.
2026-05-05 10:53:20,556 [WARNING:utdquake.bank.utils] Station GCI.KKFLS.109 not found in station metadata.
2026-05-05 10:53:20,590 [WARNING:utdquake.bank.utils] Station GCI.KKFLS.109 not found in station metadata.
2026-05-05 10:53:20,628 [WARNING:utdquake.bank.utils] Station GCI.KKFLS.110 not found in station metadata.
2026-05-05 10:53:20,661 [WARNING:utdquake.bank.utils] Station GCI.KKFLS.110 not found in station metadata.
2026-05-05 10:53:20,695 [WARNING:utdquake.bank.utils] Station GCI.KKFLS.111 not found in station metadata.
2026-05-05 10:53:20,737 [WARNING:utdquake.bank.utils] Station GCI.KKFLS.111 not found in station metadata.
2026-05-05 10:53:20,769 [WARNING:utdquake.bank.utils] Station GCI.KKFLS.112 not found in station metadata.
2026-05-05 10:53:20,802 [WARNING:utdquake.bank.utils] Station GCI.KKFLS.113 not found in station metadata.
2026-05-05 10:53:20,839 [WARNING:utdquake.bank.utils] Station GCI.KKFLS.114 not found in station metadata.
2026-05-05 10:53:20,895 [WARNING:utdquake.bank.utils] Station GCI.KKFLS.115 not found in station metadata.
2026-05-05 10:53:20,936 [WARNING:utdquake.bank.utils] Station GCI.KKFLS.116 not found in station metadata.
2026-05-05 10:53:20,997 [WARNING:utdquake.bank.utils] Station GCI.KKFLS.117 not found in station metadata.
2026-05-05 10:53:21,036 [WARNING:utdquake.bank.utils] Station GCI.KKFLS.118 not found in station metadata.
2026-05-05 10:53:21,069 [WARNING:utdquake.bank.utils] Station GCI.KKFLS.119 not found in station metadata.
2026-05-05 10:53:21,102 [WARNING:utdquake.bank.utils] Station GCI.KKFLS.120 not found in station metadata.
2026-05-05 10:53:21,145 [WARNING:utdquake.bank.utils] Station GCI.KKFLS.121 not found in station metadata.
2026-05-05 10:53:21,178 [WARNING:utdquake.bank.utils] Station GCI.KKFLS.122 not found in station metadata.
2026-05-05 10:53:21,216 [WARNING:utdquake.bank.utils] Station GCI.KKFLS.123 not found in station metadata.
2026-05-05 10:53:21,249 [WARNING:utdquake.bank.utils] Station GCI.KKFLS.124 not found in station metadata.
2026-05-05 10:53:21,283 [WARNING:utdquake.bank.utils] Station GCI.KKFLS.125 not found in station metadata.
2026-05-05 10:53:21,322 [WARNING:utdquake.bank.utils] Station GCI.KKFLS.126 not found in station metadata.
2026-05-05 10:53:21,356 [WARNING:utdquake.bank.utils] Station GCI.KKFLS.127 not found in station metadata.
2026-05-05 10:53:21,390 [WARNING:utdquake.bank.utils] Station GCI.KKFLS.128 not found in station metadata.
2026-05-05 10:53:21,432 [WARNING:utdquake.bank.utils] Station GCI.KKFLS.128 not found in station metadata.
2026-05-05 10:53:21,466 [WARNING:utdquake.bank.utils] Station GCI.KKFLS.129 not found in station metadata.
2026-05-05 10:53:21,524 [WARNING:utdquake.bank.utils] Station GCI.KKFLS.130 not found in station metadata.
2026-05-05 10:53:21,556 [WARNING:utdquake.bank.utils] Station GCI.KKFLS.130 not found in station metadata.
2026-05-05 10:53:21,593 [WARNING:utdquake.bank.utils] Station GCI.KKFLS.131 not found in station metadata.
2026-05-05 10:53:21,632 [WARNING:utdquake.bank.utils] Station GCI.KKFLS.132 not found in station metadata.
2026-05-05 10:53:21,666 [WARNING:utdquake.bank.utils] Station GCI.KKFLS.133 not found in station metadata.
2026-05-05 10:53:21,701 [WARNING:utdquake.bank.utils] Station GCI.KKFLS.134 not found in station metadata.
2026-05-05 10:53:21,745 [WARNING:utdquake.bank.utils] Station GCI.KKFLS.136 not found in station metadata.
2026-05-05 10:53:21,779 [WARNING:utdquake.bank.utils] Station GCI.KKFLS.138 not found in station metadata.
2026-05-05 11:01:36,136 [INFO:utdquake.bank.utils] Processed origin smi:service.iris.edu/fdsnws/event/1/query?originid=49221870. Ready to update quality metrics.
2026-05-05 11:01:36,137 [INFO:utdquake.bank.utils] Updating quality metrics for origin smi:service.iris.edu/fdsnws/event/1/query?originid=49221870.
2026-05-05 11:01:36,143 [INFO:utdquake.bank.utils] Quality metrics updated for origin smi:service.iris.edu/fdsnws/event/1/query?originid=49221870.
2026-05-05 11:01:36,143 [INFO:utdquake.bank.utils] Updated quality metrics for origin smi:service.iris.edu/fdsnws/event/1/query?originid=49221870.
2026-05-05 11:01:36,144 [INFO:utdquake.bank.utils] Processing event smi:service.iris.edu/fdsnws/event/1/query?eventid=11767724 with origin smi:service.iris.edu/fdsnws/event/1/query?originid=49221320
2026-05-05 11:01:36,148 [WARNING:utdquake.bank.utils] Station GCI.KKFLS.100 not found in station metadata.
2026-05-05 11:01:36,192 [WARNING:utdquake.bank.utils] Station GCI.KKFLS.102 not found in station metadata.
2026-05-05 11:01:36,232 [WARNING:utdquake.bank.utils] Station GCI.KKFLS.102 not found in station metadata.
2026-05-05 11:01:36,272 [WARNING:utdquake.bank.utils] Station GCI.KKFLS.103 not found in station metadata.
2026-05-05 11:01:36,320 [WARNING:utdquake.bank.utils] Station GCI.KKFLS.104 not found in station metadata.
2026-05-05 11:01:36,365 [WARNING:utdquake.bank.utils] Station GCI.KKFLS.105 not found in station metadata.
2026-05-05 11:01:36,412 [WARNING:utdquake.bank.utils] Station GCI.KKFLS.106 not found in station metadata.
2026-05-05 11:01:36,463 [WARNING:utdquake.bank.utils] Station GCI.KKFLS.107 not found in station metadata.
2026-05-05 11:01:36,513 [WARNING:utdquake.bank.utils] Station GCI.KKFLS.107 not found in station metadata.
2026-05-05 11:01:36,548 [WARNING:utdquake.bank.utils] Station GCI.KKFLS.109 not found in station metadata.
2026-05-05 11:01:36,595 [WARNING:utdquake.bank.utils] Station GCI.KKFLS.110 not found in station metadata.
2026-05-05 11:01:36,645 [WARNING:utdquake.bank.utils] Station GCI.KKFLS.111 not found in station metadata.
2026-05-05 11:01:36,688 [WARNING:utdquake.bank.utils] Station GCI.KKFLS.112 not found in station metadata.
2026-05-05 11:01:36,736 [WARNING:utdquake.bank.utils] Station GCI.KKFLS.113 not found in station metadata.
2026-05-05 11:01:36,812 [WARNING:utdquake.bank.utils] Station GCI.KKFLS.114 not found in station metadata.
2026-05-05 11:01:36,858 [WARNING:utdquake.bank.utils] Station GCI.KKFLS.115 not found in station metadata.
2026-05-05 11:01:36,903 [WARNING:utdquake.bank.utils] Station GCI.KKFLS.116 not found in station metadata.
2026-05-05 11:01:36,951 [WARNING:utdquake.bank.utils] Station GCI.KKFLS.117 not found in station metadata.
2026-05-05 11:01:36,986 [WARNING:utdquake.bank.utils] Station GCI.KKFLS.118 not found in station metadata.
2026-05-05 11:01:37,027 [WARNING:utdquake.bank.utils] Station GCI.KKFLS.119 not found in station metadata.
2026-05-05 11:01:37,062 [WARNING:utdquake.bank.utils] Station GCI.KKFLS.120 not found in station metadata.
2026-05-05 11:01:37,096 [WARNING:utdquake.bank.utils] Station GCI.KKFLS.121 not found in station metadata.
2026-05-05 11:01:37,136 [WARNING:utdquake.bank.utils] Station GCI.KKFLS.122 not found in station metadata.
2026-05-05 11:01:37,171 [WARNING:utdquake.bank.utils] Station GCI.KKFLS.123 not found in station metadata.
2026-05-05 11:01:37,211 [WARNING:utdquake.bank.utils] Station GCI.KKFLS.124 not found in station metadata.
2026-05-05 11:01:37,246 [WARNING:utdquake.bank.utils] Station GCI.KKFLS.126 not found in station metadata.
2026-05-05 11:01:37,281 [WARNING:utdquake.bank.utils] Station GCI.KKFLS.127 not found in station metadata.
2026-05-05 11:01:37,321 [WARNING:utdquake.bank.utils] Station GCI.KKFLS.128 not found in station metadata.
2026-05-05 11:01:37,356 [WARNING:utdquake.bank.utils] Station GCI.KKFLS.129 not found in station metadata.
2026-05-05 11:01:37,391 [WARNING:utdquake.bank.utils] Station GCI.KKFLS.129 not found in station metadata.
2026-05-05 11:01:37,428 [WARNING:utdquake.bank.utils] Station GCI.KKFLS.130 not found in station metadata.
2026-05-05 11:01:37,463 [WARNING:utdquake.bank.utils] Station GCI.KKFLS.130 not found in station metadata.
2026-05-05 11:01:37,497 [WARNING:utdquake.bank.utils] Station GCI.KKFLS.131 not found in station metadata.
2026-05-05 11:01:37,536 [WARNING:utdquake.bank.utils] Station GCI.KKFLS.131 not found in station metadata.
2026-05-05 11:01:37,571 [WARNING:utdquake.bank.utils] Station GCI.KKFLS.132 not found in station metadata.
2026-05-05 11:01:37,610 [WARNING:utdquake.bank.utils] Station GCI.KKFLS.133 not found in station metadata.
2026-05-05 11:01:37,644 [WARNING:utdquake.bank.utils] Station GCI.KKFLS.134 not found in station metadata.
2026-05-05 11:01:37,679 [WARNING:utdquake.bank.utils] Station GCI.KKFLS.134 not found in station metadata.
2026-05-05 11:01:37,717 [WARNING:utdquake.bank.utils] Station GCI.KKFLS.135 not found in station metadata.
2026-05-05 11:01:37,751 [WARNING:utdquake.bank.utils] Station GCI.KKFLS.136 not found in station metadata.
2026-05-05 11:01:37,786 [WARNING:utdquake.bank.utils] Station GCI.KKFLS.137 not found in station metadata.
2026-05-05 11:01:37,827 [WARNING:utdquake.bank.utils] Station GCI.KKFLS.138 not found in station metadata.
2026-05-05 11:13:11,612 [INFO:utdquake.bank.utils] Processed origin smi:service.iris.edu/fdsnws/event/1/query?originid=49221320. Ready to update quality metrics.
2026-05-05 11:13:11,613 [INFO:utdquake.bank.utils] Updating quality metrics for origin smi:service.iris.edu/fdsnws/event/1/query?originid=49221320.
2026-05-05 11:13:11,619 [INFO:utdquake.bank.utils] Quality metrics updated for origin smi:service.iris.edu/fdsnws/event/1/query?originid=49221320.
2026-05-05 11:13:11,619 [INFO:utdquake.bank.utils] Updated quality metrics for origin smi:service.iris.edu/fdsnws/event/1/query?originid=49221320.
2026-05-05 11:13:11,620 [INFO:utdquake.bank.utils] Processing event smi:service.iris.edu/fdsnws/event/1/query?eventid=11767813 with origin smi:service.iris.edu/fdsnws/event/1/query?originid=49222819
2026-05-05 11:13:11,624 [WARNING:utdquake.bank.utils] Station GCI.KKFLS.100 not found in station metadata.
2026-05-05 11:13:11,659 [WARNING:utdquake.bank.utils] Station GCI.KKFLS.100 not found in station metadata.
2026-05-05 11:13:11,692 [WARNING:utdquake.bank.utils] Station GCI.KKFLS.101 not found in station metadata.
2026-05-05 11:13:11,731 [WARNING:utdquake.bank.utils] Station GCI.KKFLS.101 not found in station metadata.
2026-05-05 11:13:11,766 [WARNING:utdquake.bank.utils] Station GCI.KKFLS.102 not found in station metadata.
2026-05-05 11:13:11,801 [WARNING:utdquake.bank.utils] Station GCI.KKFLS.102 not found in station metadata.
2026-05-05 11:13:11,837 [WARNING:utdquake.bank.utils] Station GCI.KKFLS.103 not found in station metadata.
2026-05-05 11:13:11,871 [WARNING:utdquake.bank.utils] Station GCI.KKFLS.103 not found in station metadata.
2026-05-05 11:13:11,909 [WARNING:utdquake.bank.utils] Station GCI.KKFLS.104 not found in station metadata.
2026-05-05 11:13:11,943 [WARNING:utdquake.bank.utils] Station GCI.KKFLS.104 not found in station metadata.
2026-05-05 11:13:12,014 [WARNING:utdquake.bank.utils] Station GCI.KKFLS.105 not found in station metadata.
2026-05-05 11:13:12,051 [WARNING:utdquake.bank.utils] Station GCI.KKFLS.105 not found in station metadata.
2026-05-05 11:13:12,086 [WARNING:utdquake.bank.utils] Station GCI.KKFLS.106 not found in station metadata.
2026-05-05 11:13:12,126 [WARNING:utdquake.bank.utils] Station GCI.KKFLS.106 not found in station metadata.
2026-05-05 11:13:12,164 [WARNING:utdquake.bank.utils] Station GCI.KKFLS.107 not found in station metadata.
2026-05-05 11:13:12,199 [WARNING:utdquake.bank.utils] Station GCI.KKFLS.107 not found in station metadata.
2026-05-05 11:13:12,238 [WARNING:utdquake.bank.utils] Station GCI.KKFLS.108 not found in station metadata.
2026-05-05 11:13:12,271 [WARNING:utdquake.bank.utils] Station GCI.KKFLS.108 not found in station metadata.
2026-05-05 11:13:12,310 [WARNING:utdquake.bank.utils] Station GCI.KKFLS.109 not found in station metadata.
2026-05-05 11:13:12,348 [WARNING:utdquake.bank.utils] Station GCI.KKFLS.109 not found in station metadata.
2026-05-05 11:13:12,383 [WARNING:utdquake.bank.utils] Station GCI.KKFLS.110 not found in station metadata.
2026-05-05 11:13:12,422 [WARNING:utdquake.bank.utils] Station GCI.KKFLS.110 not found in station metadata.
2026-05-05 11:13:12,453 [WARNING:utdquake.bank.utils] Station GCI.KKFLS.111 not found in station metadata.
2026-05-05 11:13:12,490 [WARNING:utdquake.bank.utils] Station GCI.KKFLS.111 not found in station metadata.
2026-05-05 11:13:12,529 [WARNING:utdquake.bank.utils] Station GCI.KKFLS.112 not found in station metadata.
2026-05-05 11:13:12,575 [WARNING:utdquake.bank.utils] Station GCI.KKFLS.112 not found in station metadata.
2026-05-05 11:13:12,614 [WARNING:utdquake.bank.utils] Station GCI.KKFLS.113 not found in station metadata.
2026-05-05 11:13:12,651 [WARNING:utdquake.bank.utils] Station GCI.KKFLS.113 not found in station metadata.
2026-05-05 11:13:12,683 [WARNING:utdquake.bank.utils] Station GCI.KKFLS.114 not found in station metadata.
2026-05-05 11:13:12,721 [WARNING:utdquake.bank.utils] Station GCI.KKFLS.114 not found in station metadata.
2026-05-05 11:13:12,756 [WARNING:utdquake.bank.utils] Station GCI.KKFLS.115 not found in station metadata.
2026-05-05 11:13:12,788 [WARNING:utdquake.bank.utils] Station GCI.KKFLS.115 not found in station metadata.
2026-05-05 11:13:12,861 [WARNING:utdquake.bank.utils] Station GCI.KKFLS.116 not found in station metadata.
2026-05-05 11:13:12,897 [WARNING:utdquake.bank.utils] Station GCI.KKFLS.116 not found in station metadata.
2026-05-05 11:13:12,934 [WARNING:utdquake.bank.utils] Station GCI.KKFLS.117 not found in station metadata.
2026-05-05 11:13:12,969 [WARNING:utdquake.bank.utils] Station GCI.KKFLS.117 not found in station metadata.
2026-05-05 11:13:13,003 [WARNING:utdquake.bank.utils] Station GCI.KKFLS.118 not found in station metadata.
2026-05-05 11:13:13,043 [WARNING:utdquake.bank.utils] Station GCI.KKFLS.118 not found in station metadata.
2026-05-05 11:13:13,078 [WARNING:utdquake.bank.utils] Station GCI.KKFLS.119 not found in station metadata.
2026-05-05 11:13:13,118 [WARNING:utdquake.bank.utils] Station GCI.KKFLS.119 not found in station metadata.
2026-05-05 11:13:13,154 [WARNING:utdquake.bank.utils] Station GCI.KKFLS.120 not found in station metadata.
2026-05-05 11:13:13,188 [WARNING:utdquake.bank.utils] Station GCI.KKFLS.120 not found in station metadata.
2026-05-05 11:13:13,231 [WARNING:utdquake.bank.utils] Station GCI.KKFLS.121 not found in station metadata.
2026-05-05 11:13:13,283 [WARNING:utdquake.bank.utils] Station GCI.KKFLS.121 not found in station metadata.
2026-05-05 11:13:13,321 [WARNING:utdquake.bank.utils] Station GCI.KKFLS.122 not found in station metadata.
2026-05-05 11:13:13,355 [WARNING:utdquake.bank.utils] Station GCI.KKFLS.122 not found in station metadata.
2026-05-05 11:13:13,391 [WARNING:utdquake.bank.utils] Station GCI.KKFLS.123 not found in station metadata.
2026-05-05 11:13:13,431 [WARNING:utdquake.bank.utils] Station GCI.KKFLS.123 not found in station metadata.
2026-05-05 11:13:13,463 [WARNING:utdquake.bank.utils] Station GCI.KKFLS.124 not found in station metadata.
2026-05-05 11:13:13,497 [WARNING:utdquake.bank.utils] Station GCI.KKFLS.124 not found in station metadata.
2026-05-05 11:13:13,537 [WARNING:utdquake.bank.utils] Station GCI.KKFLS.125 not found in station metadata.
2026-05-05 11:13:13,584 [WARNING:utdquake.bank.utils] Station GCI.KKFLS.125 not found in station metadata.
2026-05-05 11:13:13,624 [WARNING:utdquake.bank.utils] Station GCI.KKFLS.126 not found in station metadata.
2026-05-05 11:13:13,659 [WARNING:utdquake.bank.utils] Station GCI.KKFLS.126 not found in station metadata.
2026-05-05 11:13:13,693 [WARNING:utdquake.bank.utils] Station GCI.KKFLS.127 not found in station metadata.
2026-05-05 11:13:13,732 [WARNING:utdquake.bank.utils] Station GCI.KKFLS.127 not found in station metadata.
2026-05-05 11:13:13,764 [WARNING:utdquake.bank.utils] Station GCI.KKFLS.128 not found in station metadata.
2026-05-05 11:13:13,800 [WARNING:utdquake.bank.utils] Station GCI.KKFLS.128 not found in station metadata.
2026-05-05 11:13:13,838 [WARNING:utdquake.bank.utils] Station GCI.KKFLS.129 not found in station metadata.
2026-05-05 11:13:13,873 [WARNING:utdquake.bank.utils] Station GCI.KKFLS.129 not found in station metadata.
2026-05-05 11:13:13,911 [WARNING:utdquake.bank.utils] Station GCI.KKFLS.130 not found in station metadata.
2026-05-05 11:13:13,946 [WARNING:utdquake.bank.utils] Station GCI.KKFLS.130 not found in station metadata.
2026-05-05 11:13:13,981 [WARNING:utdquake.bank.utils] Station GCI.KKFLS.131 not found in station metadata.
2026-05-05 11:13:14,021 [WARNING:utdquake.bank.utils] Station GCI.KKFLS.131 not found in station metadata.
2026-05-05 11:13:14,063 [WARNING:utdquake.bank.utils] Station GCI.KKFLS.133 not found in station metadata.
2026-05-05 11:13:14,101 [WARNING:utdquake.bank.utils] Station GCI.KKFLS.133 not found in station metadata.
2026-05-05 11:13:14,138 [WARNING:utdquake.bank.utils] Station GCI.KKFLS.134 not found in station metadata.
2026-05-05 11:13:14,171 [WARNING:utdquake.bank.utils] Station GCI.KKFLS.134 not found in station metadata.
2026-05-05 11:13:14,203 [WARNING:utdquake.bank.utils] Station GCI.KKFLS.135 not found in station metadata.
2026-05-05 11:13:14,243 [WARNING:utdquake.bank.utils] Station GCI.KKFLS.135 not found in station metadata.
2026-05-05 11:13:14,276 [WARNING:utdquake.bank.utils] Station GCI.KKFLS.137 not found in station metadata.
2026-05-05 11:13:14,315 [WARNING:utdquake.bank.utils] Station GCI.KKFLS.137 not found in station metadata.
2026-05-05 11:13:14,348 [WARNING:utdquake.bank.utils] Station GCI.KKFLS.138 not found in station metadata.
2026-05-05 11:13:14,460 [WARNING:utdquake.bank.utils] Station GCI.KKFLS.138 not found in station metadata.
2026-05-05 11:30:52,792 [INFO:utdquake.bank.utils] Processed origin smi:service.iris.edu/fdsnws/event/1/query?originid=49222819. Ready to update quality metrics.
2026-05-05 11:30:52,793 [INFO:utdquake.bank.utils] Updating quality metrics for origin smi:service.iris.edu/fdsnws/event/1/query?originid=49222819.
2026-05-05 11:30:52,802 [INFO:utdquake.bank.utils] Quality metrics updated for origin smi:service.iris.edu/fdsnws/event/1/query?originid=49222819.
2026-05-05 11:30:52,805 [INFO:utdquake.bank.utils] Updated quality metrics for origin smi:service.iris.edu/fdsnws/event/1/query?originid=49222819.
2026-05-05 11:30:52,806 [INFO:utdquake.bank.utils] Finishing to process 3 events in catalog EAEmumBH.
2026-05-05 11:31:23,162 [INFO:utdquake.bank] Saved 3 events of 3 possible in chunk id 0   from 2023-11-14 04:43:30.917000 to 2023-11-15 04:43:30.917000 in /groups/igonin/ecastillo/UTDQuake_test/bank/GCI
2026-05-05 11:31:23,163 [INFO:utdquake.bank] Creating stations summary based on the events in the event bank at /groups/igonin/ecastillo/UTDQuake_test/bank/GCI/.stations
2026-05-05 11:31:23,181 [INFO:utdquake.bank.utils] Found 15000 station databases in /groups/igonin/ecastillo/UTDQuake_test/.utdquake/db/stations/.stations.
2026-05-05 11:37:49,172 [INFO:utdquake.bank] Updating stations summary in the event bank at /groups/igonin/ecastillo/UTDQuake_test/bank/GCI
2026-05-05 11:37:49,408 [INFO:utdquake.bank] Stations summary updated successfully.
2026-05-05 11:37:49,408 [INFO:utdquake.bank.utils] [1/10] Fetching events forward 2023-11-15T04:43:30.917000Z to 2023-11-16T04:43:30.917000Z...
2026-05-05 11:37:53,962 [INFO:utdquake.bank.utils] Restarting patience counter after successful fetch.
2026-05-05 11:37:54,542 [INFO:utdquake.bank] Chunk id: 0   initiated | Time range: 2023-11-15 04:43:30.917000 - 2023-11-16 04:43:30.917000 | Chunk creation time: 2026-05-05 11:37:54.542237
2026-05-05 11:37:54,542 [INFO:utdquake.bank.utils] Starting to process 1 events in catalog OJh2jntG. (This id is created just for logging purposes)
2026-05-05 11:37:54,543 [INFO:utdquake.bank.utils] Processing event smi:service.iris.edu/fdsnws/event/1/query?eventid=11768146 with origin smi:service.iris.edu/fdsnws/event/1/query?originid=49227018
2026-05-05 11:37:54,548 [WARNING:utdquake.bank.utils] Station GCI.KKFLS.100 not found in station metadata.
2026-05-05 11:37:54,590 [WARNING:utdquake.bank.utils] Station GCI.KKFLS.104 not found in station metadata.
2026-05-05 11:37:54,631 [WARNING:utdquake.bank.utils] Station GCI.KKFLS.104 not found in station metadata.
2026-05-05 11:37:54,686 [WARNING:utdquake.bank.utils] Station GCI.KKFLS.105 not found in station metadata.
2026-05-05 11:37:54,728 [WARNING:utdquake.bank.utils] Station GCI.KKFLS.106 not found in station metadata.
2026-05-05 11:37:54,761 [WARNING:utdquake.bank.utils] Station GCI.KKFLS.107 not found in station metadata.
2026-05-05 11:37:54,796 [WARNING:utdquake.bank.utils] Station GCI.KKFLS.107 not found in station metadata.
2026-05-05 11:37:54,837 [WARNING:utdquake.bank.utils] Station GCI.KKFLS.108 not found in station metadata.
2026-05-05 11:37:54,872 [WARNING:utdquake.bank.utils] Station GCI.KKFLS.109 not found in station metadata.
2026-05-05 11:37:54,911 [WARNING:utdquake.bank.utils] Station GCI.KKFLS.110 not found in station metadata.
2026-05-05 11:37:54,946 [WARNING:utdquake.bank.utils] Station GCI.KKFLS.110 not found in station metadata.
2026-05-05 11:37:54,982 [WARNING:utdquake.bank.utils] Station GCI.KKFLS.111 not found in station metadata.
2026-05-05 11:37:55,025 [WARNING:utdquake.bank.utils] Station GCI.KKFLS.111 not found in station metadata.
2026-05-05 11:37:55,060 [WARNING:utdquake.bank.utils] Station GCI.KKFLS.112 not found in station metadata.
2026-05-05 11:37:55,096 [WARNING:utdquake.bank.utils] Station GCI.KKFLS.112 not found in station metadata.
2026-05-05 11:37:55,137 [WARNING:utdquake.bank.utils] Station GCI.KKFLS.113 not found in station metadata.
2026-05-05 11:37:55,172 [WARNING:utdquake.bank.utils] Station GCI.KKFLS.114 not found in station metadata.
2026-05-05 11:37:55,216 [WARNING:utdquake.bank.utils] Station GCI.KKFLS.115 not found in station metadata.
2026-05-05 11:37:55,254 [WARNING:utdquake.bank.utils] Station GCI.KKFLS.116 not found in station metadata.
2026-05-05 11:37:55,290 [WARNING:utdquake.bank.utils] Station GCI.KKFLS.117 not found in station metadata.
2026-05-05 11:37:55,331 [WARNING:utdquake.bank.utils] Station GCI.KKFLS.118 not found in station metadata.
2026-05-05 11:37:55,400 [WARNING:utdquake.bank.utils] Station GCI.KKFLS.119 not found in station metadata.
2026-05-05 11:37:55,441 [WARNING:utdquake.bank.utils] Station GCI.KKFLS.120 not found in station metadata.
2026-05-05 11:37:55,477 [WARNING:utdquake.bank.utils] Station GCI.KKFLS.121 not found in station metadata.
2026-05-05 11:37:55,522 [WARNING:utdquake.bank.utils] Station GCI.KKFLS.122 not found in station metadata.
2026-05-05 11:37:55,559 [WARNING:utdquake.bank.utils] Station GCI.KKFLS.123 not found in station metadata.
2026-05-05 11:37:55,600 [WARNING:utdquake.bank.utils] Station GCI.KKFLS.124 not found in station metadata.
2026-05-05 11:37:55,643 [WARNING:utdquake.bank.utils] Station GCI.KKFLS.125 not found in station metadata.
2026-05-05 11:37:55,682 [WARNING:utdquake.bank.utils] Station GCI.KKFLS.126 not found in station metadata.
2026-05-05 11:37:55,723 [WARNING:utdquake.bank.utils] Station GCI.KKFLS.127 not found in station metadata.
2026-05-05 11:37:55,763 [WARNING:utdquake.bank.utils] Station GCI.KKFLS.128 not found in station metadata.
2026-05-05 11:37:55,803 [WARNING:utdquake.bank.utils] Station GCI.KKFLS.129 not found in station metadata.
2026-05-05 11:37:55,841 [WARNING:utdquake.bank.utils] Station GCI.KKFLS.129 not found in station metadata.
2026-05-05 11:37:55,881 [WARNING:utdquake.bank.utils] Station GCI.KKFLS.130 not found in station metadata.
2026-05-05 11:37:55,929 [WARNING:utdquake.bank.utils] Station GCI.KKFLS.131 not found in station metadata.
2026-05-05 11:37:55,964 [WARNING:utdquake.bank.utils] Station GCI.KKFLS.132 not found in station metadata.
2026-05-05 11:37:56,000 [WARNING:utdquake.bank.utils] Station GCI.KKFLS.133 not found in station metadata.
2026-05-05 11:37:56,044 [WARNING:utdquake.bank.utils] Station GCI.KKFLS.133 not found in station metadata.
2026-05-05 11:37:56,080 [WARNING:utdquake.bank.utils] Station GCI.KKFLS.134 not found in station metadata.
2026-05-05 11:37:56,119 [WARNING:utdquake.bank.utils] Station GCI.KKFLS.134 not found in station metadata.
2026-05-05 11:37:56,152 [WARNING:utdquake.bank.utils] Station GCI.KKFLS.137 not found in station metadata.
2026-05-05 11:37:56,189 [WARNING:utdquake.bank.utils] Station GCI.KKFLS.138 not found in station metadata.
2026-05-05 11:45:53,675 [INFO:utdquake.bank.utils] Processed origin smi:service.iris.edu/fdsnws/event/1/query?originid=49227018. Ready to update quality metrics.
2026-05-05 11:45:53,676 [INFO:utdquake.bank.utils] Updating quality metrics for origin smi:service.iris.edu/fdsnws/event/1/query?originid=49227018.
2026-05-05 11:45:53,681 [INFO:utdquake.bank.utils] Quality metrics updated for origin smi:service.iris.edu/fdsnws/event/1/query?originid=49227018.
2026-05-05 11:45:53,682 [INFO:utdquake.bank.utils] Updated quality metrics for origin smi:service.iris.edu/fdsnws/event/1/query?originid=49227018.
2026-05-05 11:45:53,682 [INFO:utdquake.bank.utils] Finishing to process 1 events in catalog OJh2jntG.
2026-05-05 11:46:00,618 [INFO:utdquake.bank] Saved 1 events of 1 possible in chunk id 0   from 2023-11-15 04:43:30.917000 to 2023-11-16 04:43:30.917000 in /groups/igonin/ecastillo/UTDQuake_test/bank/GCI
2026-05-05 11:46:00,618 [INFO:utdquake.bank] Creating stations summary based on the events in the event bank at /groups/igonin/ecastillo/UTDQuake_test/bank/GCI/.stations
2026-05-05 11:46:00,636 [INFO:utdquake.bank.utils] Found 15000 station databases in /groups/igonin/ecastillo/UTDQuake_test/.utdquake/db/stations/.stations.
2026-05-05 11:52:28,828 [INFO:utdquake.bank] Updating stations summary in the event bank at /groups/igonin/ecastillo/UTDQuake_test/bank/GCI
2026-05-05 11:52:29,116 [INFO:utdquake.bank] Stations summary updated successfully.
2026-05-05 11:52:29,117 [INFO:utdquake.bank.utils] [1/10] Fetching events forward 2023-11-16T04:43:30.917000Z to 2023-11-17T04:43:30.917000Z...
2026-05-05 11:52:29,206 [INFO:utdquake.bank.utils] Restarting patience counter after successful fetch.
2026-05-05 11:52:29,328 [INFO:utdquake.bank] Chunk id: 0   initiated | Time range: 2023-11-16 04:43:30.917000 - 2023-11-17 04:43:30.917000 | Chunk creation time: 2026-05-05 11:52:29.328721
2026-05-05 11:52:29,329 [INFO:utdquake.bank.utils] Starting to process 0 events in catalog K8hwm5T4. (This id is created just for logging purposes)
2026-05-05 11:52:29,329 [INFO:utdquake.bank.utils] Finishing to process 0 events in catalog K8hwm5T4.
2026-05-05 11:52:29,958 [INFO:utdquake.bank] Saved 0 events of 0 possible in chunk id 0   from 2023-11-16 04:43:30.917000 to 2023-11-17 04:43:30.917000 in /groups/igonin/ecastillo/UTDQuake_test/bank/GCI
2026-05-05 11:52:29,959 [INFO:utdquake.bank] Creating stations summary based on the events in the event bank at /groups/igonin/ecastillo/UTDQuake_test/bank/GCI/.stations
2026-05-05 11:52:29,975 [INFO:utdquake.bank.utils] Found 15000 station databases in /groups/igonin/ecastillo/UTDQuake_test/.utdquake/db/stations/.stations.
2026-05-05 11:59:03,901 [INFO:utdquake.bank] Updating stations summary in the event bank at /groups/igonin/ecastillo/UTDQuake_test/bank/GCI
2026-05-05 11:59:04,106 [INFO:utdquake.bank] Stations summary updated successfully.
2026-05-05 11:59:04,107 [INFO:utdquake.bank.utils] [1/10] Fetching events forward 2023-11-17T04:43:30.917000Z to 2023-11-18T04:43:30.917000Z...
2026-05-05 11:59:04,125 [INFO:utdquake.bank.utils] Restarting patience counter after successful fetch.
2026-05-05 11:59:04,127 [INFO:utdquake.bank] Chunk id: 0   initiated | Time range: 2023-11-17 04:43:30.917000 - 2023-11-18 04:43:30.917000 | Chunk creation time: 2026-05-05 11:59:04.126993
2026-05-05 11:59:04,127 [INFO:utdquake.bank.utils] Starting to process 0 events in catalog EVK8ipTj. (This id is created just for logging purposes)
2026-05-05 11:59:04,127 [INFO:utdquake.bank.utils] Finishing to process 0 events in catalog EVK8ipTj.
2026-05-05 11:59:04,762 [INFO:utdquake.bank] Saved 0 events of 0 possible in chunk id 0   from 2023-11-17 04:43:30.917000 to 2023-11-18 04:43:30.917000 in /groups/igonin/ecastillo/UTDQuake_test/bank/GCI
2026-05-05 11:59:04,763 [INFO:utdquake.bank] Creating stations summary based on the events in the event bank at /groups/igonin/ecastillo/UTDQuake_test/bank/GCI/.stations
2026-05-05 11:59:04,779 [INFO:utdquake.bank.utils] Found 15000 station databases in /groups/igonin/ecastillo/UTDQuake_test/.utdquake/db/stations/.stations.
2026-05-05 12:05:39,172 [INFO:utdquake.bank] Updating stations summary in the event bank at /groups/igonin/ecastillo/UTDQuake_test/bank/GCI
2026-05-05 12:05:39,386 [INFO:utdquake.bank] Stations summary updated successfully.
2026-05-05 12:05:39,387 [INFO:utdquake.bank.utils] [1/10] Fetching events forward 2023-11-18T04:43:30.917000Z to 2023-11-19T04:43:30.917000Z...
2026-05-05 12:05:39,405 [INFO:utdquake.bank.utils] Restarting patience counter after successful fetch.
2026-05-05 12:05:39,406 [INFO:utdquake.bank] Chunk id: 0   initiated | Time range: 2023-11-18 04:43:30.917000 - 2023-11-19 04:43:30.917000 | Chunk creation time: 2026-05-05 12:05:39.406030
2026-05-05 12:05:39,406 [INFO:utdquake.bank.utils] Starting to process 0 events in catalog dGdvnNdc. (This id is created just for logging purposes)
2026-05-05 12:05:39,407 [INFO:utdquake.bank.utils] Finishing to process 0 events in catalog dGdvnNdc.
2026-05-05 12:05:40,087 [INFO:utdquake.bank] Saved 0 events of 0 possible in chunk id 0   from 2023-11-18 04:43:30.917000 to 2023-11-19 04:43:30.917000 in /groups/igonin/ecastillo/UTDQuake_test/bank/GCI
2026-05-05 12:05:40,088 [INFO:utdquake.bank] Creating stations summary based on the events in the event bank at /groups/igonin/ecastillo/UTDQuake_test/bank/GCI/.stations
2026-05-05 12:05:40,104 [INFO:utdquake.bank.utils] Found 15000 station databases in /groups/igonin/ecastillo/UTDQuake_test/.utdquake/db/stations/.stations.
2026-05-05 12:12:14,222 [INFO:utdquake.bank] Updating stations summary in the event bank at /groups/igonin/ecastillo/UTDQuake_test/bank/GCI
2026-05-05 12:12:14,392 [INFO:utdquake.bank] Stations summary updated successfully.
2026-05-05 12:12:14,393 [INFO:utdquake.bank.utils] [1/10] Fetching events forward 2023-11-19T04:43:30.917000Z to 2023-11-20T04:43:30.917000Z...
2026-05-05 12:12:35,110 [INFO:utdquake.bank.utils] Restarting patience counter after successful fetch.
2026-05-05 12:12:35,149 [INFO:utdquake.bank] Chunk id: 0   initiated | Time range: 2023-11-19 04:43:30.917000 - 2023-11-20 04:43:30.917000 | Chunk creation time: 2026-05-05 12:12:35.149274
2026-05-05 12:12:35,149 [INFO:utdquake.bank.utils] Starting to process 3 events in catalog yRcSDhKF. (This id is created just for logging purposes)
2026-05-05 12:12:35,150 [INFO:utdquake.bank.utils] Processing event smi:service.iris.edu/fdsnws/event/1/query?eventid=11769424 with origin smi:service.iris.edu/fdsnws/event/1/query?originid=49244118
2026-05-05 12:12:35,154 [WARNING:utdquake.bank.utils] Station GCI.KKFLS.100 not found in station metadata.
2026-05-05 12:12:35,190 [WARNING:utdquake.bank.utils] Station GCI.KKFLS.102 not found in station metadata.
2026-05-05 12:12:35,229 [WARNING:utdquake.bank.utils] Station GCI.KKFLS.103 not found in station metadata.
2026-05-05 12:12:35,264 [WARNING:utdquake.bank.utils] Station GCI.KKFLS.105 not found in station metadata.
2026-05-05 12:12:35,297 [WARNING:utdquake.bank.utils] Station GCI.KKFLS.106 not found in station metadata.
2026-05-05 12:12:35,335 [WARNING:utdquake.bank.utils] Station GCI.KKFLS.107 not found in station metadata.
2026-05-05 12:12:35,368 [WARNING:utdquake.bank.utils] Station GCI.KKFLS.108 not found in station metadata.
2026-05-05 12:12:35,400 [WARNING:utdquake.bank.utils] Station GCI.KKFLS.109 not found in station metadata.
2026-05-05 12:12:35,448 [WARNING:utdquake.bank.utils] Station GCI.KKFLS.109 not found in station metadata.
2026-05-05 12:12:35,481 [WARNING:utdquake.bank.utils] Station GCI.KKFLS.110 not found in station metadata.
2026-05-05 12:12:35,519 [WARNING:utdquake.bank.utils] Station GCI.KKFLS.110 not found in station metadata.
2026-05-05 12:12:35,552 [WARNING:utdquake.bank.utils] Station GCI.KKFLS.111 not found in station metadata.
2026-05-05 12:12:35,585 [WARNING:utdquake.bank.utils] Station GCI.KKFLS.111 not found in station metadata.
2026-05-05 12:12:35,623 [WARNING:utdquake.bank.utils] Station GCI.KKFLS.112 not found in station metadata.
2026-05-05 12:12:35,657 [WARNING:utdquake.bank.utils] Station GCI.KKFLS.112 not found in station metadata.
2026-05-05 12:12:35,691 [WARNING:utdquake.bank.utils] Station GCI.KKFLS.113 not found in station metadata.
2026-05-05 12:12:35,729 [WARNING:utdquake.bank.utils] Station GCI.KKFLS.113 not found in station metadata.
2026-05-05 12:12:35,764 [WARNING:utdquake.bank.utils] Station GCI.KKFLS.114 not found in station metadata.
2026-05-05 12:12:35,817 [WARNING:utdquake.bank.utils] Station GCI.KKFLS.114 not found in station metadata.
2026-05-05 12:12:35,850 [WARNING:utdquake.bank.utils] Station GCI.KKFLS.115 not found in station metadata.
2026-05-05 12:12:35,886 [WARNING:utdquake.bank.utils] Station GCI.KKFLS.115 not found in station metadata.
2026-05-05 12:12:35,928 [WARNING:utdquake.bank.utils] Station GCI.KKFLS.116 not found in station metadata.
2026-05-05 12:12:35,962 [WARNING:utdquake.bank.utils] Station GCI.KKFLS.116 not found in station metadata.
2026-05-05 12:12:35,995 [WARNING:utdquake.bank.utils] Station GCI.KKFLS.117 not found in station metadata.
2026-05-05 12:12:36,034 [WARNING:utdquake.bank.utils] Station GCI.KKFLS.117 not found in station metadata.
2026-05-05 12:12:36,068 [WARNING:utdquake.bank.utils] Station GCI.KKFLS.118 not found in station metadata.
2026-05-05 12:12:36,102 [WARNING:utdquake.bank.utils] Station GCI.KKFLS.119 not found in station metadata.
2026-05-05 12:12:36,140 [WARNING:utdquake.bank.utils] Station GCI.KKFLS.119 not found in station metadata.
2026-05-05 12:12:36,189 [WARNING:utdquake.bank.utils] Station GCI.KKFLS.120 not found in station metadata.
2026-05-05 12:12:36,229 [WARNING:utdquake.bank.utils] Station GCI.KKFLS.120 not found in station metadata.
2026-05-05 12:12:36,264 [WARNING:utdquake.bank.utils] Station GCI.KKFLS.121 not found in station metadata.
2026-05-05 12:12:36,299 [WARNING:utdquake.bank.utils] Station GCI.KKFLS.121 not found in station metadata.
2026-05-05 12:12:36,338 [WARNING:utdquake.bank.utils] Station GCI.KKFLS.122 not found in station metadata.
2026-05-05 12:12:36,372 [WARNING:utdquake.bank.utils] Station GCI.KKFLS.122 not found in station metadata.
2026-05-05 12:12:36,411 [WARNING:utdquake.bank.utils] Station GCI.KKFLS.123 not found in station metadata.
2026-05-05 12:12:36,444 [WARNING:utdquake.bank.utils] Station GCI.KKFLS.123 not found in station metadata.
2026-05-05 12:12:36,478 [WARNING:utdquake.bank.utils] Station GCI.KKFLS.124 not found in station metadata.
2026-05-05 12:12:36,517 [WARNING:utdquake.bank.utils] Station GCI.KKFLS.124 not found in station metadata.
2026-05-05 12:12:36,561 [WARNING:utdquake.bank.utils] Station GCI.KKFLS.125 not found in station metadata.
2026-05-05 12:12:36,594 [WARNING:utdquake.bank.utils] Station GCI.KKFLS.125 not found in station metadata.
2026-05-05 12:12:36,632 [WARNING:utdquake.bank.utils] Station GCI.KKFLS.126 not found in station metadata.
2026-05-05 12:12:36,666 [WARNING:utdquake.bank.utils] Station GCI.KKFLS.126 not found in station metadata.
2026-05-05 12:12:36,701 [WARNING:utdquake.bank.utils] Station GCI.KKFLS.127 not found in station metadata.
2026-05-05 12:12:36,738 [WARNING:utdquake.bank.utils] Station GCI.KKFLS.127 not found in station metadata.
2026-05-05 12:12:36,771 [WARNING:utdquake.bank.utils] Station GCI.KKFLS.128 not found in station metadata.
2026-05-05 12:12:36,824 [WARNING:utdquake.bank.utils] Station GCI.KKFLS.128 not found in station metadata.
2026-05-05 12:12:36,861 [WARNING:utdquake.bank.utils] Station GCI.KKFLS.129 not found in station metadata.
2026-05-05 12:12:36,899 [WARNING:utdquake.bank.utils] Station GCI.KKFLS.129 not found in station metadata.
2026-05-05 12:12:36,954 [WARNING:utdquake.bank.utils] Station GCI.KKFLS.130 not found in station metadata.
2026-05-05 12:12:36,991 [WARNING:utdquake.bank.utils] Station GCI.KKFLS.130 not found in station metadata.
2026-05-05 12:12:37,033 [WARNING:utdquake.bank.utils] Station GCI.KKFLS.131 not found in station metadata.
2026-05-05 12:12:37,070 [WARNING:utdquake.bank.utils] Station GCI.KKFLS.131 not found in station metadata.
2026-05-05 12:12:37,111 [WARNING:utdquake.bank.utils] Station GCI.KKFLS.132 not found in station metadata.
2026-05-05 12:12:37,147 [WARNING:utdquake.bank.utils] Station GCI.KKFLS.133 not found in station metadata.
2026-05-05 12:12:37,185 [WARNING:utdquake.bank.utils] Station GCI.KKFLS.134 not found in station metadata.
2026-05-05 12:12:37,226 [WARNING:utdquake.bank.utils] Station GCI.KKFLS.135 not found in station metadata.
2026-05-05 12:12:37,266 [WARNING:utdquake.bank.utils] Station GCI.KKFLS.136 not found in station metadata.
2026-05-05 12:12:37,302 [WARNING:utdquake.bank.utils] Station GCI.KKFLS.137 not found in station metadata.
2026-05-05 12:12:37,356 [WARNING:utdquake.bank.utils] Station GCI.KKFLS.138 not found in station metadata.
2026-05-05 12:12:37,391 [WARNING:utdquake.bank.utils] Station GCI.KKFLS.138 not found in station metadata.
2026-05-05 12:18:56,675 [INFO:utdquake.bank.utils] Processed origin smi:service.iris.edu/fdsnws/event/1/query?originid=49244118. Ready to update quality metrics.
2026-05-05 12:18:56,676 [INFO:utdquake.bank.utils] Updating quality metrics for origin smi:service.iris.edu/fdsnws/event/1/query?originid=49244118.
2026-05-05 12:18:56,680 [INFO:utdquake.bank.utils] Quality metrics updated for origin smi:service.iris.edu/fdsnws/event/1/query?originid=49244118.
2026-05-05 12:18:56,681 [INFO:utdquake.bank.utils] Updated quality metrics for origin smi:service.iris.edu/fdsnws/event/1/query?originid=49244118.
2026-05-05 12:18:56,681 [INFO:utdquake.bank.utils] Processing event smi:service.iris.edu/fdsnws/event/1/query?eventid=11769358 with origin smi:service.iris.edu/fdsnws/event/1/query?originid=49242622
2026-05-05 12:18:56,685 [WARNING:utdquake.bank.utils] Station GCI.KKFLS.103 not found in station metadata.
2026-05-05 12:18:56,723 [WARNING:utdquake.bank.utils] Station GCI.KKFLS.107 not found in station metadata.
2026-05-05 12:18:56,755 [WARNING:utdquake.bank.utils] Station GCI.KKFLS.108 not found in station metadata.
2026-05-05 12:18:56,810 [WARNING:utdquake.bank.utils] Station GCI.KKFLS.109 not found in station metadata.
2026-05-05 12:18:56,844 [WARNING:utdquake.bank.utils] Station GCI.KKFLS.109 not found in station metadata.
2026-05-05 12:18:56,880 [WARNING:utdquake.bank.utils] Station GCI.KKFLS.110 not found in station metadata.
2026-05-05 12:18:56,950 [WARNING:utdquake.bank.utils] Station GCI.KKFLS.110 not found in station metadata.
2026-05-05 12:18:56,986 [WARNING:utdquake.bank.utils] Station GCI.KKFLS.111 not found in station metadata.
2026-05-05 12:18:57,027 [WARNING:utdquake.bank.utils] Station GCI.KKFLS.111 not found in station metadata.
2026-05-05 12:18:57,060 [WARNING:utdquake.bank.utils] Station GCI.KKFLS.112 not found in station metadata.
2026-05-05 12:18:57,092 [WARNING:utdquake.bank.utils] Station GCI.KKFLS.112 not found in station metadata.
2026-05-05 12:18:57,141 [WARNING:utdquake.bank.utils] Station GCI.KKFLS.113 not found in station metadata.
2026-05-05 12:18:57,181 [WARNING:utdquake.bank.utils] Station GCI.KKFLS.113 not found in station metadata.
2026-05-05 12:18:57,219 [WARNING:utdquake.bank.utils] Station GCI.KKFLS.114 not found in station metadata.
2026-05-05 12:18:57,252 [WARNING:utdquake.bank.utils] Station GCI.KKFLS.114 not found in station metadata.
2026-05-05 12:18:57,286 [WARNING:utdquake.bank.utils] Station GCI.KKFLS.115 not found in station metadata.
2026-05-05 12:18:57,327 [WARNING:utdquake.bank.utils] Station GCI.KKFLS.115 not found in station metadata.
2026-05-05 12:18:57,363 [WARNING:utdquake.bank.utils] Station GCI.KKFLS.116 not found in station metadata.
2026-05-05 12:18:57,396 [WARNING:utdquake.bank.utils] Station GCI.KKFLS.116 not found in station metadata.
2026-05-05 12:18:57,433 [WARNING:utdquake.bank.utils] Station GCI.KKFLS.117 not found in station metadata.
2026-05-05 12:18:57,465 [WARNING:utdquake.bank.utils] Station GCI.KKFLS.117 not found in station metadata.
2026-05-05 12:18:57,500 [WARNING:utdquake.bank.utils] Station GCI.KKFLS.118 not found in station metadata.
2026-05-05 12:18:57,537 [WARNING:utdquake.bank.utils] Station GCI.KKFLS.118 not found in station metadata.
2026-05-05 12:18:57,570 [WARNING:utdquake.bank.utils] Station GCI.KKFLS.119 not found in station metadata.
2026-05-05 12:18:57,610 [WARNING:utdquake.bank.utils] Station GCI.KKFLS.119 not found in station metadata.
2026-05-05 12:18:57,642 [WARNING:utdquake.bank.utils] Station GCI.KKFLS.120 not found in station metadata.
2026-05-05 12:18:57,676 [WARNING:utdquake.bank.utils] Station GCI.KKFLS.120 not found in station metadata.
2026-05-05 12:18:57,715 [WARNING:utdquake.bank.utils] Station GCI.KKFLS.121 not found in station metadata.
2026-05-05 12:18:57,779 [WARNING:utdquake.bank.utils] Station GCI.KKFLS.121 not found in station metadata.
2026-05-05 12:18:57,817 [WARNING:utdquake.bank.utils] Station GCI.KKFLS.122 not found in station metadata.
2026-05-05 12:18:57,851 [WARNING:utdquake.bank.utils] Station GCI.KKFLS.122 not found in station metadata.
2026-05-05 12:18:57,884 [WARNING:utdquake.bank.utils] Station GCI.KKFLS.123 not found in station metadata.
2026-05-05 12:18:57,932 [WARNING:utdquake.bank.utils] Station GCI.KKFLS.123 not found in station metadata.
2026-05-05 12:18:57,965 [WARNING:utdquake.bank.utils] Station GCI.KKFLS.124 not found in station metadata.
2026-05-05 12:18:57,999 [WARNING:utdquake.bank.utils] Station GCI.KKFLS.124 not found in station metadata.
2026-05-05 12:18:58,040 [WARNING:utdquake.bank.utils] Station GCI.KKFLS.125 not found in station metadata.
2026-05-05 12:18:58,073 [WARNING:utdquake.bank.utils] Station GCI.KKFLS.125 not found in station metadata.
2026-05-05 12:18:58,110 [WARNING:utdquake.bank.utils] Station GCI.KKFLS.126 not found in station metadata.
2026-05-05 12:18:58,143 [WARNING:utdquake.bank.utils] Station GCI.KKFLS.126 not found in station metadata.
2026-05-05 12:18:58,174 [WARNING:utdquake.bank.utils] Station GCI.KKFLS.127 not found in station metadata.
2026-05-05 12:18:58,214 [WARNING:utdquake.bank.utils] Station GCI.KKFLS.127 not found in station metadata.
2026-05-05 12:18:58,246 [WARNING:utdquake.bank.utils] Station GCI.KKFLS.128 not found in station metadata.
2026-05-05 12:18:58,303 [WARNING:utdquake.bank.utils] Station GCI.KKFLS.128 not found in station metadata.
2026-05-05 12:18:58,344 [WARNING:utdquake.bank.utils] Station GCI.KKFLS.129 not found in station metadata.
2026-05-05 12:18:58,377 [WARNING:utdquake.bank.utils] Station GCI.KKFLS.129 not found in station metadata.
2026-05-05 12:18:58,419 [WARNING:utdquake.bank.utils] Station GCI.KKFLS.130 not found in station metadata.
2026-05-05 12:18:58,455 [WARNING:utdquake.bank.utils] Station GCI.KKFLS.130 not found in station metadata.
2026-05-05 12:18:58,491 [WARNING:utdquake.bank.utils] Station GCI.KKFLS.131 not found in station metadata.
2026-05-05 12:18:58,533 [WARNING:utdquake.bank.utils] Station GCI.KKFLS.131 not found in station metadata.
2026-05-05 12:18:58,566 [WARNING:utdquake.bank.utils] Station GCI.KKFLS.132 not found in station metadata.
2026-05-05 12:18:58,602 [WARNING:utdquake.bank.utils] Station GCI.KKFLS.133 not found in station metadata.
2026-05-05 12:18:58,640 [WARNING:utdquake.bank.utils] Station GCI.KKFLS.136 not found in station metadata.
2026-05-05 12:18:58,676 [WARNING:utdquake.bank.utils] Station GCI.KKFLS.137 not found in station metadata.
2026-05-05 12:18:58,716 [WARNING:utdquake.bank.utils] Station GCI.KKFLS.137 not found in station metadata.
2026-05-05 12:18:58,750 [WARNING:utdquake.bank.utils] Station GCI.KKFLS.138 not found in station metadata.
2026-05-05 12:18:58,786 [WARNING:utdquake.bank.utils] Station GCI.KKFLS.138 not found in station metadata.
2026-05-05 12:31:51,636 [INFO:utdquake.bank.utils] Processed origin smi:service.iris.edu/fdsnws/event/1/query?originid=49242622. Ready to update quality metrics.
2026-05-05 12:31:51,637 [INFO:utdquake.bank.utils] Updating quality metrics for origin smi:service.iris.edu/fdsnws/event/1/query?originid=49242622.
2026-05-05 12:31:51,643 [INFO:utdquake.bank.utils] Quality metrics updated for origin smi:service.iris.edu/fdsnws/event/1/query?originid=49242622.
2026-05-05 12:31:51,644 [INFO:utdquake.bank.utils] Updated quality metrics for origin smi:service.iris.edu/fdsnws/event/1/query?originid=49242622.
2026-05-05 12:31:51,644 [INFO:utdquake.bank.utils] Processing event smi:service.iris.edu/fdsnws/event/1/query?eventid=11769562 with origin smi:service.iris.edu/fdsnws/event/1/query?originid=49246922
2026-05-05 12:31:51,648 [WARNING:utdquake.bank.utils] Station GCI.KKFLS.100 not found in station metadata.
2026-05-05 12:31:51,686 [WARNING:utdquake.bank.utils] Station GCI.KKFLS.101 not found in station metadata.
2026-05-05 12:31:51,737 [WARNING:utdquake.bank.utils] Station GCI.KKFLS.101 not found in station metadata.
2026-05-05 12:31:51,771 [WARNING:utdquake.bank.utils] Station GCI.KKFLS.102 not found in station metadata.
2026-05-05 12:31:51,812 [WARNING:utdquake.bank.utils] Station GCI.KKFLS.104 not found in station metadata.
2026-05-05 12:31:51,875 [WARNING:utdquake.bank.utils] Station GCI.KKFLS.105 not found in station metadata.
2026-05-05 12:31:51,917 [WARNING:utdquake.bank.utils] Station GCI.KKFLS.106 not found in station metadata.
2026-05-05 12:31:51,960 [WARNING:utdquake.bank.utils] Station GCI.KKFLS.107 not found in station metadata.
2026-05-05 12:31:51,996 [WARNING:utdquake.bank.utils] Station GCI.KKFLS.108 not found in station metadata.
2026-05-05 12:31:52,040 [WARNING:utdquake.bank.utils] Station GCI.KKFLS.109 not found in station metadata.
2026-05-05 12:31:52,078 [WARNING:utdquake.bank.utils] Station GCI.KKFLS.110 not found in station metadata.
2026-05-05 12:31:52,123 [WARNING:utdquake.bank.utils] Station GCI.KKFLS.111 not found in station metadata.
2026-05-05 12:31:52,160 [WARNING:utdquake.bank.utils] Station GCI.KKFLS.111 not found in station metadata.
2026-05-05 12:31:52,194 [WARNING:utdquake.bank.utils] Station GCI.KKFLS.112 not found in station metadata.
2026-05-05 12:31:52,237 [WARNING:utdquake.bank.utils] Station GCI.KKFLS.112 not found in station metadata.
2026-05-05 12:31:52,271 [WARNING:utdquake.bank.utils] Station GCI.KKFLS.113 not found in station metadata.
2026-05-05 12:31:52,311 [WARNING:utdquake.bank.utils] Station GCI.KKFLS.113 not found in station metadata.
2026-05-05 12:31:52,347 [WARNING:utdquake.bank.utils] Station GCI.KKFLS.114 not found in station metadata.
2026-05-05 12:31:52,383 [WARNING:utdquake.bank.utils] Station GCI.KKFLS.114 not found in station metadata.
2026-05-05 12:31:52,418 [WARNING:utdquake.bank.utils] Station GCI.KKFLS.115 not found in station metadata.
2026-05-05 12:31:52,457 [WARNING:utdquake.bank.utils] Station GCI.KKFLS.115 not found in station metadata.
2026-05-05 12:31:52,494 [WARNING:utdquake.bank.utils] Station GCI.KKFLS.116 not found in station metadata.
2026-05-05 12:31:52,537 [WARNING:utdquake.bank.utils] Station GCI.KKFLS.116 not found in station metadata.
2026-05-05 12:31:52,573 [WARNING:utdquake.bank.utils] Station GCI.KKFLS.117 not found in station metadata.
2026-05-05 12:31:52,615 [WARNING:utdquake.bank.utils] Station GCI.KKFLS.117 not found in station metadata.
2026-05-05 12:31:52,677 [WARNING:utdquake.bank.utils] Station GCI.KKFLS.118 not found in station metadata.
2026-05-05 12:31:52,720 [WARNING:utdquake.bank.utils] Station GCI.KKFLS.119 not found in station metadata.
2026-05-05 12:31:52,757 [WARNING:utdquake.bank.utils] Station GCI.KKFLS.120 not found in station metadata.
2026-05-05 12:31:52,817 [WARNING:utdquake.bank.utils] Station GCI.KKFLS.121 not found in station metadata.
2026-05-05 12:31:52,853 [WARNING:utdquake.bank.utils] Station GCI.KKFLS.122 not found in station metadata.
2026-05-05 12:31:52,890 [WARNING:utdquake.bank.utils] Station GCI.KKFLS.123 not found in station metadata.
2026-05-05 12:31:52,931 [WARNING:utdquake.bank.utils] Station GCI.KKFLS.124 not found in station metadata.
2026-05-05 12:31:52,982 [WARNING:utdquake.bank.utils] Station GCI.KKFLS.125 not found in station metadata.
2026-05-05 12:31:53,053 [WARNING:utdquake.bank.utils] Station GCI.KKFLS.126 not found in station metadata.
2026-05-05 12:31:53,091 [WARNING:utdquake.bank.utils] Station GCI.KKFLS.127 not found in station metadata.
2026-05-05 12:31:53,132 [WARNING:utdquake.bank.utils] Station GCI.KKFLS.128 not found in station metadata.
2026-05-05 12:31:53,171 [WARNING:utdquake.bank.utils] Station GCI.KKFLS.129 not found in station metadata.
2026-05-05 12:31:53,212 [WARNING:utdquake.bank.utils] Station GCI.KKFLS.130 not found in station metadata.
2026-05-05 12:31:53,247 [WARNING:utdquake.bank.utils] Station GCI.KKFLS.131 not found in station metadata.
2026-05-05 12:31:53,293 [WARNING:utdquake.bank.utils] Station GCI.KKFLS.132 not found in station metadata.
2026-05-05 12:31:53,332 [WARNING:utdquake.bank.utils] Station GCI.KKFLS.134 not found in station metadata.
2026-05-05 12:31:53,370 [WARNING:utdquake.bank.utils] Station GCI.KKFLS.137 not found in station metadata.
2026-05-05 12:31:53,411 [WARNING:utdquake.bank.utils] Station GCI.KKFLS.138 not found in station metadata.
2026-05-05 12:45:06,300 [INFO:utdquake.bank.utils] Processed origin smi:service.iris.edu/fdsnws/event/1/query?originid=49246922. Ready to update quality metrics.
2026-05-05 12:45:06,306 [INFO:utdquake.bank.utils] Updating quality metrics for origin smi:service.iris.edu/fdsnws/event/1/query?originid=49246922.
2026-05-05 12:45:06,312 [INFO:utdquake.bank.utils] Quality metrics updated for origin smi:service.iris.edu/fdsnws/event/1/query?originid=49246922.
2026-05-05 12:45:06,313 [INFO:utdquake.bank.utils] Updated quality metrics for origin smi:service.iris.edu/fdsnws/event/1/query?originid=49246922.
2026-05-05 12:45:06,314 [INFO:utdquake.bank.utils] Finishing to process 3 events in catalog yRcSDhKF.
2026-05-05 12:45:32,048 [INFO:utdquake.bank] Saved 3 events of 3 possible in chunk id 0   from 2023-11-19 04:43:30.917000 to 2023-11-20 04:43:30.917000 in /groups/igonin/ecastillo/UTDQuake_test/bank/GCI
2026-05-05 12:45:32,049 [INFO:utdquake.bank] Creating stations summary based on the events in the event bank at /groups/igonin/ecastillo/UTDQuake_test/bank/GCI/.stations
2026-05-05 12:45:32,066 [INFO:utdquake.bank.utils] Found 15000 station databases in /groups/igonin/ecastillo/UTDQuake_test/.utdquake/db/stations/.stations.
2026-05-05 12:52:16,295 [INFO:utdquake.bank] Updating stations summary in the event bank at /groups/igonin/ecastillo/UTDQuake_test/bank/GCI
2026-05-05 12:52:16,575 [INFO:utdquake.bank] Stations summary updated successfully.
2026-05-05 12:52:16,575 [INFO:utdquake.bank.utils] [1/10] Fetching events forward 2023-11-20T04:43:30.917000Z to 2023-11-21T04:43:30.917000Z...
2026-05-05 12:52:16,633 [INFO:utdquake.bank.utils] Restarting patience counter after successful fetch.
2026-05-05 12:52:17,035 [INFO:utdquake.bank] Chunk id: 0   initiated | Time range: 2023-11-20 04:43:30.917000 - 2023-11-21 04:43:30.917000 | Chunk creation time: 2026-05-05 12:52:17.035515
2026-05-05 12:52:17,036 [INFO:utdquake.bank.utils] Starting to process 0 events in catalog Qbl7WR6r. (This id is created just for logging purposes)
2026-05-05 12:52:17,036 [INFO:utdquake.bank.utils] Finishing to process 0 events in catalog Qbl7WR6r.
2026-05-05 12:52:17,642 [INFO:utdquake.bank] Saved 0 events of 0 possible in chunk id 0   from 2023-11-20 04:43:30.917000 to 2023-11-21 04:43:30.917000 in /groups/igonin/ecastillo/UTDQuake_test/bank/GCI
2026-05-05 12:52:17,643 [INFO:utdquake.bank] Creating stations summary based on the events in the event bank at /groups/igonin/ecastillo/UTDQuake_test/bank/GCI/.stations
2026-05-05 12:52:17,662 [INFO:utdquake.bank.utils] Found 15000 station databases in /groups/igonin/ecastillo/UTDQuake_test/.utdquake/db/stations/.stations.
2026-05-05 12:58:59,309 [INFO:utdquake.bank] Updating stations summary in the event bank at /groups/igonin/ecastillo/UTDQuake_test/bank/GCI
2026-05-05 12:58:59,469 [INFO:utdquake.bank] Stations summary updated successfully.
2026-05-05 12:58:59,469 [INFO:utdquake.bank.utils] [1/10] Fetching events forward 2023-11-21T04:43:30.917000Z to 2023-11-22T04:43:30.917000Z...
2026-05-05 12:58:59,489 [INFO:utdquake.bank.utils] Restarting patience counter after successful fetch.
2026-05-05 12:58:59,489 [INFO:utdquake.bank] Chunk id: 0   initiated | Time range: 2023-11-21 04:43:30.917000 - 2023-11-22 04:43:30.917000 | Chunk creation time: 2026-05-05 12:58:59.489702
2026-05-05 12:58:59,490 [INFO:utdquake.bank.utils] Starting to process 0 events in catalog 0X3tfRvJ. (This id is created just for logging purposes)
2026-05-05 12:58:59,490 [INFO:utdquake.bank.utils] Finishing to process 0 events in catalog 0X3tfRvJ.
2026-05-05 12:59:00,181 [INFO:utdquake.bank] Saved 0 events of 0 possible in chunk id 0   from 2023-11-21 04:43:30.917000 to 2023-11-22 04:43:30.917000 in /groups/igonin/ecastillo/UTDQuake_test/bank/GCI
2026-05-05 12:59:00,182 [INFO:utdquake.bank] Creating stations summary based on the events in the event bank at /groups/igonin/ecastillo/UTDQuake_test/bank/GCI/.stations
2026-05-05 12:59:00,200 [INFO:utdquake.bank.utils] Found 15000 station databases in /groups/igonin/ecastillo/UTDQuake_test/.utdquake/db/stations/.stations.
2026-05-05 13:05:40,101 [INFO:utdquake.bank] Updating stations summary in the event bank at /groups/igonin/ecastillo/UTDQuake_test/bank/GCI
2026-05-05 13:05:40,261 [INFO:utdquake.bank] Stations summary updated successfully.
2026-05-05 13:05:40,262 [INFO:utdquake.bank.utils] [1/10] Fetching events forward 2023-11-22T04:43:30.917000Z to 2023-11-23T04:43:30.917000Z...
2026-05-05 13:05:51,068 [INFO:utdquake.bank.utils] Restarting patience counter after successful fetch.
2026-05-05 13:05:51,070 [INFO:utdquake.bank] Chunk id: 0   initiated | Time range: 2023-11-22 04:43:30.917000 - 2023-11-23 04:43:30.917000 | Chunk creation time: 2026-05-05 13:05:51.070324
2026-05-05 13:05:51,071 [INFO:utdquake.bank.utils] Starting to process 1 events in catalog TdOV3unq. (This id is created just for logging purposes)
2026-05-05 13:05:51,071 [INFO:utdquake.bank.utils] Processing event smi:service.iris.edu/fdsnws/event/1/query?eventid=11770764 with origin smi:service.iris.edu/fdsnws/event/1/query?originid=49257269
2026-05-05 13:05:51,076 [WARNING:utdquake.bank.utils] Station GCI.KKFLS.100 not found in station metadata.
2026-05-05 13:05:51,120 [WARNING:utdquake.bank.utils] Station GCI.KKFLS.101 not found in station metadata.
2026-05-05 13:05:51,158 [WARNING:utdquake.bank.utils] Station GCI.KKFLS.102 not found in station metadata.
2026-05-05 13:05:51,195 [WARNING:utdquake.bank.utils] Station GCI.KKFLS.103 not found in station metadata.
2026-05-05 13:05:51,236 [WARNING:utdquake.bank.utils] Station GCI.KKFLS.104 not found in station metadata.
2026-05-05 13:05:51,272 [WARNING:utdquake.bank.utils] Station GCI.KKFLS.105 not found in station metadata.
2026-05-05 13:05:51,323 [WARNING:utdquake.bank.utils] Station GCI.KKFLS.106 not found in station metadata.
2026-05-05 13:05:51,358 [WARNING:utdquake.bank.utils] Station GCI.KKFLS.107 not found in station metadata.
2026-05-05 13:05:51,394 [WARNING:utdquake.bank.utils] Station GCI.KKFLS.108 not found in station metadata.
2026-05-05 13:05:51,436 [WARNING:utdquake.bank.utils] Station GCI.KKFLS.109 not found in station metadata.
2026-05-05 13:05:51,472 [WARNING:utdquake.bank.utils] Station GCI.KKFLS.110 not found in station metadata.
2026-05-05 13:05:51,516 [WARNING:utdquake.bank.utils] Station GCI.KKFLS.111 not found in station metadata.
2026-05-05 13:05:51,650 [WARNING:utdquake.bank.utils] Station GCI.KKFLS.112 not found in station metadata.
2026-05-05 13:05:51,686 [WARNING:utdquake.bank.utils] Station GCI.KKFLS.113 not found in station metadata.
2026-05-05 13:05:51,726 [WARNING:utdquake.bank.utils] Station GCI.KKFLS.114 not found in station metadata.
2026-05-05 13:05:51,762 [WARNING:utdquake.bank.utils] Station GCI.KKFLS.115 not found in station metadata.
2026-05-05 13:05:51,815 [WARNING:utdquake.bank.utils] Station GCI.KKFLS.116 not found in station metadata.
2026-05-05 13:05:51,851 [WARNING:utdquake.bank.utils] Station GCI.KKFLS.117 not found in station metadata.
2026-05-05 13:05:51,890 [WARNING:utdquake.bank.utils] Station GCI.KKFLS.118 not found in station metadata.
2026-05-05 13:05:51,937 [WARNING:utdquake.bank.utils] Station GCI.KKFLS.119 not found in station metadata.
2026-05-05 13:05:51,974 [WARNING:utdquake.bank.utils] Station GCI.KKFLS.120 not found in station metadata.
2026-05-05 13:05:52,015 [WARNING:utdquake.bank.utils] Station GCI.KKFLS.121 not found in station metadata.
2026-05-05 13:05:52,050 [WARNING:utdquake.bank.utils] Station GCI.KKFLS.122 not found in station metadata.
2026-05-05 13:05:52,089 [WARNING:utdquake.bank.utils] Station GCI.KKFLS.123 not found in station metadata.
2026-05-05 13:05:52,131 [WARNING:utdquake.bank.utils] Station GCI.KKFLS.124 not found in station metadata.
2026-05-05 13:05:52,167 [WARNING:utdquake.bank.utils] Station GCI.KKFLS.124 not found in station metadata.
2026-05-05 13:05:52,231 [WARNING:utdquake.bank.utils] Station GCI.KKFLS.125 not found in station metadata.
2026-05-05 13:05:52,269 [WARNING:utdquake.bank.utils] Station GCI.KKFLS.125 not found in station metadata.
2026-05-05 13:05:52,312 [WARNING:utdquake.bank.utils] Station GCI.KKFLS.126 not found in station metadata.
2026-05-05 13:05:52,349 [WARNING:utdquake.bank.utils] Station GCI.KKFLS.126 not found in station metadata.
2026-05-05 13:05:52,387 [WARNING:utdquake.bank.utils] Station GCI.KKFLS.127 not found in station metadata.
2026-05-05 13:05:52,429 [WARNING:utdquake.bank.utils] Station GCI.KKFLS.128 not found in station metadata.
2026-05-05 13:05:52,467 [WARNING:utdquake.bank.utils] Station GCI.KKFLS.128 not found in station metadata.
2026-05-05 13:05:52,508 [WARNING:utdquake.bank.utils] Station GCI.KKFLS.129 not found in station metadata.
2026-05-05 13:05:52,546 [WARNING:utdquake.bank.utils] Station GCI.KKFLS.130 not found in station metadata.
2026-05-05 13:05:52,581 [WARNING:utdquake.bank.utils] Station GCI.KKFLS.132 not found in station metadata.
2026-05-05 13:05:52,635 [WARNING:utdquake.bank.utils] Station GCI.KKFLS.133 not found in station metadata.
2026-05-05 13:05:52,674 [WARNING:utdquake.bank.utils] Station GCI.KKFLS.134 not found in station metadata.
2026-05-05 13:05:52,717 [WARNING:utdquake.bank.utils] Station GCI.KKFLS.136 not found in station metadata.
2026-05-05 13:05:52,755 [WARNING:utdquake.bank.utils] Station GCI.KKFLS.137 not found in station metadata.
2026-05-05 13:05:52,791 [WARNING:utdquake.bank.utils] Station GCI.KKFLS.138 not found in station metadata.
2026-05-05 13:23:20,177 [INFO:utdquake.bank.utils] Processed origin smi:service.iris.edu/fdsnws/event/1/query?originid=49257269. Ready to update quality metrics.
2026-05-05 13:23:20,178 [INFO:utdquake.bank.utils] Updating quality metrics for origin smi:service.iris.edu/fdsnws/event/1/query?originid=49257269.
2026-05-05 13:23:20,186 [INFO:utdquake.bank.utils] Quality metrics updated for origin smi:service.iris.edu/fdsnws/event/1/query?originid=49257269.
2026-05-05 13:23:20,187 [INFO:utdquake.bank.utils] Updated quality metrics for origin smi:service.iris.edu/fdsnws/event/1/query?originid=49257269.
2026-05-05 13:23:20,187 [INFO:utdquake.bank.utils] Finishing to process 1 events in catalog TdOV3unq.
2026-05-05 13:23:34,863 [INFO:utdquake.bank] Saved 1 events of 1 possible in chunk id 0   from 2023-11-22 04:43:30.917000 to 2023-11-23 04:43:30.917000 in /groups/igonin/ecastillo/UTDQuake_test/bank/GCI
2026-05-05 13:23:34,864 [INFO:utdquake.bank] Creating stations summary based on the events in the event bank at /groups/igonin/ecastillo/UTDQuake_test/bank/GCI/.stations
2026-05-05 13:23:34,881 [INFO:utdquake.bank.utils] Found 15000 station databases in /groups/igonin/ecastillo/UTDQuake_test/.utdquake/db/stations/.stations.
2026-05-05 13:30:19,444 [INFO:utdquake.bank] Updating stations summary in the event bank at /groups/igonin/ecastillo/UTDQuake_test/bank/GCI
2026-05-05 13:30:19,658 [INFO:utdquake.bank] Stations summary updated successfully.
2026-05-05 13:30:19,659 [INFO:utdquake.bank.utils] [1/10] Fetching events forward 2023-11-23T04:43:30.917000Z to 2023-11-24T04:43:30.917000Z...
2026-05-05 13:30:27,210 [INFO:utdquake.bank.utils] Restarting patience counter after successful fetch.
2026-05-05 13:30:27,413 [INFO:utdquake.bank] Chunk id: 0   initiated | Time range: 2023-11-23 04:43:30.917000 - 2023-11-24 04:43:30.917000 | Chunk creation time: 2026-05-05 13:30:27.413847
2026-05-05 13:30:27,414 [INFO:utdquake.bank.utils] Starting to process 1 events in catalog z4caxylu. (This id is created just for logging purposes)
2026-05-05 13:30:27,415 [INFO:utdquake.bank.utils] Processing event smi:service.iris.edu/fdsnws/event/1/query?eventid=11771145 with origin smi:service.iris.edu/fdsnws/event/1/query?originid=49261768
2026-05-05 13:30:27,419 [WARNING:utdquake.bank.utils] Station GCI.KKFLS.101 not found in station metadata.
2026-05-05 13:30:27,459 [WARNING:utdquake.bank.utils] Station GCI.KKFLS.102 not found in station metadata.
2026-05-05 13:30:27,495 [WARNING:utdquake.bank.utils] Station GCI.KKFLS.103 not found in station metadata.
2026-05-05 13:30:27,533 [WARNING:utdquake.bank.utils] Station GCI.KKFLS.104 not found in station metadata.
2026-05-05 13:30:27,566 [WARNING:utdquake.bank.utils] Station GCI.KKFLS.105 not found in station metadata.
2026-05-05 13:30:27,601 [WARNING:utdquake.bank.utils] Station GCI.KKFLS.106 not found in station metadata.
2026-05-05 13:30:27,637 [WARNING:utdquake.bank.utils] Station GCI.KKFLS.107 not found in station metadata.
2026-05-05 13:30:27,670 [WARNING:utdquake.bank.utils] Station GCI.KKFLS.108 not found in station metadata.
2026-05-05 13:30:27,708 [WARNING:utdquake.bank.utils] Station GCI.KKFLS.109 not found in station metadata.
2026-05-05 13:30:27,743 [WARNING:utdquake.bank.utils] Station GCI.KKFLS.109 not found in station metadata.
2026-05-05 13:30:27,777 [WARNING:utdquake.bank.utils] Station GCI.KKFLS.110 not found in station metadata.
2026-05-05 13:30:27,813 [WARNING:utdquake.bank.utils] Station GCI.KKFLS.110 not found in station metadata.
2026-05-05 13:30:27,845 [WARNING:utdquake.bank.utils] Station GCI.KKFLS.111 not found in station metadata.
2026-05-05 13:30:27,879 [WARNING:utdquake.bank.utils] Station GCI.KKFLS.111 not found in station metadata.
2026-05-05 13:30:27,917 [WARNING:utdquake.bank.utils] Station GCI.KKFLS.112 not found in station metadata.
2026-05-05 13:30:27,952 [WARNING:utdquake.bank.utils] Station GCI.KKFLS.112 not found in station metadata.
2026-05-05 13:30:27,987 [WARNING:utdquake.bank.utils] Station GCI.KKFLS.113 not found in station metadata.
2026-05-05 13:30:28,028 [WARNING:utdquake.bank.utils] Station GCI.KKFLS.113 not found in station metadata.
2026-05-05 13:30:28,061 [WARNING:utdquake.bank.utils] Station GCI.KKFLS.114 not found in station metadata.
2026-05-05 13:30:28,125 [WARNING:utdquake.bank.utils] Station GCI.KKFLS.114 not found in station metadata.
2026-05-05 13:30:28,158 [WARNING:utdquake.bank.utils] Station GCI.KKFLS.115 not found in station metadata.
2026-05-05 13:30:28,190 [WARNING:utdquake.bank.utils] Station GCI.KKFLS.115 not found in station metadata.
2026-05-05 13:30:28,227 [WARNING:utdquake.bank.utils] Station GCI.KKFLS.116 not found in station metadata.
2026-05-05 13:30:28,265 [WARNING:utdquake.bank.utils] Station GCI.KKFLS.116 not found in station metadata.
2026-05-05 13:30:28,299 [WARNING:utdquake.bank.utils] Station GCI.KKFLS.117 not found in station metadata.
2026-05-05 13:30:28,338 [WARNING:utdquake.bank.utils] Station GCI.KKFLS.117 not found in station metadata.
2026-05-05 13:30:28,373 [WARNING:utdquake.bank.utils] Station GCI.KKFLS.118 not found in station metadata.
2026-05-05 13:30:28,415 [WARNING:utdquake.bank.utils] Station GCI.KKFLS.118 not found in station metadata.
2026-05-05 13:30:28,450 [WARNING:utdquake.bank.utils] Station GCI.KKFLS.119 not found in station metadata.
2026-05-05 13:30:28,486 [WARNING:utdquake.bank.utils] Station GCI.KKFLS.119 not found in station metadata.
2026-05-05 13:30:28,527 [WARNING:utdquake.bank.utils] Station GCI.KKFLS.120 not found in station metadata.
2026-05-05 13:30:28,561 [WARNING:utdquake.bank.utils] Station GCI.KKFLS.120 not found in station metadata.
2026-05-05 13:30:28,595 [WARNING:utdquake.bank.utils] Station GCI.KKFLS.121 not found in station metadata.
2026-05-05 13:30:28,636 [WARNING:utdquake.bank.utils] Station GCI.KKFLS.121 not found in station metadata.
2026-05-05 13:30:28,675 [WARNING:utdquake.bank.utils] Station GCI.KKFLS.122 not found in station metadata.
2026-05-05 13:30:28,736 [WARNING:utdquake.bank.utils] Station GCI.KKFLS.122 not found in station metadata.
2026-05-05 13:30:28,769 [WARNING:utdquake.bank.utils] Station GCI.KKFLS.123 not found in station metadata.
2026-05-05 13:30:28,811 [WARNING:utdquake.bank.utils] Station GCI.KKFLS.123 not found in station metadata.
2026-05-05 13:30:28,846 [WARNING:utdquake.bank.utils] Station GCI.KKFLS.124 not found in station metadata.
2026-05-05 13:30:28,881 [WARNING:utdquake.bank.utils] Station GCI.KKFLS.124 not found in station metadata.
2026-05-05 13:30:28,919 [WARNING:utdquake.bank.utils] Station GCI.KKFLS.125 not found in station metadata.
2026-05-05 13:30:28,971 [WARNING:utdquake.bank.utils] Station GCI.KKFLS.125 not found in station metadata.
2026-05-05 13:30:29,010 [WARNING:utdquake.bank.utils] Station GCI.KKFLS.126 not found in station metadata.
2026-05-05 13:30:29,044 [WARNING:utdquake.bank.utils] Station GCI.KKFLS.126 not found in station metadata.
2026-05-05 13:30:29,077 [WARNING:utdquake.bank.utils] Station GCI.KKFLS.127 not found in station metadata.
2026-05-05 13:30:29,116 [WARNING:utdquake.bank.utils] Station GCI.KKFLS.127 not found in station metadata.
2026-05-05 13:30:29,149 [WARNING:utdquake.bank.utils] Station GCI.KKFLS.128 not found in station metadata.
2026-05-05 13:30:29,193 [WARNING:utdquake.bank.utils] Station GCI.KKFLS.128 not found in station metadata.
2026-05-05 13:30:29,231 [WARNING:utdquake.bank.utils] Station GCI.KKFLS.129 not found in station metadata.
2026-05-05 13:30:29,266 [WARNING:utdquake.bank.utils] Station GCI.KKFLS.129 not found in station metadata.
2026-05-05 13:30:29,297 [WARNING:utdquake.bank.utils] Station GCI.KKFLS.130 not found in station metadata.
2026-05-05 13:30:29,365 [WARNING:utdquake.bank.utils] Station GCI.KKFLS.130 not found in station metadata.
2026-05-05 13:30:29,398 [WARNING:utdquake.bank.utils] Station GCI.KKFLS.131 not found in station metadata.
2026-05-05 13:30:29,441 [WARNING:utdquake.bank.utils] Station GCI.KKFLS.131 not found in station metadata.
2026-05-05 13:30:29,476 [WARNING:utdquake.bank.utils] Station GCI.KKFLS.132 not found in station metadata.
2026-05-05 13:30:29,513 [WARNING:utdquake.bank.utils] Station GCI.KKFLS.134 not found in station metadata.
2026-05-05 13:30:29,546 [WARNING:utdquake.bank.utils] Station GCI.KKFLS.135 not found in station metadata.
2026-05-05 13:30:29,579 [WARNING:utdquake.bank.utils] Station GCI.KKFLS.137 not found in station metadata.
2026-05-05 13:30:29,619 [WARNING:utdquake.bank.utils] Station GCI.KKFLS.137 not found in station metadata.
2026-05-05 13:30:29,653 [WARNING:utdquake.bank.utils] Station GCI.KKFLS.138 not found in station metadata.
2026-05-05 13:30:29,690 [WARNING:utdquake.bank.utils] Station GCI.KKFLS.138 not found in station metadata.
2026-05-05 13:41:31,869 [INFO:utdquake.bank.utils] Processed origin smi:service.iris.edu/fdsnws/event/1/query?originid=49261768. Ready to update quality metrics.
2026-05-05 13:41:31,871 [INFO:utdquake.bank.utils] Updating quality metrics for origin smi:service.iris.edu/fdsnws/event/1/query?originid=49261768.
2026-05-05 13:41:31,877 [INFO:utdquake.bank.utils] Quality metrics updated for origin smi:service.iris.edu/fdsnws/event/1/query?originid=49261768.
2026-05-05 13:41:31,878 [INFO:utdquake.bank.utils] Updated quality metrics for origin smi:service.iris.edu/fdsnws/event/1/query?originid=49261768.
2026-05-05 13:41:31,879 [INFO:utdquake.bank.utils] Finishing to process 1 events in catalog z4caxylu.
2026-05-05 13:41:41,630 [INFO:utdquake.bank] Saved 1 events of 1 possible in chunk id 0   from 2023-11-23 04:43:30.917000 to 2023-11-24 04:43:30.917000 in /groups/igonin/ecastillo/UTDQuake_test/bank/GCI
2026-05-05 13:41:41,631 [INFO:utdquake.bank] Creating stations summary based on the events in the event bank at /groups/igonin/ecastillo/UTDQuake_test/bank/GCI/.stations
2026-05-05 13:41:41,648 [INFO:utdquake.bank.utils] Found 15000 station databases in /groups/igonin/ecastillo/UTDQuake_test/.utdquake/db/stations/.stations.
2026-05-05 13:48:34,607 [INFO:utdquake.bank] Updating stations summary in the event bank at /groups/igonin/ecastillo/UTDQuake_test/bank/GCI
2026-05-05 13:48:34,821 [INFO:utdquake.bank] Stations summary updated successfully.
2026-05-05 13:48:34,821 [INFO:utdquake.bank.utils] [1/10] Fetching events forward 2023-11-24T04:43:30.917000Z to 2023-11-25T04:43:30.917000Z...
2026-05-05 13:48:34,872 [INFO:utdquake.bank.utils] Restarting patience counter after successful fetch.
2026-05-05 13:48:35,025 [INFO:utdquake.bank] Chunk id: 0   initiated | Time range: 2023-11-24 04:43:30.917000 - 2023-11-25 04:43:30.917000 | Chunk creation time: 2026-05-05 13:48:35.025421
2026-05-05 13:48:35,026 [INFO:utdquake.bank.utils] Starting to process 0 events in catalog gzftKBCY. (This id is created just for logging purposes)
2026-05-05 13:48:35,026 [INFO:utdquake.bank.utils] Finishing to process 0 events in catalog gzftKBCY.
2026-05-05 13:48:35,678 [INFO:utdquake.bank] Saved 0 events of 0 possible in chunk id 0   from 2023-11-24 04:43:30.917000 to 2023-11-25 04:43:30.917000 in /groups/igonin/ecastillo/UTDQuake_test/bank/GCI
2026-05-05 13:48:35,678 [INFO:utdquake.bank] Creating stations summary based on the events in the event bank at /groups/igonin/ecastillo/UTDQuake_test/bank/GCI/.stations
2026-05-05 13:48:35,696 [INFO:utdquake.bank.utils] Found 15000 station databases in /groups/igonin/ecastillo/UTDQuake_test/.utdquake/db/stations/.stations.
2026-05-05 13:55:18,119 [INFO:utdquake.bank] Updating stations summary in the event bank at /groups/igonin/ecastillo/UTDQuake_test/bank/GCI
2026-05-05 13:55:18,308 [INFO:utdquake.bank] Stations summary updated successfully.
2026-05-05 13:55:18,309 [INFO:utdquake.bank.utils] [1/10] Fetching events forward 2023-11-25T04:43:30.917000Z to 2023-11-26T04:43:30.917000Z...
2026-05-05 13:55:33,047 [INFO:utdquake.bank.utils] Restarting patience counter after successful fetch.
2026-05-05 13:55:33,084 [INFO:utdquake.bank] Chunk id: 0   initiated | Time range: 2023-11-25 04:43:30.917000 - 2023-11-26 04:43:30.917000 | Chunk creation time: 2026-05-05 13:55:33.084166
2026-05-05 13:55:33,084 [INFO:utdquake.bank.utils] Starting to process 2 events in catalog i5zilo47. (This id is created just for logging purposes)
2026-05-05 13:55:33,084 [INFO:utdquake.bank.utils] Processing event smi:service.iris.edu/fdsnws/event/1/query?eventid=11771748 with origin smi:service.iris.edu/fdsnws/event/1/query?originid=49269320
2026-05-05 13:55:33,090 [WARNING:utdquake.bank.utils] Station GCI.KKFLS.100 not found in station metadata.
2026-05-05 13:55:33,133 [WARNING:utdquake.bank.utils] Station GCI.KKFLS.102 not found in station metadata.
2026-05-05 13:55:33,168 [WARNING:utdquake.bank.utils] Station GCI.KKFLS.104 not found in station metadata.
2026-05-05 13:55:33,200 [WARNING:utdquake.bank.utils] Station GCI.KKFLS.105 not found in station metadata.
2026-05-05 13:55:33,240 [WARNING:utdquake.bank.utils] Station GCI.KKFLS.106 not found in station metadata.
2026-05-05 13:55:33,275 [WARNING:utdquake.bank.utils] Station GCI.KKFLS.107 not found in station metadata.
2026-05-05 13:55:33,314 [WARNING:utdquake.bank.utils] Station GCI.KKFLS.109 not found in station metadata.
2026-05-05 13:55:33,357 [WARNING:utdquake.bank.utils] Station GCI.KKFLS.109 not found in station metadata.
2026-05-05 13:55:33,390 [WARNING:utdquake.bank.utils] Station GCI.KKFLS.110 not found in station metadata.
2026-05-05 13:55:33,431 [WARNING:utdquake.bank.utils] Station GCI.KKFLS.110 not found in station metadata.
2026-05-05 13:55:33,466 [WARNING:utdquake.bank.utils] Station GCI.KKFLS.111 not found in station metadata.
2026-05-05 13:55:33,499 [WARNING:utdquake.bank.utils] Station GCI.KKFLS.111 not found in station metadata.
2026-05-05 13:55:33,538 [WARNING:utdquake.bank.utils] Station GCI.KKFLS.112 not found in station metadata.
2026-05-05 13:55:33,574 [WARNING:utdquake.bank.utils] Station GCI.KKFLS.112 not found in station metadata.
2026-05-05 13:55:33,614 [WARNING:utdquake.bank.utils] Station GCI.KKFLS.113 not found in station metadata.
2026-05-05 13:55:33,648 [WARNING:utdquake.bank.utils] Station GCI.KKFLS.113 not found in station metadata.
2026-05-05 13:55:33,682 [WARNING:utdquake.bank.utils] Station GCI.KKFLS.114 not found in station metadata.
2026-05-05 13:55:33,733 [WARNING:utdquake.bank.utils] Station GCI.KKFLS.114 not found in station metadata.
2026-05-05 13:55:33,767 [WARNING:utdquake.bank.utils] Station GCI.KKFLS.115 not found in station metadata.
2026-05-05 13:55:33,799 [WARNING:utdquake.bank.utils] Station GCI.KKFLS.115 not found in station metadata.
2026-05-05 13:55:33,836 [WARNING:utdquake.bank.utils] Station GCI.KKFLS.116 not found in station metadata.
2026-05-05 13:55:33,867 [WARNING:utdquake.bank.utils] Station GCI.KKFLS.116 not found in station metadata.
2026-05-05 13:55:33,928 [WARNING:utdquake.bank.utils] Station GCI.KKFLS.117 not found in station metadata.
2026-05-05 13:55:33,962 [WARNING:utdquake.bank.utils] Station GCI.KKFLS.117 not found in station metadata.
2026-05-05 13:55:34,000 [WARNING:utdquake.bank.utils] Station GCI.KKFLS.118 not found in station metadata.
2026-05-05 13:55:34,041 [WARNING:utdquake.bank.utils] Station GCI.KKFLS.118 not found in station metadata.
2026-05-05 13:55:34,076 [WARNING:utdquake.bank.utils] Station GCI.KKFLS.119 not found in station metadata.
2026-05-05 13:55:34,117 [WARNING:utdquake.bank.utils] Station GCI.KKFLS.119 not found in station metadata.
2026-05-05 13:55:34,150 [WARNING:utdquake.bank.utils] Station GCI.KKFLS.120 not found in station metadata.
2026-05-05 13:55:34,184 [WARNING:utdquake.bank.utils] Station GCI.KKFLS.120 not found in station metadata.
2026-05-05 13:55:34,221 [WARNING:utdquake.bank.utils] Station GCI.KKFLS.121 not found in station metadata.
2026-05-05 13:55:34,253 [WARNING:utdquake.bank.utils] Station GCI.KKFLS.121 not found in station metadata.
2026-05-05 13:55:34,288 [WARNING:utdquake.bank.utils] Station GCI.KKFLS.122 not found in station metadata.
2026-05-05 13:55:34,349 [WARNING:utdquake.bank.utils] Station GCI.KKFLS.122 not found in station metadata.
2026-05-05 13:55:34,384 [WARNING:utdquake.bank.utils] Station GCI.KKFLS.123 not found in station metadata.
2026-05-05 13:55:34,437 [WARNING:utdquake.bank.utils] Station GCI.KKFLS.123 not found in station metadata.
2026-05-05 13:55:34,471 [WARNING:utdquake.bank.utils] Station GCI.KKFLS.124 not found in station metadata.
2026-05-05 13:55:34,510 [WARNING:utdquake.bank.utils] Station GCI.KKFLS.124 not found in station metadata.
2026-05-05 13:55:34,542 [WARNING:utdquake.bank.utils] Station GCI.KKFLS.125 not found in station metadata.
2026-05-05 13:55:34,575 [WARNING:utdquake.bank.utils] Station GCI.KKFLS.125 not found in station metadata.
2026-05-05 13:55:34,613 [WARNING:utdquake.bank.utils] Station GCI.KKFLS.126 not found in station metadata.
2026-05-05 13:55:34,645 [WARNING:utdquake.bank.utils] Station GCI.KKFLS.126 not found in station metadata.
2026-05-05 13:55:34,678 [WARNING:utdquake.bank.utils] Station GCI.KKFLS.127 not found in station metadata.
2026-05-05 13:55:34,729 [WARNING:utdquake.bank.utils] Station GCI.KKFLS.127 not found in station metadata.
2026-05-05 13:55:34,763 [WARNING:utdquake.bank.utils] Station GCI.KKFLS.128 not found in station metadata.
2026-05-05 13:55:34,796 [WARNING:utdquake.bank.utils] Station GCI.KKFLS.128 not found in station metadata.
2026-05-05 13:55:34,833 [WARNING:utdquake.bank.utils] Station GCI.KKFLS.129 not found in station metadata.
2026-05-05 13:55:34,866 [WARNING:utdquake.bank.utils] Station GCI.KKFLS.129 not found in station metadata.
2026-05-05 13:55:34,900 [WARNING:utdquake.bank.utils] Station GCI.KKFLS.130 not found in station metadata.
2026-05-05 13:55:34,938 [WARNING:utdquake.bank.utils] Station GCI.KKFLS.130 not found in station metadata.
2026-05-05 13:55:34,971 [WARNING:utdquake.bank.utils] Station GCI.KKFLS.131 not found in station metadata.
2026-05-05 13:55:35,010 [WARNING:utdquake.bank.utils] Station GCI.KKFLS.131 not found in station metadata.
2026-05-05 13:55:35,042 [WARNING:utdquake.bank.utils] Station GCI.KKFLS.132 not found in station metadata.
2026-05-05 13:55:35,087 [WARNING:utdquake.bank.utils] Station GCI.KKFLS.132 not found in station metadata.
2026-05-05 13:55:35,126 [WARNING:utdquake.bank.utils] Station GCI.KKFLS.133 not found in station metadata.
2026-05-05 13:55:35,160 [WARNING:utdquake.bank.utils] Station GCI.KKFLS.134 not found in station metadata.
2026-05-05 13:55:35,196 [WARNING:utdquake.bank.utils] Station GCI.KKFLS.135 not found in station metadata.
2026-05-05 13:55:35,235 [WARNING:utdquake.bank.utils] Station GCI.KKFLS.136 not found in station metadata.
2026-05-05 13:55:35,268 [WARNING:utdquake.bank.utils] Station GCI.KKFLS.137 not found in station metadata.
2026-05-05 13:55:35,300 [WARNING:utdquake.bank.utils] Station GCI.KKFLS.137 not found in station metadata.
2026-05-05 13:55:35,339 [WARNING:utdquake.bank.utils] Station GCI.KKFLS.138 not found in station metadata.
2026-05-05 13:55:35,372 [WARNING:utdquake.bank.utils] Station GCI.KKFLS.138 not found in station metadata.
2026-05-05 14:05:12,493 [INFO:utdquake.bank.utils] Processed origin smi:service.iris.edu/fdsnws/event/1/query?originid=49269320. Ready to update quality metrics.
2026-05-05 14:05:12,494 [INFO:utdquake.bank.utils] Updating quality metrics for origin smi:service.iris.edu/fdsnws/event/1/query?originid=49269320.
2026-05-05 14:05:12,500 [INFO:utdquake.bank.utils] Quality metrics updated for origin smi:service.iris.edu/fdsnws/event/1/query?originid=49269320.
2026-05-05 14:05:12,505 [INFO:utdquake.bank.utils] Updated quality metrics for origin smi:service.iris.edu/fdsnws/event/1/query?originid=49269320.
2026-05-05 14:05:12,506 [INFO:utdquake.bank.utils] Processing event smi:service.iris.edu/fdsnws/event/1/query?eventid=11771551 with origin smi:service.iris.edu/fdsnws/event/1/query?originid=49266719
2026-05-05 14:05:12,510 [WARNING:utdquake.bank.utils] Station GCI.KKFLS.100 not found in station metadata.
2026-05-05 14:05:12,546 [WARNING:utdquake.bank.utils] Station GCI.KKFLS.101 not found in station metadata.
2026-05-05 14:05:12,581 [WARNING:utdquake.bank.utils] Station GCI.KKFLS.102 not found in station metadata.
2026-05-05 14:05:12,626 [WARNING:utdquake.bank.utils] Station GCI.KKFLS.103 not found in station metadata.
2026-05-05 14:05:12,661 [WARNING:utdquake.bank.utils] Station GCI.KKFLS.104 not found in station metadata.
2026-05-05 14:05:12,696 [WARNING:utdquake.bank.utils] Station GCI.KKFLS.105 not found in station metadata.
2026-05-05 14:05:12,738 [WARNING:utdquake.bank.utils] Station GCI.KKFLS.106 not found in station metadata.
2026-05-05 14:05:12,775 [WARNING:utdquake.bank.utils] Station GCI.KKFLS.109 not found in station metadata.
2026-05-05 14:05:12,814 [WARNING:utdquake.bank.utils] Station GCI.KKFLS.109 not found in station metadata.
2026-05-05 14:05:12,849 [WARNING:utdquake.bank.utils] Station GCI.KKFLS.110 not found in station metadata.
2026-05-05 14:05:12,887 [WARNING:utdquake.bank.utils] Station GCI.KKFLS.110 not found in station metadata.
2026-05-05 14:05:12,926 [WARNING:utdquake.bank.utils] Station GCI.KKFLS.111 not found in station metadata.
2026-05-05 14:05:12,961 [WARNING:utdquake.bank.utils] Station GCI.KKFLS.111 not found in station metadata.
2026-05-05 14:05:12,997 [WARNING:utdquake.bank.utils] Station GCI.KKFLS.112 not found in station metadata.
2026-05-05 14:05:13,038 [WARNING:utdquake.bank.utils] Station GCI.KKFLS.112 not found in station metadata.
2026-05-05 14:05:13,074 [WARNING:utdquake.bank.utils] Station GCI.KKFLS.113 not found in station metadata.
2026-05-05 14:05:13,116 [WARNING:utdquake.bank.utils] Station GCI.KKFLS.113 not found in station metadata.
2026-05-05 14:05:13,151 [WARNING:utdquake.bank.utils] Station GCI.KKFLS.114 not found in station metadata.
2026-05-05 14:05:13,186 [WARNING:utdquake.bank.utils] Station GCI.KKFLS.114 not found in station metadata.
2026-05-05 14:05:13,225 [WARNING:utdquake.bank.utils] Station GCI.KKFLS.115 not found in station metadata.
2026-05-05 14:05:13,259 [WARNING:utdquake.bank.utils] Station GCI.KKFLS.115 not found in station metadata.
2026-05-05 14:05:13,326 [WARNING:utdquake.bank.utils] Station GCI.KKFLS.116 not found in station metadata.
2026-05-05 14:05:13,361 [WARNING:utdquake.bank.utils] Station GCI.KKFLS.116 not found in station metadata.
2026-05-05 14:05:13,395 [WARNING:utdquake.bank.utils] Station GCI.KKFLS.117 not found in station metadata.
2026-05-05 14:05:13,436 [WARNING:utdquake.bank.utils] Station GCI.KKFLS.117 not found in station metadata.
2026-05-05 14:05:13,473 [WARNING:utdquake.bank.utils] Station GCI.KKFLS.118 not found in station metadata.
2026-05-05 14:05:13,511 [WARNING:utdquake.bank.utils] Station GCI.KKFLS.118 not found in station metadata.
2026-05-05 14:05:13,546 [WARNING:utdquake.bank.utils] Station GCI.KKFLS.119 not found in station metadata.
2026-05-05 14:05:13,582 [WARNING:utdquake.bank.utils] Station GCI.KKFLS.119 not found in station metadata.
2026-05-05 14:05:13,620 [WARNING:utdquake.bank.utils] Station GCI.KKFLS.120 not found in station metadata.
2026-05-05 14:05:13,656 [WARNING:utdquake.bank.utils] Station GCI.KKFLS.120 not found in station metadata.
2026-05-05 14:05:13,695 [WARNING:utdquake.bank.utils] Station GCI.KKFLS.121 not found in station metadata.
2026-05-05 14:05:13,738 [WARNING:utdquake.bank.utils] Station GCI.KKFLS.121 not found in station metadata.
2026-05-05 14:05:13,770 [WARNING:utdquake.bank.utils] Station GCI.KKFLS.122 not found in station metadata.
2026-05-05 14:05:13,811 [WARNING:utdquake.bank.utils] Station GCI.KKFLS.122 not found in station metadata.
2026-05-05 14:05:13,843 [WARNING:utdquake.bank.utils] Station GCI.KKFLS.123 not found in station metadata.
2026-05-05 14:05:13,878 [WARNING:utdquake.bank.utils] Station GCI.KKFLS.123 not found in station metadata.
2026-05-05 14:05:13,917 [WARNING:utdquake.bank.utils] Station GCI.KKFLS.124 not found in station metadata.
2026-05-05 14:05:13,951 [WARNING:utdquake.bank.utils] Station GCI.KKFLS.125 not found in station metadata.
2026-05-05 14:05:13,985 [WARNING:utdquake.bank.utils] Station GCI.KKFLS.126 not found in station metadata.
2026-05-05 14:05:14,029 [WARNING:utdquake.bank.utils] Station GCI.KKFLS.129 not found in station metadata.
2026-05-05 14:05:14,077 [WARNING:utdquake.bank.utils] Station GCI.KKFLS.130 not found in station metadata.
2026-05-05 14:05:14,116 [WARNING:utdquake.bank.utils] Station GCI.KKFLS.131 not found in station metadata.
2026-05-05 14:05:14,179 [WARNING:utdquake.bank.utils] Station GCI.KKFLS.132 not found in station metadata.
2026-05-05 14:05:14,218 [WARNING:utdquake.bank.utils] Station GCI.KKFLS.133 not found in station metadata.
2026-05-05 14:05:14,256 [WARNING:utdquake.bank.utils] Station GCI.KKFLS.133 not found in station metadata.
2026-05-05 14:05:14,289 [WARNING:utdquake.bank.utils] Station GCI.KKFLS.134 not found in station metadata.
2026-05-05 14:05:14,330 [WARNING:utdquake.bank.utils] Station GCI.KKFLS.134 not found in station metadata.
2026-05-05 14:05:14,362 [WARNING:utdquake.bank.utils] Station GCI.KKFLS.135 not found in station metadata.
2026-05-05 14:05:14,397 [WARNING:utdquake.bank.utils] Station GCI.KKFLS.135 not found in station metadata.
2026-05-05 14:05:14,435 [WARNING:utdquake.bank.utils] Station GCI.KKFLS.138 not found in station metadata.
2026-05-05 14:18:09,943 [INFO:utdquake.bank.utils] Processed origin smi:service.iris.edu/fdsnws/event/1/query?originid=49266719. Ready to update quality metrics.
2026-05-05 14:18:09,944 [INFO:utdquake.bank.utils] Updating quality metrics for origin smi:service.iris.edu/fdsnws/event/1/query?originid=49266719.
2026-05-05 14:18:09,950 [INFO:utdquake.bank.utils] Quality metrics updated for origin smi:service.iris.edu/fdsnws/event/1/query?originid=49266719.
2026-05-05 14:18:09,951 [INFO:utdquake.bank.utils] Updated quality metrics for origin smi:service.iris.edu/fdsnws/event/1/query?originid=49266719.
2026-05-05 14:18:09,952 [INFO:utdquake.bank.utils] Finishing to process 2 events in catalog i5zilo47.
2026-05-05 14:18:29,640 [INFO:utdquake.bank] Saved 2 events of 2 possible in chunk id 0   from 2023-11-25 04:43:30.917000 to 2023-11-26 04:43:30.917000 in /groups/igonin/ecastillo/UTDQuake_test/bank/GCI
2026-05-05 14:18:29,641 [INFO:utdquake.bank] Creating stations summary based on the events in the event bank at /groups/igonin/ecastillo/UTDQuake_test/bank/GCI/.stations
2026-05-05 14:18:29,660 [INFO:utdquake.bank.utils] Found 15000 station databases in /groups/igonin/ecastillo/UTDQuake_test/.utdquake/db/stations/.stations.
2026-05-05 14:25:15,913 [INFO:utdquake.bank] Updating stations summary in the event bank at /groups/igonin/ecastillo/UTDQuake_test/bank/GCI
2026-05-05 14:25:16,169 [INFO:utdquake.bank] Stations summary updated successfully.
2026-05-05 14:25:16,170 [INFO:utdquake.bank.utils] [1/10] Fetching events forward 2023-11-26T04:43:30.917000Z to 2023-11-27T04:43:30.917000Z...
2026-05-05 14:25:30,002 [INFO:utdquake.bank.utils] Restarting patience counter after successful fetch.
2026-05-05 14:25:30,321 [INFO:utdquake.bank] Chunk id: 0   initiated | Time range: 2023-11-26 04:43:30.917000 - 2023-11-27 04:43:30.917000 | Chunk creation time: 2026-05-05 14:25:30.321149
2026-05-05 14:25:30,321 [INFO:utdquake.bank.utils] Starting to process 1 events in catalog uZpGLBq7. (This id is created just for logging purposes)
2026-05-05 14:25:30,322 [INFO:utdquake.bank.utils] Processing event smi:service.iris.edu/fdsnws/event/1/query?eventid=11772037 with origin smi:service.iris.edu/fdsnws/event/1/query?originid=49272719
2026-05-05 14:25:30,327 [WARNING:utdquake.bank.utils] Station GCI.KKFLS.100 not found in station metadata.
2026-05-05 14:25:30,364 [WARNING:utdquake.bank.utils] Station GCI.KKFLS.100 not found in station metadata.
2026-05-05 14:25:30,400 [WARNING:utdquake.bank.utils] Station GCI.KKFLS.101 not found in station metadata.
2026-05-05 14:25:30,438 [WARNING:utdquake.bank.utils] Station GCI.KKFLS.101 not found in station metadata.
2026-05-05 14:25:30,471 [WARNING:utdquake.bank.utils] Station GCI.KKFLS.102 not found in station metadata.
2026-05-05 14:25:30,511 [WARNING:utdquake.bank.utils] Station GCI.KKFLS.103 not found in station metadata.
2026-05-05 14:25:30,544 [WARNING:utdquake.bank.utils] Station GCI.KKFLS.103 not found in station metadata.
2026-05-05 14:25:30,579 [WARNING:utdquake.bank.utils] Station GCI.KKFLS.104 not found in station metadata.
2026-05-05 14:25:30,619 [WARNING:utdquake.bank.utils] Station GCI.KKFLS.104 not found in station metadata.
2026-05-05 14:25:30,655 [WARNING:utdquake.bank.utils] Station GCI.KKFLS.105 not found in station metadata.
2026-05-05 14:25:30,691 [WARNING:utdquake.bank.utils] Station GCI.KKFLS.105 not found in station metadata.
2026-05-05 14:25:30,739 [WARNING:utdquake.bank.utils] Station GCI.KKFLS.106 not found in station metadata.
2026-05-05 14:25:30,774 [WARNING:utdquake.bank.utils] Station GCI.KKFLS.106 not found in station metadata.
2026-05-05 14:25:30,813 [WARNING:utdquake.bank.utils] Station GCI.KKFLS.107 not found in station metadata.
2026-05-05 14:25:30,847 [WARNING:utdquake.bank.utils] Station GCI.KKFLS.107 not found in station metadata.
2026-05-05 14:25:30,902 [WARNING:utdquake.bank.utils] Station GCI.KKFLS.108 not found in station metadata.
2026-05-05 14:25:30,939 [WARNING:utdquake.bank.utils] Station GCI.KKFLS.108 not found in station metadata.
2026-05-05 14:25:30,974 [WARNING:utdquake.bank.utils] Station GCI.KKFLS.109 not found in station metadata.
2026-05-05 14:25:31,012 [WARNING:utdquake.bank.utils] Station GCI.KKFLS.109 not found in station metadata.
2026-05-05 14:25:31,046 [WARNING:utdquake.bank.utils] Station GCI.KKFLS.110 not found in station metadata.
2026-05-05 14:25:31,080 [WARNING:utdquake.bank.utils] Station GCI.KKFLS.110 not found in station metadata.
2026-05-05 14:25:31,119 [WARNING:utdquake.bank.utils] Station GCI.KKFLS.111 not found in station metadata.
2026-05-05 14:25:31,156 [WARNING:utdquake.bank.utils] Station GCI.KKFLS.111 not found in station metadata.
2026-05-05 14:25:31,191 [WARNING:utdquake.bank.utils] Station GCI.KKFLS.112 not found in station metadata.
2026-05-05 14:25:31,231 [WARNING:utdquake.bank.utils] Station GCI.KKFLS.112 not found in station metadata.
2026-05-05 14:25:31,267 [WARNING:utdquake.bank.utils] Station GCI.KKFLS.113 not found in station metadata.
2026-05-05 14:25:31,301 [WARNING:utdquake.bank.utils] Station GCI.KKFLS.113 not found in station metadata.
2026-05-05 14:25:31,341 [WARNING:utdquake.bank.utils] Station GCI.KKFLS.114 not found in station metadata.
2026-05-05 14:25:31,375 [WARNING:utdquake.bank.utils] Station GCI.KKFLS.114 not found in station metadata.
2026-05-05 14:25:31,420 [WARNING:utdquake.bank.utils] Station GCI.KKFLS.115 not found in station metadata.
2026-05-05 14:25:31,453 [WARNING:utdquake.bank.utils] Station GCI.KKFLS.115 not found in station metadata.
2026-05-05 14:25:31,510 [WARNING:utdquake.bank.utils] Station GCI.KKFLS.116 not found in station metadata.
2026-05-05 14:25:31,544 [WARNING:utdquake.bank.utils] Station GCI.KKFLS.116 not found in station metadata.
2026-05-05 14:25:31,578 [WARNING:utdquake.bank.utils] Station GCI.KKFLS.117 not found in station metadata.
2026-05-05 14:25:31,620 [WARNING:utdquake.bank.utils] Station GCI.KKFLS.117 not found in station metadata.
2026-05-05 14:25:31,656 [WARNING:utdquake.bank.utils] Station GCI.KKFLS.118 not found in station metadata.
2026-05-05 14:25:31,694 [WARNING:utdquake.bank.utils] Station GCI.KKFLS.118 not found in station metadata.
2026-05-05 14:25:31,734 [WARNING:utdquake.bank.utils] Station GCI.KKFLS.119 not found in station metadata.
2026-05-05 14:25:31,769 [WARNING:utdquake.bank.utils] Station GCI.KKFLS.119 not found in station metadata.
2026-05-05 14:25:31,801 [WARNING:utdquake.bank.utils] Station GCI.KKFLS.120 not found in station metadata.
2026-05-05 14:25:31,838 [WARNING:utdquake.bank.utils] Station GCI.KKFLS.120 not found in station metadata.
2026-05-05 14:25:31,870 [WARNING:utdquake.bank.utils] Station GCI.KKFLS.121 not found in station metadata.
2026-05-05 14:25:31,909 [WARNING:utdquake.bank.utils] Station GCI.KKFLS.121 not found in station metadata.
2026-05-05 14:25:31,942 [WARNING:utdquake.bank.utils] Station GCI.KKFLS.122 not found in station metadata.
2026-05-05 14:25:31,981 [WARNING:utdquake.bank.utils] Station GCI.KKFLS.122 not found in station metadata.
2026-05-05 14:25:32,019 [WARNING:utdquake.bank.utils] Station GCI.KKFLS.123 not found in station metadata.
2026-05-05 14:25:32,051 [WARNING:utdquake.bank.utils] Station GCI.KKFLS.123 not found in station metadata.
2026-05-05 14:25:32,111 [WARNING:utdquake.bank.utils] Station GCI.KKFLS.124 not found in station metadata.
2026-05-05 14:25:32,146 [WARNING:utdquake.bank.utils] Station GCI.KKFLS.124 not found in station metadata.
2026-05-05 14:25:32,179 [WARNING:utdquake.bank.utils] Station GCI.KKFLS.125 not found in station metadata.
2026-05-05 14:25:32,220 [WARNING:utdquake.bank.utils] Station GCI.KKFLS.125 not found in station metadata.
2026-05-05 14:25:32,253 [WARNING:utdquake.bank.utils] Station GCI.KKFLS.126 not found in station metadata.
2026-05-05 14:25:32,288 [WARNING:utdquake.bank.utils] Station GCI.KKFLS.126 not found in station metadata.
2026-05-05 14:25:32,326 [WARNING:utdquake.bank.utils] Station GCI.KKFLS.127 not found in station metadata.
2026-05-05 14:25:32,363 [WARNING:utdquake.bank.utils] Station GCI.KKFLS.127 not found in station metadata.
2026-05-05 14:25:32,396 [WARNING:utdquake.bank.utils] Station GCI.KKFLS.128 not found in station metadata.
2026-05-05 14:25:32,436 [WARNING:utdquake.bank.utils] Station GCI.KKFLS.128 not found in station metadata.
2026-05-05 14:25:32,471 [WARNING:utdquake.bank.utils] Station GCI.KKFLS.129 not found in station metadata.
2026-05-05 14:25:32,510 [WARNING:utdquake.bank.utils] Station GCI.KKFLS.129 not found in station metadata.
2026-05-05 14:25:32,544 [WARNING:utdquake.bank.utils] Station GCI.KKFLS.130 not found in station metadata.
2026-05-05 14:25:32,579 [WARNING:utdquake.bank.utils] Station GCI.KKFLS.130 not found in station metadata.
2026-05-05 14:25:32,619 [WARNING:utdquake.bank.utils] Station GCI.KKFLS.131 not found in station metadata.
2026-05-05 14:25:32,654 [WARNING:utdquake.bank.utils] Station GCI.KKFLS.131 not found in station metadata.
2026-05-05 14:25:32,714 [WARNING:utdquake.bank.utils] Station GCI.KKFLS.132 not found in station metadata.
2026-05-05 14:25:32,749 [WARNING:utdquake.bank.utils] Station GCI.KKFLS.132 not found in station metadata.
2026-05-05 14:25:32,784 [WARNING:utdquake.bank.utils] Station GCI.KKFLS.133 not found in station metadata.
2026-05-05 14:25:32,824 [WARNING:utdquake.bank.utils] Station GCI.KKFLS.133 not found in station metadata.
2026-05-05 14:25:32,876 [WARNING:utdquake.bank.utils] Station GCI.KKFLS.134 not found in station metadata.
2026-05-05 14:25:32,914 [WARNING:utdquake.bank.utils] Station GCI.KKFLS.134 not found in station metadata.
2026-05-05 14:25:32,949 [WARNING:utdquake.bank.utils] Station GCI.KKFLS.135 not found in station metadata.
2026-05-05 14:25:32,984 [WARNING:utdquake.bank.utils] Station GCI.KKFLS.135 not found in station metadata.
2026-05-05 14:25:33,024 [WARNING:utdquake.bank.utils] Station GCI.KKFLS.136 not found in station metadata.
2026-05-05 14:25:33,060 [WARNING:utdquake.bank.utils] Station GCI.KKFLS.136 not found in station metadata.
2026-05-05 14:25:33,094 [WARNING:utdquake.bank.utils] Station GCI.KKFLS.137 not found in station metadata.
2026-05-05 14:25:33,134 [WARNING:utdquake.bank.utils] Station GCI.KKFLS.137 not found in station metadata.
2026-05-05 14:25:33,167 [WARNING:utdquake.bank.utils] Station GCI.KKFLS.138 not found in station metadata.
2026-05-05 14:25:33,201 [WARNING:utdquake.bank.utils] Station GCI.KKFLS.138 not found in station metadata.
2026-05-05 14:45:46,458 [INFO:utdquake.bank.utils] Processed origin smi:service.iris.edu/fdsnws/event/1/query?originid=49272719. Ready to update quality metrics.
2026-05-05 14:45:46,459 [INFO:utdquake.bank.utils] Updating quality metrics for origin smi:service.iris.edu/fdsnws/event/1/query?originid=49272719.
2026-05-05 14:45:46,468 [INFO:utdquake.bank.utils] Quality metrics updated for origin smi:service.iris.edu/fdsnws/event/1/query?originid=49272719.
2026-05-05 14:45:46,469 [INFO:utdquake.bank.utils] Updated quality metrics for origin smi:service.iris.edu/fdsnws/event/1/query?originid=49272719.
2026-05-05 14:45:46,470 [INFO:utdquake.bank.utils] Finishing to process 1 events in catalog uZpGLBq7.
2026-05-05 14:46:03,481 [INFO:utdquake.bank] Saved 1 events of 1 possible in chunk id 0   from 2023-11-26 04:43:30.917000 to 2023-11-27 04:43:30.917000 in /groups/igonin/ecastillo/UTDQuake_test/bank/GCI
2026-05-05 14:46:03,481 [INFO:utdquake.bank] Creating stations summary based on the events in the event bank at /groups/igonin/ecastillo/UTDQuake_test/bank/GCI/.stations
2026-05-05 14:46:03,499 [INFO:utdquake.bank.utils] Found 15000 station databases in /groups/igonin/ecastillo/UTDQuake_test/.utdquake/db/stations/.stations.
2026-05-05 14:53:28,402 [INFO:utdquake.bank] Updating stations summary in the event bank at /groups/igonin/ecastillo/UTDQuake_test/bank/GCI
2026-05-05 14:53:28,666 [INFO:utdquake.bank] Stations summary updated successfully.
2026-05-05 14:53:28,667 [INFO:utdquake.bank.utils] [1/10] Fetching events forward 2023-11-27T04:43:30.917000Z to 2023-11-28T04:43:30.917000Z...
2026-05-05 14:53:35,618 [INFO:utdquake.bank.utils] Restarting patience counter after successful fetch.
2026-05-05 14:53:35,908 [INFO:utdquake.bank] Chunk id: 0   initiated | Time range: 2023-11-27 04:43:30.917000 - 2023-11-28 04:43:30.917000 | Chunk creation time: 2026-05-05 14:53:35.908635
2026-05-05 14:53:35,909 [INFO:utdquake.bank.utils] Starting to process 1 events in catalog nig27xVF. (This id is created just for logging purposes)
2026-05-05 14:53:35,909 [INFO:utdquake.bank.utils] Processing event smi:service.iris.edu/fdsnws/event/1/query?eventid=11772480 with origin smi:service.iris.edu/fdsnws/event/1/query?originid=49277719
2026-05-05 14:53:35,915 [WARNING:utdquake.bank.utils] Station GCI.KKFLS.100 not found in station metadata.
2026-05-05 14:53:35,956 [WARNING:utdquake.bank.utils] Station GCI.KKFLS.101 not found in station metadata.
2026-05-05 14:53:35,992 [WARNING:utdquake.bank.utils] Station GCI.KKFLS.102 not found in station metadata.
2026-05-05 14:53:36,033 [WARNING:utdquake.bank.utils] Station GCI.KKFLS.103 not found in station metadata.
2026-05-05 14:53:36,070 [WARNING:utdquake.bank.utils] Station GCI.KKFLS.104 not found in station metadata.
2026-05-05 14:53:36,109 [WARNING:utdquake.bank.utils] Station GCI.KKFLS.106 not found in station metadata.
2026-05-05 14:53:36,144 [WARNING:utdquake.bank.utils] Station GCI.KKFLS.108 not found in station metadata.
2026-05-05 14:53:36,179 [WARNING:utdquake.bank.utils] Station GCI.KKFLS.109 not found in station metadata.
2026-05-05 14:53:36,219 [WARNING:utdquake.bank.utils] Station GCI.KKFLS.109 not found in station metadata.
2026-05-05 14:53:36,254 [WARNING:utdquake.bank.utils] Station GCI.KKFLS.110 not found in station metadata.
2026-05-05 14:53:36,289 [WARNING:utdquake.bank.utils] Station GCI.KKFLS.110 not found in station metadata.
2026-05-05 14:53:36,329 [WARNING:utdquake.bank.utils] Station GCI.KKFLS.111 not found in station metadata.
2026-05-05 14:53:36,364 [WARNING:utdquake.bank.utils] Station GCI.KKFLS.112 not found in station metadata.
2026-05-05 14:53:36,400 [WARNING:utdquake.bank.utils] Station GCI.KKFLS.112 not found in station metadata.
2026-05-05 14:53:36,439 [WARNING:utdquake.bank.utils] Station GCI.KKFLS.113 not found in station metadata.
2026-05-05 14:53:36,495 [WARNING:utdquake.bank.utils] Station GCI.KKFLS.113 not found in station metadata.
2026-05-05 14:53:36,535 [WARNING:utdquake.bank.utils] Station GCI.KKFLS.114 not found in station metadata.
2026-05-05 14:53:36,569 [WARNING:utdquake.bank.utils] Station GCI.KKFLS.114 not found in station metadata.
2026-05-05 14:53:36,609 [WARNING:utdquake.bank.utils] Station GCI.KKFLS.115 not found in station metadata.
2026-05-05 14:53:36,645 [WARNING:utdquake.bank.utils] Station GCI.KKFLS.115 not found in station metadata.
2026-05-05 14:53:36,678 [WARNING:utdquake.bank.utils] Station GCI.KKFLS.116 not found in station metadata.
2026-05-05 14:53:36,720 [WARNING:utdquake.bank.utils] Station GCI.KKFLS.116 not found in station metadata.
2026-05-05 14:53:36,755 [WARNING:utdquake.bank.utils] Station GCI.KKFLS.117 not found in station metadata.
2026-05-05 14:53:36,790 [WARNING:utdquake.bank.utils] Station GCI.KKFLS.117 not found in station metadata.
2026-05-05 14:53:36,828 [WARNING:utdquake.bank.utils] Station GCI.KKFLS.118 not found in station metadata.
2026-05-05 14:53:36,864 [WARNING:utdquake.bank.utils] Station GCI.KKFLS.119 not found in station metadata.
2026-05-05 14:53:36,899 [WARNING:utdquake.bank.utils] Station GCI.KKFLS.119 not found in station metadata.
2026-05-05 14:53:36,946 [WARNING:utdquake.bank.utils] Station GCI.KKFLS.120 not found in station metadata.
2026-05-05 14:53:36,982 [WARNING:utdquake.bank.utils] Station GCI.KKFLS.120 not found in station metadata.
2026-05-05 14:53:37,021 [WARNING:utdquake.bank.utils] Station GCI.KKFLS.121 not found in station metadata.
2026-05-05 14:53:37,053 [WARNING:utdquake.bank.utils] Station GCI.KKFLS.121 not found in station metadata.
2026-05-05 14:53:37,115 [WARNING:utdquake.bank.utils] Station GCI.KKFLS.122 not found in station metadata.
2026-05-05 14:53:37,151 [WARNING:utdquake.bank.utils] Station GCI.KKFLS.122 not found in station metadata.
2026-05-05 14:53:37,187 [WARNING:utdquake.bank.utils] Station GCI.KKFLS.123 not found in station metadata.
2026-05-05 14:53:37,229 [WARNING:utdquake.bank.utils] Station GCI.KKFLS.123 not found in station metadata.
2026-05-05 14:53:37,263 [WARNING:utdquake.bank.utils] Station GCI.KKFLS.124 not found in station metadata.
2026-05-05 14:53:37,298 [WARNING:utdquake.bank.utils] Station GCI.KKFLS.125 not found in station metadata.
2026-05-05 14:53:37,337 [WARNING:utdquake.bank.utils] Station GCI.KKFLS.125 not found in station metadata.
2026-05-05 14:53:37,370 [WARNING:utdquake.bank.utils] Station GCI.KKFLS.126 not found in station metadata.
2026-05-05 14:53:37,409 [WARNING:utdquake.bank.utils] Station GCI.KKFLS.127 not found in station metadata.
2026-05-05 14:53:37,443 [WARNING:utdquake.bank.utils] Station GCI.KKFLS.127 not found in station metadata.
2026-05-05 14:53:37,476 [WARNING:utdquake.bank.utils] Station GCI.KKFLS.128 not found in station metadata.
2026-05-05 14:53:37,516 [WARNING:utdquake.bank.utils] Station GCI.KKFLS.129 not found in station metadata.
2026-05-05 14:53:37,551 [WARNING:utdquake.bank.utils] Station GCI.KKFLS.130 not found in station metadata.
2026-05-05 14:53:37,583 [WARNING:utdquake.bank.utils] Station GCI.KKFLS.131 not found in station metadata.
2026-05-05 14:53:37,623 [WARNING:utdquake.bank.utils] Station GCI.KKFLS.132 not found in station metadata.
2026-05-05 14:53:37,656 [WARNING:utdquake.bank.utils] Station GCI.KKFLS.133 not found in station metadata.
2026-05-05 14:53:37,715 [WARNING:utdquake.bank.utils] Station GCI.KKFLS.133 not found in station metadata.
2026-05-05 14:53:37,748 [WARNING:utdquake.bank.utils] Station GCI.KKFLS.134 not found in station metadata.
2026-05-05 14:53:37,783 [WARNING:utdquake.bank.utils] Station GCI.KKFLS.134 not found in station metadata.
2026-05-05 14:53:37,824 [WARNING:utdquake.bank.utils] Station GCI.KKFLS.135 not found in station metadata.
2026-05-05 14:53:37,857 [WARNING:utdquake.bank.utils] Station GCI.KKFLS.136 not found in station metadata.
2026-05-05 14:53:37,891 [WARNING:utdquake.bank.utils] Station GCI.KKFLS.137 not found in station metadata.
2026-05-05 14:53:37,932 [WARNING:utdquake.bank.utils] Station GCI.KKFLS.137 not found in station metadata.
2026-05-05 14:53:37,966 [WARNING:utdquake.bank.utils] Station GCI.KKFLS.138 not found in station metadata.
2026-05-05 15:05:23,290 [INFO:utdquake.bank.utils] Processed origin smi:service.iris.edu/fdsnws/event/1/query?originid=49277719. Ready to update quality metrics.
2026-05-05 15:05:23,291 [INFO:utdquake.bank.utils] Updating quality metrics for origin smi:service.iris.edu/fdsnws/event/1/query?originid=49277719.
2026-05-05 15:05:23,297 [INFO:utdquake.bank.utils] Quality metrics updated for origin smi:service.iris.edu/fdsnws/event/1/query?originid=49277719.
2026-05-05 15:05:23,298 [INFO:utdquake.bank.utils] Updated quality metrics for origin smi:service.iris.edu/fdsnws/event/1/query?originid=49277719.
2026-05-05 15:05:23,299 [INFO:utdquake.bank.utils] Finishing to process 1 events in catalog nig27xVF.
2026-05-05 15:05:32,895 [INFO:utdquake.bank] Saved 1 events of 1 possible in chunk id 0   from 2023-11-27 04:43:30.917000 to 2023-11-28 04:43:30.917000 in /groups/igonin/ecastillo/UTDQuake_test/bank/GCI
2026-05-05 15:05:32,896 [INFO:utdquake.bank] Creating stations summary based on the events in the event bank at /groups/igonin/ecastillo/UTDQuake_test/bank/GCI/.stations
2026-05-05 15:05:32,913 [INFO:utdquake.bank.utils] Found 15000 station databases in /groups/igonin/ecastillo/UTDQuake_test/.utdquake/db/stations/.stations.
2026-05-05 15:12:53,339 [INFO:utdquake.bank] Updating stations summary in the event bank at /groups/igonin/ecastillo/UTDQuake_test/bank/GCI
2026-05-05 15:12:53,557 [INFO:utdquake.bank] Stations summary updated successfully.
2026-05-05 15:12:53,557 [INFO:utdquake.bank.utils] [1/10] Fetching events forward 2023-11-28T04:43:30.917000Z to 2023-11-29T04:43:30.917000Z...
2026-05-05 15:12:53,595 [INFO:utdquake.bank.utils] Restarting patience counter after successful fetch.
2026-05-05 15:12:53,761 [INFO:utdquake.bank] Chunk id: 0   initiated | Time range: 2023-11-28 04:43:30.917000 - 2023-11-29 04:43:30.917000 | Chunk creation time: 2026-05-05 15:12:53.761578
2026-05-05 15:12:53,762 [INFO:utdquake.bank.utils] Starting to process 0 events in catalog 0ydMcyFe. (This id is created just for logging purposes)
2026-05-05 15:12:53,762 [INFO:utdquake.bank.utils] Finishing to process 0 events in catalog 0ydMcyFe.
2026-05-05 15:12:54,373 [INFO:utdquake.bank] Saved 0 events of 0 possible in chunk id 0   from 2023-11-28 04:43:30.917000 to 2023-11-29 04:43:30.917000 in /groups/igonin/ecastillo/UTDQuake_test/bank/GCI
2026-05-05 15:12:54,374 [INFO:utdquake.bank] Creating stations summary based on the events in the event bank at /groups/igonin/ecastillo/UTDQuake_test/bank/GCI/.stations
2026-05-05 15:12:54,392 [INFO:utdquake.bank.utils] Found 15000 station databases in /groups/igonin/ecastillo/UTDQuake_test/.utdquake/db/stations/.stations.
2026-05-05 15:19:37,057 [INFO:utdquake.bank] Updating stations summary in the event bank at /groups/igonin/ecastillo/UTDQuake_test/bank/GCI
2026-05-05 15:19:43,099 [INFO:utdquake.bank] Stations summary updated successfully.
2026-05-05 15:19:43,109 [INFO:utdquake.bank.utils] [1/10] Fetching events forward 2023-11-29T04:43:30.917000Z to 2023-11-30T04:43:30.917000Z...
2026-05-05 15:19:43,330 [INFO:utdquake.bank.utils] Restarting patience counter after successful fetch.
2026-05-05 15:19:43,338 [INFO:utdquake.bank] Chunk id: 0   initiated | Time range: 2023-11-29 04:43:30.917000 - 2023-11-30 04:43:30.917000 | Chunk creation time: 2026-05-05 15:19:43.338452
2026-05-05 15:19:43,344 [INFO:utdquake.bank.utils] Starting to process 0 events in catalog v1SrYnwM. (This id is created just for logging purposes)
2026-05-05 15:19:43,354 [INFO:utdquake.bank.utils] Finishing to process 0 events in catalog v1SrYnwM.
2026-05-05 15:19:54,142 [INFO:utdquake.bank] Saved 0 events of 0 possible in chunk id 0   from 2023-11-29 04:43:30.917000 to 2023-11-30 04:43:30.917000 in /groups/igonin/ecastillo/UTDQuake_test/bank/GCI
2026-05-05 15:19:54,152 [INFO:utdquake.bank] Creating stations summary based on the events in the event bank at /groups/igonin/ecastillo/UTDQuake_test/bank/GCI/.stations
2026-05-05 15:19:54,677 [INFO:utdquake.bank.utils] Found 15000 station databases in /groups/igonin/ecastillo/UTDQuake_test/.utdquake/db/stations/.stations.
2026-05-05 15:24:53,778 [INFO:utdquake.bank] Updating stations summary in the event bank at /groups/igonin/ecastillo/UTDQuake_test/bank/GCI
2026-05-05 15:24:53,952 [INFO:utdquake.bank] Stations summary updated successfully.
2026-05-05 15:24:53,953 [INFO:utdquake.bank.utils] [1/10] Fetching events forward 2023-11-30T04:43:30.917000Z to 2023-12-01T04:43:30.917000Z...
2026-05-05 15:24:53,971 [INFO:utdquake.bank.utils] Restarting patience counter after successful fetch.
2026-05-05 15:24:53,972 [INFO:utdquake.bank] Chunk id: 0   initiated | Time range: 2023-11-30 04:43:30.917000 - 2023-12-01 04:43:30.917000 | Chunk creation time: 2026-05-05 15:24:53.972817
2026-05-05 15:24:53,973 [INFO:utdquake.bank.utils] Starting to process 0 events in catalog QyjoDZ8Z. (This id is created just for logging purposes)
2026-05-05 15:24:53,974 [INFO:utdquake.bank.utils] Finishing to process 0 events in catalog QyjoDZ8Z.
2026-05-05 15:24:54,617 [INFO:utdquake.bank] Saved 0 events of 0 possible in chunk id 0   from 2023-11-30 04:43:30.917000 to 2023-12-01 04:43:30.917000 in /groups/igonin/ecastillo/UTDQuake_test/bank/GCI
2026-05-05 15:24:54,617 [INFO:utdquake.bank] Creating stations summary based on the events in the event bank at /groups/igonin/ecastillo/UTDQuake_test/bank/GCI/.stations
2026-05-05 15:24:54,637 [INFO:utdquake.bank.utils] Found 15000 station databases in /groups/igonin/ecastillo/UTDQuake_test/.utdquake/db/stations/.stations.
2026-05-05 15:32:52,744 [INFO:utdquake.bank] Updating stations summary in the event bank at /groups/igonin/ecastillo/UTDQuake_test/bank/GCI
2026-05-05 15:32:53,014 [INFO:utdquake.bank] Stations summary updated successfully.
2026-05-05 15:32:53,016 [INFO:utdquake.bank.utils] [1/10] Fetching events forward 2023-12-01T04:43:30.917000Z to 2023-12-02T04:43:30.917000Z...
2026-05-05 15:33:08,399 [INFO:utdquake.bank.utils] Restarting patience counter after successful fetch.
2026-05-05 15:33:08,436 [INFO:utdquake.bank] Chunk id: 0   initiated | Time range: 2023-12-01 04:43:30.917000 - 2023-12-02 04:43:30.917000 | Chunk creation time: 2026-05-05 15:33:08.436468
2026-05-05 15:33:08,437 [INFO:utdquake.bank.utils] Starting to process 2 events in catalog e7V6yDYK. (This id is created just for logging purposes)
2026-05-05 15:33:08,437 [INFO:utdquake.bank.utils] Processing event smi:service.iris.edu/fdsnws/event/1/query?eventid=11774205 with origin smi:service.iris.edu/fdsnws/event/1/query?originid=49292764
2026-05-05 15:33:08,442 [WARNING:utdquake.bank.utils] Station GCI.KKFLS.104 not found in station metadata.
2026-05-05 15:33:08,481 [WARNING:utdquake.bank.utils] Station GCI.KKFLS.106 not found in station metadata.
2026-05-05 15:33:08,519 [WARNING:utdquake.bank.utils] Station GCI.KKFLS.109 not found in station metadata.
2026-05-05 15:33:08,552 [WARNING:utdquake.bank.utils] Station GCI.KKFLS.109 not found in station metadata.
2026-05-05 15:33:08,586 [WARNING:utdquake.bank.utils] Station GCI.KKFLS.110 not found in station metadata.
2026-05-05 15:33:08,625 [WARNING:utdquake.bank.utils] Station GCI.KKFLS.111 not found in station metadata.
2026-05-05 15:33:08,667 [WARNING:utdquake.bank.utils] Station GCI.KKFLS.112 not found in station metadata.
2026-05-05 15:33:08,703 [WARNING:utdquake.bank.utils] Station GCI.KKFLS.113 not found in station metadata.
2026-05-05 15:33:08,749 [WARNING:utdquake.bank.utils] Station GCI.KKFLS.113 not found in station metadata.
2026-05-05 15:33:08,785 [WARNING:utdquake.bank.utils] Station GCI.KKFLS.114 not found in station metadata.
2026-05-05 15:33:08,825 [WARNING:utdquake.bank.utils] Station GCI.KKFLS.114 not found in station metadata.
2026-05-05 15:33:08,861 [WARNING:utdquake.bank.utils] Station GCI.KKFLS.115 not found in station metadata.
2026-05-05 15:33:08,895 [WARNING:utdquake.bank.utils] Station GCI.KKFLS.115 not found in station metadata.
2026-05-05 15:33:08,936 [WARNING:utdquake.bank.utils] Station GCI.KKFLS.116 not found in station metadata.
2026-05-05 15:33:08,969 [WARNING:utdquake.bank.utils] Station GCI.KKFLS.116 not found in station metadata.
2026-05-05 15:33:09,009 [WARNING:utdquake.bank.utils] Station GCI.KKFLS.117 not found in station metadata.
2026-05-05 15:33:09,044 [WARNING:utdquake.bank.utils] Station GCI.KKFLS.118 not found in station metadata.
2026-05-05 15:33:09,094 [WARNING:utdquake.bank.utils] Station GCI.KKFLS.118 not found in station metadata.
2026-05-05 15:33:09,147 [WARNING:utdquake.bank.utils] Station GCI.KKFLS.119 not found in station metadata.
2026-05-05 15:33:09,181 [WARNING:utdquake.bank.utils] Station GCI.KKFLS.119 not found in station metadata.
2026-05-05 15:33:09,221 [WARNING:utdquake.bank.utils] Station GCI.KKFLS.120 not found in station metadata.
2026-05-05 15:33:09,254 [WARNING:utdquake.bank.utils] Station GCI.KKFLS.121 not found in station metadata.
2026-05-05 15:33:09,290 [WARNING:utdquake.bank.utils] Station GCI.KKFLS.122 not found in station metadata.
2026-05-05 15:33:09,330 [WARNING:utdquake.bank.utils] Station GCI.KKFLS.122 not found in station metadata.
2026-05-05 15:33:09,364 [WARNING:utdquake.bank.utils] Station GCI.KKFLS.123 not found in station metadata.
2026-05-05 15:33:09,399 [WARNING:utdquake.bank.utils] Station GCI.KKFLS.123 not found in station metadata.
2026-05-05 15:33:09,438 [WARNING:utdquake.bank.utils] Station GCI.KKFLS.124 not found in station metadata.
2026-05-05 15:33:09,476 [WARNING:utdquake.bank.utils] Station GCI.KKFLS.124 not found in station metadata.
2026-05-05 15:33:09,527 [WARNING:utdquake.bank.utils] Station GCI.KKFLS.125 not found in station metadata.
2026-05-05 15:33:09,564 [WARNING:utdquake.bank.utils] Station GCI.KKFLS.126 not found in station metadata.
2026-05-05 15:33:09,598 [WARNING:utdquake.bank.utils] Station GCI.KKFLS.126 not found in station metadata.
2026-05-05 15:33:09,640 [WARNING:utdquake.bank.utils] Station GCI.KKFLS.127 not found in station metadata.
2026-05-05 15:33:09,674 [WARNING:utdquake.bank.utils] Station GCI.KKFLS.128 not found in station metadata.
2026-05-05 15:33:09,716 [WARNING:utdquake.bank.utils] Station GCI.KKFLS.128 not found in station metadata.
2026-05-05 15:33:09,756 [WARNING:utdquake.bank.utils] Station GCI.KKFLS.129 not found in station metadata.
2026-05-05 15:33:09,800 [WARNING:utdquake.bank.utils] Station GCI.KKFLS.129 not found in station metadata.
2026-05-05 15:33:09,842 [WARNING:utdquake.bank.utils] Station GCI.KKFLS.130 not found in station metadata.
2026-05-05 15:43:56,247 [INFO:utdquake.bank.utils] Processed origin smi:service.iris.edu/fdsnws/event/1/query?originid=49292764. Ready to update quality metrics.
2026-05-05 15:43:56,249 [INFO:utdquake.bank.utils] Updating quality metrics for origin smi:service.iris.edu/fdsnws/event/1/query?originid=49292764.
2026-05-05 15:43:56,254 [INFO:utdquake.bank.utils] Quality metrics updated for origin smi:service.iris.edu/fdsnws/event/1/query?originid=49292764.
2026-05-05 15:43:56,255 [INFO:utdquake.bank.utils] Updated quality metrics for origin smi:service.iris.edu/fdsnws/event/1/query?originid=49292764.
2026-05-05 15:43:56,256 [INFO:utdquake.bank.utils] Processing event smi:service.iris.edu/fdsnws/event/1/query?eventid=11773824 with origin smi:service.iris.edu/fdsnws/event/1/query?originid=49289868
2026-05-05 15:43:56,259 [WARNING:utdquake.bank.utils] Station GCI.KKFLS.100 not found in station metadata.
2026-05-05 15:43:56,299 [WARNING:utdquake.bank.utils] Station GCI.KKFLS.101 not found in station metadata.
2026-05-05 15:43:56,370 [WARNING:utdquake.bank.utils] Station GCI.KKFLS.102 not found in station metadata.
2026-05-05 15:43:56,414 [WARNING:utdquake.bank.utils] Station GCI.KKFLS.103 not found in station metadata.
2026-05-05 15:43:56,454 [WARNING:utdquake.bank.utils] Station GCI.KKFLS.104 not found in station metadata.
2026-05-05 15:43:56,495 [WARNING:utdquake.bank.utils] Station GCI.KKFLS.105 not found in station metadata.
2026-05-05 15:43:56,542 [WARNING:utdquake.bank.utils] Station GCI.KKFLS.106 not found in station metadata.
2026-05-05 15:43:56,582 [WARNING:utdquake.bank.utils] Station GCI.KKFLS.106 not found in station metadata.
2026-05-05 15:43:56,626 [WARNING:utdquake.bank.utils] Station GCI.KKFLS.107 not found in station metadata.
2026-05-05 15:43:56,668 [WARNING:utdquake.bank.utils] Station GCI.KKFLS.108 not found in station metadata.
2026-05-05 15:43:56,714 [WARNING:utdquake.bank.utils] Station GCI.KKFLS.108 not found in station metadata.
2026-05-05 15:43:56,754 [WARNING:utdquake.bank.utils] Station GCI.KKFLS.109 not found in station metadata.
2026-05-05 15:43:56,811 [WARNING:utdquake.bank.utils] Station GCI.KKFLS.110 not found in station metadata.
2026-05-05 15:43:56,851 [WARNING:utdquake.bank.utils] Station GCI.KKFLS.111 not found in station metadata.
2026-05-05 15:43:56,898 [WARNING:utdquake.bank.utils] Station GCI.KKFLS.112 not found in station metadata.
2026-05-05 15:43:56,950 [WARNING:utdquake.bank.utils] Station GCI.KKFLS.113 not found in station metadata.
2026-05-05 15:43:56,999 [WARNING:utdquake.bank.utils] Station GCI.KKFLS.113 not found in station metadata.
2026-05-05 15:43:57,077 [WARNING:utdquake.bank.utils] Station GCI.KKFLS.114 not found in station metadata.
2026-05-05 15:43:57,119 [WARNING:utdquake.bank.utils] Station GCI.KKFLS.115 not found in station metadata.
2026-05-05 15:43:57,156 [WARNING:utdquake.bank.utils] Station GCI.KKFLS.116 not found in station metadata.
2026-05-05 15:43:57,194 [WARNING:utdquake.bank.utils] Station GCI.KKFLS.117 not found in station metadata.
2026-05-05 15:43:57,239 [WARNING:utdquake.bank.utils] Station GCI.KKFLS.118 not found in station metadata.
2026-05-05 15:43:57,279 [WARNING:utdquake.bank.utils] Station GCI.KKFLS.119 not found in station metadata.
2026-05-05 15:43:57,326 [WARNING:utdquake.bank.utils] Station GCI.KKFLS.120 not found in station metadata.
2026-05-05 15:43:57,365 [WARNING:utdquake.bank.utils] Station GCI.KKFLS.121 not found in station metadata.
2026-05-05 15:43:57,408 [WARNING:utdquake.bank.utils] Station GCI.KKFLS.121 not found in station metadata.
2026-05-05 15:43:57,448 [WARNING:utdquake.bank.utils] Station GCI.KKFLS.122 not found in station metadata.
2026-05-05 15:43:57,487 [WARNING:utdquake.bank.utils] Station GCI.KKFLS.122 not found in station metadata.
2026-05-05 15:43:57,529 [WARNING:utdquake.bank.utils] Station GCI.KKFLS.123 not found in station metadata.
2026-05-05 15:43:57,568 [WARNING:utdquake.bank.utils] Station GCI.KKFLS.123 not found in station metadata.
2026-05-05 15:43:57,611 [WARNING:utdquake.bank.utils] Station GCI.KKFLS.124 not found in station metadata.
2026-05-05 15:43:57,651 [WARNING:utdquake.bank.utils] Station GCI.KKFLS.124 not found in station metadata.
2026-05-05 15:43:57,688 [WARNING:utdquake.bank.utils] Station GCI.KKFLS.125 not found in station metadata.
2026-05-05 15:43:57,733 [WARNING:utdquake.bank.utils] Station GCI.KKFLS.125 not found in station metadata.
2026-05-05 15:43:57,771 [WARNING:utdquake.bank.utils] Station GCI.KKFLS.126 not found in station metadata.
2026-05-05 15:43:57,818 [WARNING:utdquake.bank.utils] Station GCI.KKFLS.127 not found in station metadata.
2026-05-05 15:43:57,857 [WARNING:utdquake.bank.utils] Station GCI.KKFLS.128 not found in station metadata.
2026-05-05 15:43:57,897 [WARNING:utdquake.bank.utils] Station GCI.KKFLS.129 not found in station metadata.
2026-05-05 15:43:57,941 [WARNING:utdquake.bank.utils] Station GCI.KKFLS.130 not found in station metadata.
2026-05-05 15:43:58,020 [WARNING:utdquake.bank.utils] Station GCI.KKFLS.131 not found in station metadata.
2026-05-05 15:43:58,060 [WARNING:utdquake.bank.utils] Station GCI.KKFLS.132 not found in station metadata.
2026-05-05 15:43:58,099 [WARNING:utdquake.bank.utils] Station GCI.KKFLS.133 not found in station metadata.
2026-05-05 15:43:58,144 [WARNING:utdquake.bank.utils] Station GCI.KKFLS.134 not found in station metadata.
2026-05-05 15:43:58,184 [WARNING:utdquake.bank.utils] Station GCI.KKFLS.135 not found in station metadata.
2026-05-05 15:43:58,229 [WARNING:utdquake.bank.utils] Station GCI.KKFLS.136 not found in station metadata.
2026-05-05 15:43:58,269 [WARNING:utdquake.bank.utils] Station GCI.KKFLS.137 not found in station metadata.
2026-05-05 15:43:58,314 [WARNING:utdquake.bank.utils] Station GCI.KKFLS.138 not found in station metadata.
2026-05-05 15:59:04,614 [INFO:utdquake.bank.utils] Processed origin smi:service.iris.edu/fdsnws/event/1/query?originid=49289868. Ready to update quality metrics.
2026-05-05 15:59:04,615 [INFO:utdquake.bank.utils] Updating quality metrics for origin smi:service.iris.edu/fdsnws/event/1/query?originid=49289868.
2026-05-05 15:59:04,622 [INFO:utdquake.bank.utils] Quality metrics updated for origin smi:service.iris.edu/fdsnws/event/1/query?originid=49289868.
2026-05-05 15:59:04,623 [INFO:utdquake.bank.utils] Updated quality metrics for origin smi:service.iris.edu/fdsnws/event/1/query?originid=49289868.
2026-05-05 15:59:04,624 [INFO:utdquake.bank.utils] Finishing to process 2 events in catalog e7V6yDYK.
2026-05-05 15:59:24,994 [INFO:utdquake.bank] Saved 2 events of 2 possible in chunk id 0   from 2023-12-01 04:43:30.917000 to 2023-12-02 04:43:30.917000 in /groups/igonin/ecastillo/UTDQuake_test/bank/GCI
2026-05-05 15:59:24,995 [INFO:utdquake.bank] Creating stations summary based on the events in the event bank at /groups/igonin/ecastillo/UTDQuake_test/bank/GCI/.stations
2026-05-05 15:59:25,013 [INFO:utdquake.bank.utils] Found 15000 station databases in /groups/igonin/ecastillo/UTDQuake_test/.utdquake/db/stations/.stations.
2026-05-05 16:04:02,831 [INFO:utdquake.bank] Updating stations summary in the event bank at /groups/igonin/ecastillo/UTDQuake_test/bank/GCI
2026-05-05 16:04:04,115 [INFO:utdquake.bank] Stations summary updated successfully.
2026-05-05 16:04:04,118 [INFO:utdquake.bank.utils] [1/10] Fetching events forward 2023-12-02T04:43:30.917000Z to 2023-12-03T04:43:30.917000Z...
2026-05-05 16:04:22,780 [INFO:utdquake.bank.utils] Restarting patience counter after successful fetch.
2026-05-05 16:04:23,339 [INFO:utdquake.bank] Chunk id: 0   initiated | Time range: 2023-12-02 04:43:30.917000 - 2023-12-03 04:43:30.917000 | Chunk creation time: 2026-05-05 16:04:23.339946
2026-05-05 16:04:23,345 [INFO:utdquake.bank.utils] Starting to process 2 events in catalog BAN1nxLs. (This id is created just for logging purposes)
2026-05-05 16:04:23,353 [INFO:utdquake.bank.utils] Processing event smi:service.iris.edu/fdsnws/event/1/query?eventid=11774485 with origin smi:service.iris.edu/fdsnws/event/1/query?originid=49295369
2026-05-05 16:04:23,363 [WARNING:utdquake.bank.utils] Station GCI.KKFLS.100 not found in station metadata.
2026-05-05 16:04:23,646 [WARNING:utdquake.bank.utils] Station GCI.KKFLS.101 not found in station metadata.
2026-05-05 16:04:23,939 [WARNING:utdquake.bank.utils] Station GCI.KKFLS.102 not found in station metadata.
2026-05-05 16:04:24,342 [WARNING:utdquake.bank.utils] Station GCI.KKFLS.103 not found in station metadata.
2026-05-05 16:04:24,777 [WARNING:utdquake.bank.utils] Station GCI.KKFLS.104 not found in station metadata.
2026-05-05 16:04:25,187 [WARNING:utdquake.bank.utils] Station GCI.KKFLS.106 not found in station metadata.
2026-05-05 16:04:25,647 [WARNING:utdquake.bank.utils] Station GCI.KKFLS.107 not found in station metadata.
2026-05-05 16:04:26,052 [WARNING:utdquake.bank.utils] Station GCI.KKFLS.108 not found in station metadata.
2026-05-05 16:04:26,459 [WARNING:utdquake.bank.utils] Station GCI.KKFLS.109 not found in station metadata.
2026-05-05 16:04:26,847 [WARNING:utdquake.bank.utils] Station GCI.KKFLS.110 not found in station metadata.
2026-05-05 16:04:27,238 [WARNING:utdquake.bank.utils] Station GCI.KKFLS.111 not found in station metadata.
2026-05-05 16:04:27,658 [WARNING:utdquake.bank.utils] Station GCI.KKFLS.112 not found in station metadata.
2026-05-05 16:04:28,007 [WARNING:utdquake.bank.utils] Station GCI.KKFLS.113 not found in station metadata.
2026-05-05 16:04:28,274 [WARNING:utdquake.bank.utils] Station GCI.KKFLS.114 not found in station metadata.
2026-05-05 16:04:28,585 [WARNING:utdquake.bank.utils] Station GCI.KKFLS.115 not found in station metadata.
2026-05-05 16:04:28,853 [WARNING:utdquake.bank.utils] Station GCI.KKFLS.116 not found in station metadata.
2026-05-05 16:04:29,155 [WARNING:utdquake.bank.utils] Station GCI.KKFLS.117 not found in station metadata.
2026-05-05 16:04:29,461 [WARNING:utdquake.bank.utils] Station GCI.KKFLS.118 not found in station metadata.
2026-05-05 16:04:29,769 [WARNING:utdquake.bank.utils] Station GCI.KKFLS.119 not found in station metadata.
2026-05-05 16:04:30,035 [WARNING:utdquake.bank.utils] Station GCI.KKFLS.120 not found in station metadata.
2026-05-05 16:04:30,297 [WARNING:utdquake.bank.utils] Station GCI.KKFLS.121 not found in station metadata.
2026-05-05 16:04:30,594 [WARNING:utdquake.bank.utils] Station GCI.KKFLS.122 not found in station metadata.
2026-05-05 16:04:30,884 [WARNING:utdquake.bank.utils] Station GCI.KKFLS.123 not found in station metadata.
2026-05-05 16:04:31,158 [WARNING:utdquake.bank.utils] Station GCI.KKFLS.124 not found in station metadata.
2026-05-05 16:04:31,466 [WARNING:utdquake.bank.utils] Station GCI.KKFLS.130 not found in station metadata.
2026-05-05 16:04:31,740 [WARNING:utdquake.bank.utils] Station GCI.KKFLS.131 not found in station metadata.
2026-05-05 16:04:32,007 [WARNING:utdquake.bank.utils] Station GCI.KKFLS.132 not found in station metadata.
2026-05-05 16:04:32,260 [WARNING:utdquake.bank.utils] Station GCI.KKFLS.137 not found in station metadata.
2026-05-05 16:04:32,402 [WARNING:utdquake.bank.utils] Station GCI.KKFLS.138 not found in station metadata.
2026-05-05 16:13:44,741 [INFO:utdquake.bank.utils] Processed origin smi:service.iris.edu/fdsnws/event/1/query?originid=49295369. Ready to update quality metrics.
2026-05-05 16:13:44,743 [INFO:utdquake.bank.utils] Updating quality metrics for origin smi:service.iris.edu/fdsnws/event/1/query?originid=49295369.
2026-05-05 16:13:44,747 [INFO:utdquake.bank.utils] Quality metrics updated for origin smi:service.iris.edu/fdsnws/event/1/query?originid=49295369.
2026-05-05 16:13:44,748 [INFO:utdquake.bank.utils] Updated quality metrics for origin smi:service.iris.edu/fdsnws/event/1/query?originid=49295369.
2026-05-05 16:13:44,749 [INFO:utdquake.bank.utils] Processing event smi:service.iris.edu/fdsnws/event/1/query?eventid=11774315 with origin smi:service.iris.edu/fdsnws/event/1/query?originid=49293871
2026-05-05 16:13:44,753 [WARNING:utdquake.bank.utils] Station GCI.KKFLS.100 not found in station metadata.
2026-05-05 16:13:44,792 [WARNING:utdquake.bank.utils] Station GCI.KKFLS.102 not found in station metadata.
2026-05-05 16:13:44,857 [WARNING:utdquake.bank.utils] Station GCI.KKFLS.103 not found in station metadata.
2026-05-05 16:13:44,899 [WARNING:utdquake.bank.utils] Station GCI.KKFLS.106 not found in station metadata.
2026-05-05 16:13:44,943 [WARNING:utdquake.bank.utils] Station GCI.KKFLS.108 not found in station metadata.
2026-05-05 16:13:44,988 [WARNING:utdquake.bank.utils] Station GCI.KKFLS.109 not found in station metadata.
2026-05-05 16:13:45,036 [WARNING:utdquake.bank.utils] Station GCI.KKFLS.109 not found in station metadata.
2026-05-05 16:13:45,077 [WARNING:utdquake.bank.utils] Station GCI.KKFLS.110 not found in station metadata.
2026-05-05 16:13:45,120 [WARNING:utdquake.bank.utils] Station GCI.KKFLS.110 not found in station metadata.
2026-05-05 16:13:45,160 [WARNING:utdquake.bank.utils] Station GCI.KKFLS.111 not found in station metadata.
2026-05-05 16:13:45,201 [WARNING:utdquake.bank.utils] Station GCI.KKFLS.111 not found in station metadata.
2026-05-05 16:13:45,247 [WARNING:utdquake.bank.utils] Station GCI.KKFLS.112 not found in station metadata.
2026-05-05 16:13:45,290 [WARNING:utdquake.bank.utils] Station GCI.KKFLS.112 not found in station metadata.
2026-05-05 16:13:45,335 [WARNING:utdquake.bank.utils] Station GCI.KKFLS.113 not found in station metadata.
2026-05-05 16:13:45,377 [WARNING:utdquake.bank.utils] Station GCI.KKFLS.113 not found in station metadata.
2026-05-05 16:13:45,420 [WARNING:utdquake.bank.utils] Station GCI.KKFLS.114 not found in station metadata.
2026-05-05 16:13:45,479 [WARNING:utdquake.bank.utils] Station GCI.KKFLS.114 not found in station metadata.
2026-05-05 16:13:45,556 [WARNING:utdquake.bank.utils] Station GCI.KKFLS.115 not found in station metadata.
2026-05-05 16:13:45,597 [WARNING:utdquake.bank.utils] Station GCI.KKFLS.115 not found in station metadata.
2026-05-05 16:13:45,643 [WARNING:utdquake.bank.utils] Station GCI.KKFLS.116 not found in station metadata.
2026-05-05 16:13:45,692 [WARNING:utdquake.bank.utils] Station GCI.KKFLS.116 not found in station metadata.
2026-05-05 16:13:45,735 [WARNING:utdquake.bank.utils] Station GCI.KKFLS.117 not found in station metadata.
2026-05-05 16:13:45,775 [WARNING:utdquake.bank.utils] Station GCI.KKFLS.118 not found in station metadata.
2026-05-05 16:13:45,823 [WARNING:utdquake.bank.utils] Station GCI.KKFLS.118 not found in station metadata.
2026-05-05 16:13:45,862 [WARNING:utdquake.bank.utils] Station GCI.KKFLS.119 not found in station metadata.
2026-05-05 16:13:45,902 [WARNING:utdquake.bank.utils] Station GCI.KKFLS.119 not found in station metadata.
2026-05-05 16:13:45,947 [WARNING:utdquake.bank.utils] Station GCI.KKFLS.120 not found in station metadata.
2026-05-05 16:13:45,989 [WARNING:utdquake.bank.utils] Station GCI.KKFLS.120 not found in station metadata.
2026-05-05 16:13:46,035 [WARNING:utdquake.bank.utils] Station GCI.KKFLS.121 not found in station metadata.
2026-05-05 16:13:46,075 [WARNING:utdquake.bank.utils] Station GCI.KKFLS.121 not found in station metadata.
2026-05-05 16:13:46,118 [WARNING:utdquake.bank.utils] Station GCI.KKFLS.122 not found in station metadata.
2026-05-05 16:13:46,167 [WARNING:utdquake.bank.utils] Station GCI.KKFLS.122 not found in station metadata.
2026-05-05 16:13:46,210 [WARNING:utdquake.bank.utils] Station GCI.KKFLS.123 not found in station metadata.
2026-05-05 16:13:46,250 [WARNING:utdquake.bank.utils] Station GCI.KKFLS.123 not found in station metadata.
2026-05-05 16:13:46,313 [WARNING:utdquake.bank.utils] Station GCI.KKFLS.124 not found in station metadata.
2026-05-05 16:13:46,355 [WARNING:utdquake.bank.utils] Station GCI.KKFLS.124 not found in station metadata.
2026-05-05 16:13:46,392 [WARNING:utdquake.bank.utils] Station GCI.KKFLS.125 not found in station metadata.
2026-05-05 16:13:46,435 [WARNING:utdquake.bank.utils] Station GCI.KKFLS.125 not found in station metadata.
2026-05-05 16:13:46,475 [WARNING:utdquake.bank.utils] Station GCI.KKFLS.126 not found in station metadata.
2026-05-05 16:13:46,557 [WARNING:utdquake.bank.utils] Station GCI.KKFLS.126 not found in station metadata.
2026-05-05 16:13:46,594 [WARNING:utdquake.bank.utils] Station GCI.KKFLS.127 not found in station metadata.
2026-05-05 16:13:46,641 [WARNING:utdquake.bank.utils] Station GCI.KKFLS.127 not found in station metadata.
2026-05-05 16:13:46,679 [WARNING:utdquake.bank.utils] Station GCI.KKFLS.128 not found in station metadata.
2026-05-05 16:13:46,725 [WARNING:utdquake.bank.utils] Station GCI.KKFLS.128 not found in station metadata.
2026-05-05 16:13:46,768 [WARNING:utdquake.bank.utils] Station GCI.KKFLS.129 not found in station metadata.
2026-05-05 16:13:46,812 [WARNING:utdquake.bank.utils] Station GCI.KKFLS.129 not found in station metadata.
2026-05-05 16:13:46,852 [WARNING:utdquake.bank.utils] Station GCI.KKFLS.130 not found in station metadata.
2026-05-05 16:13:46,897 [WARNING:utdquake.bank.utils] Station GCI.KKFLS.130 not found in station metadata.
2026-05-05 16:13:46,942 [WARNING:utdquake.bank.utils] Station GCI.KKFLS.131 not found in station metadata.
2026-05-05 16:13:46,982 [WARNING:utdquake.bank.utils] Station GCI.KKFLS.131 not found in station metadata.
2026-05-05 16:13:47,027 [WARNING:utdquake.bank.utils] Station GCI.KKFLS.133 not found in station metadata.
2026-05-05 16:13:47,092 [WARNING:utdquake.bank.utils] Station GCI.KKFLS.134 not found in station metadata.
2026-05-05 16:13:47,137 [WARNING:utdquake.bank.utils] Station GCI.KKFLS.137 not found in station metadata.
2026-05-05 16:13:47,178 [WARNING:utdquake.bank.utils] Station GCI.KKFLS.138 not found in station metadata.
2026-05-05 16:28:05,089 [INFO:utdquake.bank.utils] Processed origin smi:service.iris.edu/fdsnws/event/1/query?originid=49293871. Ready to update quality metrics.
2026-05-05 16:28:05,091 [INFO:utdquake.bank.utils] Updating quality metrics for origin smi:service.iris.edu/fdsnws/event/1/query?originid=49293871.
2026-05-05 16:28:05,098 [INFO:utdquake.bank.utils] Quality metrics updated for origin smi:service.iris.edu/fdsnws/event/1/query?originid=49293871.
2026-05-05 16:28:05,099 [INFO:utdquake.bank.utils] Updated quality metrics for origin smi:service.iris.edu/fdsnws/event/1/query?originid=49293871.
2026-05-05 16:28:05,100 [INFO:utdquake.bank.utils] Finishing to process 2 events in catalog BAN1nxLs.
2026-05-05 16:28:22,427 [INFO:utdquake.bank] Saved 2 events of 2 possible in chunk id 0   from 2023-12-02 04:43:30.917000 to 2023-12-03 04:43:30.917000 in /groups/igonin/ecastillo/UTDQuake_test/bank/GCI
2026-05-05 16:28:22,428 [INFO:utdquake.bank] Creating stations summary based on the events in the event bank at /groups/igonin/ecastillo/UTDQuake_test/bank/GCI/.stations
2026-05-05 16:28:22,446 [INFO:utdquake.bank.utils] Found 15000 station databases in /groups/igonin/ecastillo/UTDQuake_test/.utdquake/db/stations/.stations.
2026-05-05 16:35:57,190 [INFO:utdquake.bank] Updating stations summary in the event bank at /groups/igonin/ecastillo/UTDQuake_test/bank/GCI
2026-05-05 16:35:57,416 [INFO:utdquake.bank] Stations summary updated successfully.
2026-05-05 16:35:57,416 [INFO:utdquake.bank.utils] [1/10] Fetching events forward 2023-12-03T04:43:30.917000Z to 2023-12-04T04:43:30.917000Z...
2026-05-05 16:36:22,012 [INFO:utdquake.bank.utils] Restarting patience counter after successful fetch.
2026-05-05 16:36:22,288 [INFO:utdquake.bank] Chunk id: 0   initiated | Time range: 2023-12-03 04:43:30.917000 - 2023-12-04 04:43:30.917000 | Chunk creation time: 2026-05-05 16:36:22.288831
2026-05-05 16:36:22,289 [INFO:utdquake.bank.utils] Starting to process 2 events in catalog ZlICwFfK. (This id is created just for logging purposes)
2026-05-05 16:36:22,290 [INFO:utdquake.bank.utils] Processing event smi:service.iris.edu/fdsnws/event/1/query?eventid=11774683 with origin smi:service.iris.edu/fdsnws/event/1/query?originid=49297768
2026-05-05 16:36:22,295 [WARNING:utdquake.bank.utils] Station GCI.KKFLS.100 not found in station metadata.
2026-05-05 16:36:22,339 [WARNING:utdquake.bank.utils] Station GCI.KKFLS.101 not found in station metadata.
2026-05-05 16:36:22,375 [WARNING:utdquake.bank.utils] Station GCI.KKFLS.102 not found in station metadata.
2026-05-05 16:36:22,416 [WARNING:utdquake.bank.utils] Station GCI.KKFLS.105 not found in station metadata.
2026-05-05 16:36:22,451 [WARNING:utdquake.bank.utils] Station GCI.KKFLS.106 not found in station metadata.
2026-05-05 16:36:22,486 [WARNING:utdquake.bank.utils] Station GCI.KKFLS.107 not found in station metadata.
2026-05-05 16:36:22,527 [WARNING:utdquake.bank.utils] Station GCI.KKFLS.108 not found in station metadata.
2026-05-05 16:36:22,563 [WARNING:utdquake.bank.utils] Station GCI.KKFLS.109 not found in station metadata.
2026-05-05 16:36:22,599 [WARNING:utdquake.bank.utils] Station GCI.KKFLS.109 not found in station metadata.
2026-05-05 16:36:22,638 [WARNING:utdquake.bank.utils] Station GCI.KKFLS.110 not found in station metadata.
2026-05-05 16:36:22,677 [WARNING:utdquake.bank.utils] Station GCI.KKFLS.110 not found in station metadata.
2026-05-05 16:36:22,716 [WARNING:utdquake.bank.utils] Station GCI.KKFLS.111 not found in station metadata.
2026-05-05 16:36:22,750 [WARNING:utdquake.bank.utils] Station GCI.KKFLS.111 not found in station metadata.
2026-05-05 16:36:22,783 [WARNING:utdquake.bank.utils] Station GCI.KKFLS.112 not found in station metadata.
2026-05-05 16:36:22,843 [WARNING:utdquake.bank.utils] Station GCI.KKFLS.112 not found in station metadata.
2026-05-05 16:36:22,898 [WARNING:utdquake.bank.utils] Station GCI.KKFLS.113 not found in station metadata.
2026-05-05 16:36:22,941 [WARNING:utdquake.bank.utils] Station GCI.KKFLS.113 not found in station metadata.
2026-05-05 16:36:22,976 [WARNING:utdquake.bank.utils] Station GCI.KKFLS.114 not found in station metadata.
2026-05-05 16:36:23,018 [WARNING:utdquake.bank.utils] Station GCI.KKFLS.114 not found in station metadata.
2026-05-05 16:36:23,053 [WARNING:utdquake.bank.utils] Station GCI.KKFLS.115 not found in station metadata.
2026-05-05 16:36:23,092 [WARNING:utdquake.bank.utils] Station GCI.KKFLS.115 not found in station metadata.
2026-05-05 16:36:23,135 [WARNING:utdquake.bank.utils] Station GCI.KKFLS.116 not found in station metadata.
2026-05-05 16:36:23,179 [WARNING:utdquake.bank.utils] Station GCI.KKFLS.116 not found in station metadata.
2026-05-05 16:36:23,219 [WARNING:utdquake.bank.utils] Station GCI.KKFLS.117 not found in station metadata.
2026-05-05 16:36:23,269 [WARNING:utdquake.bank.utils] Station GCI.KKFLS.117 not found in station metadata.
2026-05-05 16:36:23,311 [WARNING:utdquake.bank.utils] Station GCI.KKFLS.118 not found in station metadata.
2026-05-05 16:36:23,348 [WARNING:utdquake.bank.utils] Station GCI.KKFLS.118 not found in station metadata.
2026-05-05 16:36:23,385 [WARNING:utdquake.bank.utils] Station GCI.KKFLS.119 not found in station metadata.
2026-05-05 16:36:23,425 [WARNING:utdquake.bank.utils] Station GCI.KKFLS.119 not found in station metadata.
2026-05-05 16:36:23,460 [WARNING:utdquake.bank.utils] Station GCI.KKFLS.120 not found in station metadata.
2026-05-05 16:36:23,496 [WARNING:utdquake.bank.utils] Station GCI.KKFLS.120 not found in station metadata.
2026-05-05 16:36:23,559 [WARNING:utdquake.bank.utils] Station GCI.KKFLS.121 not found in station metadata.
2026-05-05 16:36:23,595 [WARNING:utdquake.bank.utils] Station GCI.KKFLS.121 not found in station metadata.
2026-05-05 16:36:23,636 [WARNING:utdquake.bank.utils] Station GCI.KKFLS.122 not found in station metadata.
2026-05-05 16:36:23,669 [WARNING:utdquake.bank.utils] Station GCI.KKFLS.122 not found in station metadata.
2026-05-05 16:36:23,709 [WARNING:utdquake.bank.utils] Station GCI.KKFLS.123 not found in station metadata.
2026-05-05 16:36:23,746 [WARNING:utdquake.bank.utils] Station GCI.KKFLS.123 not found in station metadata.
2026-05-05 16:36:23,778 [WARNING:utdquake.bank.utils] Station GCI.KKFLS.124 not found in station metadata.
2026-05-05 16:36:23,818 [WARNING:utdquake.bank.utils] Station GCI.KKFLS.124 not found in station metadata.
2026-05-05 16:36:23,851 [WARNING:utdquake.bank.utils] Station GCI.KKFLS.125 not found in station metadata.
2026-05-05 16:36:23,885 [WARNING:utdquake.bank.utils] Station GCI.KKFLS.125 not found in station metadata.
2026-05-05 16:36:23,925 [WARNING:utdquake.bank.utils] Station GCI.KKFLS.126 not found in station metadata.
2026-05-05 16:36:23,960 [WARNING:utdquake.bank.utils] Station GCI.KKFLS.126 not found in station metadata.
2026-05-05 16:36:23,995 [WARNING:utdquake.bank.utils] Station GCI.KKFLS.127 not found in station metadata.
2026-05-05 16:36:24,037 [WARNING:utdquake.bank.utils] Station GCI.KKFLS.127 not found in station metadata.
2026-05-05 16:36:24,071 [WARNING:utdquake.bank.utils] Station GCI.KKFLS.128 not found in station metadata.
2026-05-05 16:36:24,111 [WARNING:utdquake.bank.utils] Station GCI.KKFLS.128 not found in station metadata.
2026-05-05 16:36:24,169 [WARNING:utdquake.bank.utils] Station GCI.KKFLS.129 not found in station metadata.
2026-05-05 16:36:24,210 [WARNING:utdquake.bank.utils] Station GCI.KKFLS.129 not found in station metadata.
2026-05-05 16:36:24,245 [WARNING:utdquake.bank.utils] Station GCI.KKFLS.130 not found in station metadata.
2026-05-05 16:36:24,281 [WARNING:utdquake.bank.utils] Station GCI.KKFLS.130 not found in station metadata.
2026-05-05 16:36:24,322 [WARNING:utdquake.bank.utils] Station GCI.KKFLS.131 not found in station metadata.
2026-05-05 16:36:24,357 [WARNING:utdquake.bank.utils] Station GCI.KKFLS.131 not found in station metadata.
2026-05-05 16:36:24,392 [WARNING:utdquake.bank.utils] Station GCI.KKFLS.132 not found in station metadata.
2026-05-05 16:36:24,433 [WARNING:utdquake.bank.utils] Station GCI.KKFLS.132 not found in station metadata.
2026-05-05 16:36:24,466 [WARNING:utdquake.bank.utils] Station GCI.KKFLS.133 not found in station metadata.
2026-05-05 16:36:24,501 [WARNING:utdquake.bank.utils] Station GCI.KKFLS.134 not found in station metadata.
2026-05-05 16:36:24,540 [WARNING:utdquake.bank.utils] Station GCI.KKFLS.134 not found in station metadata.
2026-05-05 16:36:24,576 [WARNING:utdquake.bank.utils] Station GCI.KKFLS.135 not found in station metadata.
2026-05-05 16:36:24,617 [WARNING:utdquake.bank.utils] Station GCI.KKFLS.136 not found in station metadata.
2026-05-05 16:36:24,653 [WARNING:utdquake.bank.utils] Station GCI.KKFLS.136 not found in station metadata.
2026-05-05 16:36:24,690 [WARNING:utdquake.bank.utils] Station GCI.KKFLS.137 not found in station metadata.
2026-05-05 16:36:24,731 [WARNING:utdquake.bank.utils] Station GCI.KKFLS.137 not found in station metadata.
2026-05-05 16:36:24,785 [WARNING:utdquake.bank.utils] Station GCI.KKFLS.138 not found in station metadata.
2026-05-05 16:36:24,832 [WARNING:utdquake.bank.utils] Station GCI.KKFLS.138 not found in station metadata.
2026-05-05 16:52:38,632 [INFO:utdquake.bank.utils] Processed origin smi:service.iris.edu/fdsnws/event/1/query?originid=49297768. Ready to update quality metrics.
2026-05-05 16:52:38,633 [INFO:utdquake.bank.utils] Updating quality metrics for origin smi:service.iris.edu/fdsnws/event/1/query?originid=49297768.
2026-05-05 16:52:38,642 [INFO:utdquake.bank.utils] Quality metrics updated for origin smi:service.iris.edu/fdsnws/event/1/query?originid=49297768.
2026-05-05 16:52:38,643 [INFO:utdquake.bank.utils] Updated quality metrics for origin smi:service.iris.edu/fdsnws/event/1/query?originid=49297768.
2026-05-05 16:52:38,644 [INFO:utdquake.bank.utils] Processing event smi:service.iris.edu/fdsnws/event/1/query?eventid=11774638 with origin smi:service.iris.edu/fdsnws/event/1/query?originid=49297120
2026-05-05 16:52:38,648 [WARNING:utdquake.bank.utils] Station GCI.KKFLS.100 not found in station metadata.
2026-05-05 16:52:38,693 [WARNING:utdquake.bank.utils] Station GCI.KKFLS.100 not found in station metadata.
2026-05-05 16:52:38,737 [WARNING:utdquake.bank.utils] Station GCI.KKFLS.101 not found in station metadata.
2026-05-05 16:52:38,812 [WARNING:utdquake.bank.utils] Station GCI.KKFLS.101 not found in station metadata.
2026-05-05 16:52:38,854 [WARNING:utdquake.bank.utils] Station GCI.KKFLS.102 not found in station metadata.
2026-05-05 16:52:38,895 [WARNING:utdquake.bank.utils] Station GCI.KKFLS.102 not found in station metadata.
2026-05-05 16:52:38,940 [WARNING:utdquake.bank.utils] Station GCI.KKFLS.103 not found in station metadata.
2026-05-05 16:52:38,981 [WARNING:utdquake.bank.utils] Station GCI.KKFLS.103 not found in station metadata.
2026-05-05 16:52:39,027 [WARNING:utdquake.bank.utils] Station GCI.KKFLS.104 not found in station metadata.
2026-05-05 16:52:39,068 [WARNING:utdquake.bank.utils] Station GCI.KKFLS.104 not found in station metadata.
2026-05-05 16:52:39,112 [WARNING:utdquake.bank.utils] Station GCI.KKFLS.105 not found in station metadata.
2026-05-05 16:52:39,152 [WARNING:utdquake.bank.utils] Station GCI.KKFLS.105 not found in station metadata.
2026-05-05 16:52:39,191 [WARNING:utdquake.bank.utils] Station GCI.KKFLS.106 not found in station metadata.
2026-05-05 16:52:39,236 [WARNING:utdquake.bank.utils] Station GCI.KKFLS.106 not found in station metadata.
2026-05-05 16:52:39,276 [WARNING:utdquake.bank.utils] Station GCI.KKFLS.107 not found in station metadata.
2026-05-05 16:52:39,321 [WARNING:utdquake.bank.utils] Station GCI.KKFLS.107 not found in station metadata.
2026-05-05 16:52:39,359 [WARNING:utdquake.bank.utils] Station GCI.KKFLS.108 not found in station metadata.
2026-05-05 16:52:39,401 [WARNING:utdquake.bank.utils] Station GCI.KKFLS.108 not found in station metadata.
2026-05-05 16:52:39,448 [WARNING:utdquake.bank.utils] Station GCI.KKFLS.109 not found in station metadata.
2026-05-05 16:52:39,494 [WARNING:utdquake.bank.utils] Station GCI.KKFLS.109 not found in station metadata.
2026-05-05 16:52:39,538 [WARNING:utdquake.bank.utils] Station GCI.KKFLS.110 not found in station metadata.
2026-05-05 16:52:39,581 [WARNING:utdquake.bank.utils] Station GCI.KKFLS.110 not found in station metadata.
2026-05-05 16:52:39,626 [WARNING:utdquake.bank.utils] Station GCI.KKFLS.111 not found in station metadata.
2026-05-05 16:52:39,666 [WARNING:utdquake.bank.utils] Station GCI.KKFLS.111 not found in station metadata.
2026-05-05 16:52:39,710 [WARNING:utdquake.bank.utils] Station GCI.KKFLS.112 not found in station metadata.
2026-05-05 16:52:39,750 [WARNING:utdquake.bank.utils] Station GCI.KKFLS.112 not found in station metadata.
2026-05-05 16:52:39,788 [WARNING:utdquake.bank.utils] Station GCI.KKFLS.113 not found in station metadata.
2026-05-05 16:52:39,834 [WARNING:utdquake.bank.utils] Station GCI.KKFLS.113 not found in station metadata.
2026-05-05 16:52:39,874 [WARNING:utdquake.bank.utils] Station GCI.KKFLS.114 not found in station metadata.
2026-05-05 16:52:39,962 [WARNING:utdquake.bank.utils] Station GCI.KKFLS.114 not found in station metadata.
2026-05-05 16:52:40,003 [WARNING:utdquake.bank.utils] Station GCI.KKFLS.115 not found in station metadata.
2026-05-05 16:52:40,050 [WARNING:utdquake.bank.utils] Station GCI.KKFLS.115 not found in station metadata.
2026-05-05 16:52:40,090 [WARNING:utdquake.bank.utils] Station GCI.KKFLS.116 not found in station metadata.
2026-05-05 16:52:40,137 [WARNING:utdquake.bank.utils] Station GCI.KKFLS.116 not found in station metadata.
2026-05-05 16:52:40,178 [WARNING:utdquake.bank.utils] Station GCI.KKFLS.117 not found in station metadata.
2026-05-05 16:52:40,225 [WARNING:utdquake.bank.utils] Station GCI.KKFLS.117 not found in station metadata.
2026-05-05 16:52:40,266 [WARNING:utdquake.bank.utils] Station GCI.KKFLS.118 not found in station metadata.
2026-05-05 16:52:40,312 [WARNING:utdquake.bank.utils] Station GCI.KKFLS.118 not found in station metadata.
2026-05-05 16:52:40,352 [WARNING:utdquake.bank.utils] Station GCI.KKFLS.119 not found in station metadata.
2026-05-05 16:52:40,395 [WARNING:utdquake.bank.utils] Station GCI.KKFLS.119 not found in station metadata.
2026-05-05 16:52:40,441 [WARNING:utdquake.bank.utils] Station GCI.KKFLS.120 not found in station metadata.
2026-05-05 16:52:40,483 [WARNING:utdquake.bank.utils] Station GCI.KKFLS.120 not found in station metadata.
2026-05-05 16:52:40,528 [WARNING:utdquake.bank.utils] Station GCI.KKFLS.121 not found in station metadata.
2026-05-05 16:52:40,568 [WARNING:utdquake.bank.utils] Station GCI.KKFLS.121 not found in station metadata.
2026-05-05 16:52:40,613 [WARNING:utdquake.bank.utils] Station GCI.KKFLS.122 not found in station metadata.
2026-05-05 16:52:40,663 [WARNING:utdquake.bank.utils] Station GCI.KKFLS.122 not found in station metadata.
2026-05-05 16:52:40,701 [WARNING:utdquake.bank.utils] Station GCI.KKFLS.123 not found in station metadata.
2026-05-05 16:52:40,747 [WARNING:utdquake.bank.utils] Station GCI.KKFLS.123 not found in station metadata.
2026-05-05 16:52:40,786 [WARNING:utdquake.bank.utils] Station GCI.KKFLS.124 not found in station metadata.
2026-05-05 16:52:40,831 [WARNING:utdquake.bank.utils] Station GCI.KKFLS.124 not found in station metadata.
2026-05-05 16:52:40,871 [WARNING:utdquake.bank.utils] Station GCI.KKFLS.125 not found in station metadata.
2026-05-05 16:52:40,952 [WARNING:utdquake.bank.utils] Station GCI.KKFLS.125 not found in station metadata.
2026-05-05 16:52:41,020 [WARNING:utdquake.bank.utils] Station GCI.KKFLS.126 not found in station metadata.
2026-05-05 16:52:41,066 [WARNING:utdquake.bank.utils] Station GCI.KKFLS.126 not found in station metadata.
2026-05-05 16:52:41,111 [WARNING:utdquake.bank.utils] Station GCI.KKFLS.127 not found in station metadata.
2026-05-05 16:52:41,152 [WARNING:utdquake.bank.utils] Station GCI.KKFLS.127 not found in station metadata.
2026-05-05 16:52:41,191 [WARNING:utdquake.bank.utils] Station GCI.KKFLS.128 not found in station metadata.
2026-05-05 16:52:41,236 [WARNING:utdquake.bank.utils] Station GCI.KKFLS.128 not found in station metadata.
2026-05-05 16:52:41,276 [WARNING:utdquake.bank.utils] Station GCI.KKFLS.129 not found in station metadata.
2026-05-05 16:52:41,321 [WARNING:utdquake.bank.utils] Station GCI.KKFLS.129 not found in station metadata.
2026-05-05 16:52:41,360 [WARNING:utdquake.bank.utils] Station GCI.KKFLS.130 not found in station metadata.
2026-05-05 16:52:41,401 [WARNING:utdquake.bank.utils] Station GCI.KKFLS.130 not found in station metadata.
2026-05-05 16:52:41,445 [WARNING:utdquake.bank.utils] Station GCI.KKFLS.131 not found in station metadata.
2026-05-05 16:52:41,487 [WARNING:utdquake.bank.utils] Station GCI.KKFLS.131 not found in station metadata.
2026-05-05 16:52:41,530 [WARNING:utdquake.bank.utils] Station GCI.KKFLS.132 not found in station metadata.
2026-05-05 16:52:41,571 [WARNING:utdquake.bank.utils] Station GCI.KKFLS.132 not found in station metadata.
2026-05-05 16:52:41,615 [WARNING:utdquake.bank.utils] Station GCI.KKFLS.133 not found in station metadata.
2026-05-05 16:52:41,656 [WARNING:utdquake.bank.utils] Station GCI.KKFLS.133 not found in station metadata.
2026-05-05 16:52:41,695 [WARNING:utdquake.bank.utils] Station GCI.KKFLS.134 not found in station metadata.
2026-05-05 16:52:41,746 [WARNING:utdquake.bank.utils] Station GCI.KKFLS.134 not found in station metadata.
2026-05-05 16:52:41,785 [WARNING:utdquake.bank.utils] Station GCI.KKFLS.135 not found in station metadata.
2026-05-05 16:52:41,831 [WARNING:utdquake.bank.utils] Station GCI.KKFLS.135 not found in station metadata.
2026-05-05 16:52:41,869 [WARNING:utdquake.bank.utils] Station GCI.KKFLS.136 not found in station metadata.
2026-05-05 16:52:41,951 [WARNING:utdquake.bank.utils] Station GCI.KKFLS.136 not found in station metadata.
2026-05-05 16:52:41,990 [WARNING:utdquake.bank.utils] Station GCI.KKFLS.137 not found in station metadata.
2026-05-05 16:52:42,037 [WARNING:utdquake.bank.utils] Station GCI.KKFLS.137 not found in station metadata.
2026-05-05 16:52:42,076 [WARNING:utdquake.bank.utils] Station GCI.KKFLS.138 not found in station metadata.
2026-05-05 16:52:42,122 [WARNING:utdquake.bank.utils] Station GCI.KKFLS.138 not found in station metadata.
2026-05-05 17:14:32,726 [INFO:utdquake.bank.utils] Processed origin smi:service.iris.edu/fdsnws/event/1/query?originid=49297120. Ready to update quality metrics.
2026-05-05 17:14:32,727 [INFO:utdquake.bank.utils] Updating quality metrics for origin smi:service.iris.edu/fdsnws/event/1/query?originid=49297120.
2026-05-05 17:14:32,737 [INFO:utdquake.bank.utils] Quality metrics updated for origin smi:service.iris.edu/fdsnws/event/1/query?originid=49297120.
2026-05-05 17:14:32,738 [INFO:utdquake.bank.utils] Updated quality metrics for origin smi:service.iris.edu/fdsnws/event/1/query?originid=49297120.
2026-05-05 17:14:32,739 [INFO:utdquake.bank.utils] Finishing to process 2 events in catalog ZlICwFfK.
2026-05-05 17:15:02,043 [INFO:utdquake.bank] Saved 2 events of 2 possible in chunk id 0   from 2023-12-03 04:43:30.917000 to 2023-12-04 04:43:30.917000 in /groups/igonin/ecastillo/UTDQuake_test/bank/GCI
2026-05-05 17:15:02,044 [INFO:utdquake.bank] Creating stations summary based on the events in the event bank at /groups/igonin/ecastillo/UTDQuake_test/bank/GCI/.stations
2026-05-05 17:15:02,063 [INFO:utdquake.bank.utils] Found 15000 station databases in /groups/igonin/ecastillo/UTDQuake_test/.utdquake/db/stations/.stations.
2026-05-05 17:22:48,367 [INFO:utdquake.bank] Updating stations summary in the event bank at /groups/igonin/ecastillo/UTDQuake_test/bank/GCI
2026-05-05 17:22:48,597 [INFO:utdquake.bank] Stations summary updated successfully.
2026-05-05 17:22:48,598 [INFO:utdquake.bank.utils] [1/10] Fetching events forward 2023-12-04T04:43:30.917000Z to 2023-12-05T04:43:30.917000Z...
2026-05-05 17:22:48,641 [INFO:utdquake.bank.utils] Restarting patience counter after successful fetch.
2026-05-05 17:22:49,191 [INFO:utdquake.bank] Chunk id: 0   initiated | Time range: 2023-12-04 04:43:30.917000 - 2023-12-05 04:43:30.917000 | Chunk creation time: 2026-05-05 17:22:49.191242
2026-05-05 17:22:49,191 [INFO:utdquake.bank.utils] Starting to process 0 events in catalog 4YKTQ9qc. (This id is created just for logging purposes)
2026-05-05 17:22:49,192 [INFO:utdquake.bank.utils] Finishing to process 0 events in catalog 4YKTQ9qc.
2026-05-05 17:22:49,896 [INFO:utdquake.bank] Saved 0 events of 0 possible in chunk id 0   from 2023-12-04 04:43:30.917000 to 2023-12-05 04:43:30.917000 in /groups/igonin/ecastillo/UTDQuake_test/bank/GCI
2026-05-05 17:22:49,897 [INFO:utdquake.bank] Creating stations summary based on the events in the event bank at /groups/igonin/ecastillo/UTDQuake_test/bank/GCI/.stations
2026-05-05 17:22:49,915 [INFO:utdquake.bank.utils] Found 15000 station databases in /groups/igonin/ecastillo/UTDQuake_test/.utdquake/db/stations/.stations.
2026-05-05 17:30:33,953 [INFO:utdquake.bank] Updating stations summary in the event bank at /groups/igonin/ecastillo/UTDQuake_test/bank/GCI
2026-05-05 17:30:34,141 [INFO:utdquake.bank] Stations summary updated successfully.
2026-05-05 17:30:34,141 [INFO:utdquake.bank.utils] [1/10] Fetching events forward 2023-12-05T04:43:30.917000Z to 2023-12-06T04:43:30.917000Z...
2026-05-05 17:30:47,924 [INFO:utdquake.bank.utils] Restarting patience counter after successful fetch.
2026-05-05 17:30:47,966 [INFO:utdquake.bank] Chunk id: 0   initiated | Time range: 2023-12-05 04:43:30.917000 - 2023-12-06 04:43:30.917000 | Chunk creation time: 2026-05-05 17:30:47.966621
2026-05-05 17:30:47,967 [INFO:utdquake.bank.utils] Starting to process 2 events in catalog Xj4j3kIH. (This id is created just for logging purposes)
2026-05-05 17:30:47,968 [INFO:utdquake.bank.utils] Processing event smi:service.iris.edu/fdsnws/event/1/query?eventid=11775405 with origin smi:service.iris.edu/fdsnws/event/1/query?originid=49305971
2026-05-05 17:30:47,972 [WARNING:utdquake.bank.utils] Station GCI.KKFLS.100 not found in station metadata.
2026-05-05 17:30:48,021 [WARNING:utdquake.bank.utils] Station GCI.KKFLS.103 not found in station metadata.
2026-05-05 17:30:48,060 [WARNING:utdquake.bank.utils] Station GCI.KKFLS.108 not found in station metadata.
2026-05-05 17:30:48,101 [WARNING:utdquake.bank.utils] Station GCI.KKFLS.109 not found in station metadata.
2026-05-05 17:30:48,145 [WARNING:utdquake.bank.utils] Station GCI.KKFLS.110 not found in station metadata.
2026-05-05 17:30:48,184 [WARNING:utdquake.bank.utils] Station GCI.KKFLS.111 not found in station metadata.
2026-05-05 17:30:48,226 [WARNING:utdquake.bank.utils] Station GCI.KKFLS.112 not found in station metadata.
2026-05-05 17:30:48,265 [WARNING:utdquake.bank.utils] Station GCI.KKFLS.113 not found in station metadata.
2026-05-05 17:30:48,321 [WARNING:utdquake.bank.utils] Station GCI.KKFLS.114 not found in station metadata.
2026-05-05 17:30:48,358 [WARNING:utdquake.bank.utils] Station GCI.KKFLS.115 not found in station metadata.
2026-05-05 17:30:48,397 [WARNING:utdquake.bank.utils] Station GCI.KKFLS.116 not found in station metadata.
2026-05-05 17:30:48,442 [WARNING:utdquake.bank.utils] Station GCI.KKFLS.117 not found in station metadata.
2026-05-05 17:30:48,481 [WARNING:utdquake.bank.utils] Station GCI.KKFLS.118 not found in station metadata.
2026-05-05 17:30:48,525 [WARNING:utdquake.bank.utils] Station GCI.KKFLS.119 not found in station metadata.
2026-05-05 17:30:48,564 [WARNING:utdquake.bank.utils] Station GCI.KKFLS.120 not found in station metadata.
2026-05-05 17:30:48,602 [WARNING:utdquake.bank.utils] Station GCI.KKFLS.121 not found in station metadata.
2026-05-05 17:30:48,662 [WARNING:utdquake.bank.utils] Station GCI.KKFLS.122 not found in station metadata.
2026-05-05 17:30:48,702 [WARNING:utdquake.bank.utils] Station GCI.KKFLS.123 not found in station metadata.
2026-05-05 17:30:48,760 [WARNING:utdquake.bank.utils] Station GCI.KKFLS.124 not found in station metadata.
2026-05-05 17:30:48,800 [WARNING:utdquake.bank.utils] Station GCI.KKFLS.125 not found in station metadata.
2026-05-05 17:30:48,845 [WARNING:utdquake.bank.utils] Station GCI.KKFLS.126 not found in station metadata.
2026-05-05 17:30:48,884 [WARNING:utdquake.bank.utils] Station GCI.KKFLS.127 not found in station metadata.
2026-05-05 17:30:48,929 [WARNING:utdquake.bank.utils] Station GCI.KKFLS.128 not found in station metadata.
2026-05-05 17:30:48,967 [WARNING:utdquake.bank.utils] Station GCI.KKFLS.129 not found in station metadata.
2026-05-05 17:30:49,015 [WARNING:utdquake.bank.utils] Station GCI.KKFLS.130 not found in station metadata.
2026-05-05 17:30:49,056 [WARNING:utdquake.bank.utils] Station GCI.KKFLS.131 not found in station metadata.
2026-05-05 17:30:49,094 [WARNING:utdquake.bank.utils] Station GCI.KKFLS.136 not found in station metadata.
2026-05-05 17:30:49,139 [WARNING:utdquake.bank.utils] Station GCI.KKFLS.137 not found in station metadata.
2026-05-05 17:30:49,193 [WARNING:utdquake.bank.utils] Station GCI.KKFLS.138 not found in station metadata.
2026-05-05 17:40:35,831 [INFO:utdquake.bank.utils] Processed origin smi:service.iris.edu/fdsnws/event/1/query?originid=49305971. Ready to update quality metrics.
2026-05-05 17:40:35,832 [INFO:utdquake.bank.utils] Updating quality metrics for origin smi:service.iris.edu/fdsnws/event/1/query?originid=49305971.
2026-05-05 17:40:35,837 [INFO:utdquake.bank.utils] Quality metrics updated for origin smi:service.iris.edu/fdsnws/event/1/query?originid=49305971.
2026-05-05 17:40:35,838 [INFO:utdquake.bank.utils] Updated quality metrics for origin smi:service.iris.edu/fdsnws/event/1/query?originid=49305971.
2026-05-05 17:40:35,839 [INFO:utdquake.bank.utils] Processing event smi:service.iris.edu/fdsnws/event/1/query?eventid=11775428 with origin smi:service.iris.edu/fdsnws/event/1/query?originid=49306370
2026-05-05 17:40:35,843 [WARNING:utdquake.bank.utils] Station GCI.KKFLS.100 not found in station metadata.
2026-05-05 17:40:35,880 [WARNING:utdquake.bank.utils] Station GCI.KKFLS.102 not found in station metadata.
2026-05-05 17:40:35,925 [WARNING:utdquake.bank.utils] Station GCI.KKFLS.103 not found in station metadata.
2026-05-05 17:40:35,965 [WARNING:utdquake.bank.utils] Station GCI.KKFLS.104 not found in station metadata.
2026-05-05 17:40:36,012 [WARNING:utdquake.bank.utils] Station GCI.KKFLS.105 not found in station metadata.
2026-05-05 17:40:36,052 [WARNING:utdquake.bank.utils] Station GCI.KKFLS.107 not found in station metadata.
2026-05-05 17:40:36,092 [WARNING:utdquake.bank.utils] Station GCI.KKFLS.108 not found in station metadata.
2026-05-05 17:40:36,135 [WARNING:utdquake.bank.utils] Station GCI.KKFLS.109 not found in station metadata.
2026-05-05 17:40:36,174 [WARNING:utdquake.bank.utils] Station GCI.KKFLS.109 not found in station metadata.
2026-05-05 17:40:36,248 [WARNING:utdquake.bank.utils] Station GCI.KKFLS.110 not found in station metadata.
2026-05-05 17:40:36,283 [WARNING:utdquake.bank.utils] Station GCI.KKFLS.110 not found in station metadata.
2026-05-05 17:40:36,324 [WARNING:utdquake.bank.utils] Station GCI.KKFLS.111 not found in station metadata.
2026-05-05 17:40:36,363 [WARNING:utdquake.bank.utils] Station GCI.KKFLS.111 not found in station metadata.
2026-05-05 17:40:36,398 [WARNING:utdquake.bank.utils] Station GCI.KKFLS.112 not found in station metadata.
2026-05-05 17:40:36,443 [WARNING:utdquake.bank.utils] Station GCI.KKFLS.112 not found in station metadata.
2026-05-05 17:40:36,478 [WARNING:utdquake.bank.utils] Station GCI.KKFLS.113 not found in station metadata.
2026-05-05 17:40:36,521 [WARNING:utdquake.bank.utils] Station GCI.KKFLS.113 not found in station metadata.
2026-05-05 17:40:36,557 [WARNING:utdquake.bank.utils] Station GCI.KKFLS.114 not found in station metadata.
2026-05-05 17:40:36,595 [WARNING:utdquake.bank.utils] Station GCI.KKFLS.114 not found in station metadata.
2026-05-05 17:40:36,646 [WARNING:utdquake.bank.utils] Station GCI.KKFLS.115 not found in station metadata.
2026-05-05 17:40:36,686 [WARNING:utdquake.bank.utils] Station GCI.KKFLS.115 not found in station metadata.
2026-05-05 17:40:36,726 [WARNING:utdquake.bank.utils] Station GCI.KKFLS.116 not found in station metadata.
2026-05-05 17:40:36,764 [WARNING:utdquake.bank.utils] Station GCI.KKFLS.116 not found in station metadata.
2026-05-05 17:40:36,800 [WARNING:utdquake.bank.utils] Station GCI.KKFLS.117 not found in station metadata.
2026-05-05 17:40:36,841 [WARNING:utdquake.bank.utils] Station GCI.KKFLS.117 not found in station metadata.
2026-05-05 17:40:36,889 [WARNING:utdquake.bank.utils] Station GCI.KKFLS.118 not found in station metadata.
2026-05-05 17:40:36,931 [WARNING:utdquake.bank.utils] Station GCI.KKFLS.118 not found in station metadata.
2026-05-05 17:40:36,967 [WARNING:utdquake.bank.utils] Station GCI.KKFLS.119 not found in station metadata.
2026-05-05 17:40:37,003 [WARNING:utdquake.bank.utils] Station GCI.KKFLS.120 not found in station metadata.
2026-05-05 17:40:37,070 [WARNING:utdquake.bank.utils] Station GCI.KKFLS.120 not found in station metadata.
2026-05-05 17:40:37,112 [WARNING:utdquake.bank.utils] Station GCI.KKFLS.121 not found in station metadata.
2026-05-05 17:40:37,146 [WARNING:utdquake.bank.utils] Station GCI.KKFLS.122 not found in station metadata.
2026-05-05 17:40:37,197 [WARNING:utdquake.bank.utils] Station GCI.KKFLS.123 not found in station metadata.
2026-05-05 17:40:37,240 [WARNING:utdquake.bank.utils] Station GCI.KKFLS.124 not found in station metadata.
2026-05-05 17:40:37,278 [WARNING:utdquake.bank.utils] Station GCI.KKFLS.125 not found in station metadata.
2026-05-05 17:40:37,316 [WARNING:utdquake.bank.utils] Station GCI.KKFLS.125 not found in station metadata.
2026-05-05 17:40:37,354 [WARNING:utdquake.bank.utils] Station GCI.KKFLS.126 not found in station metadata.
2026-05-05 17:40:37,390 [WARNING:utdquake.bank.utils] Station GCI.KKFLS.126 not found in station metadata.
2026-05-05 17:40:37,431 [WARNING:utdquake.bank.utils] Station GCI.KKFLS.127 not found in station metadata.
2026-05-05 17:40:37,469 [WARNING:utdquake.bank.utils] Station GCI.KKFLS.127 not found in station metadata.
2026-05-05 17:40:37,512 [WARNING:utdquake.bank.utils] Station GCI.KKFLS.128 not found in station metadata.
2026-05-05 17:40:37,551 [WARNING:utdquake.bank.utils] Station GCI.KKFLS.128 not found in station metadata.
2026-05-05 17:40:37,591 [WARNING:utdquake.bank.utils] Station GCI.KKFLS.129 not found in station metadata.
2026-05-05 17:40:37,635 [WARNING:utdquake.bank.utils] Station GCI.KKFLS.129 not found in station metadata.
2026-05-05 17:40:37,672 [WARNING:utdquake.bank.utils] Station GCI.KKFLS.130 not found in station metadata.
2026-05-05 17:40:37,715 [WARNING:utdquake.bank.utils] Station GCI.KKFLS.130 not found in station metadata.
2026-05-05 17:40:37,752 [WARNING:utdquake.bank.utils] Station GCI.KKFLS.131 not found in station metadata.
2026-05-05 17:40:37,795 [WARNING:utdquake.bank.utils] Station GCI.KKFLS.131 not found in station metadata.
2026-05-05 17:40:37,834 [WARNING:utdquake.bank.utils] Station GCI.KKFLS.132 not found in station metadata.
2026-05-05 17:40:37,897 [WARNING:utdquake.bank.utils] Station GCI.KKFLS.133 not found in station metadata.
2026-05-05 17:40:37,941 [WARNING:utdquake.bank.utils] Station GCI.KKFLS.134 not found in station metadata.
2026-05-05 17:40:37,980 [WARNING:utdquake.bank.utils] Station GCI.KKFLS.134 not found in station metadata.
2026-05-05 17:40:38,022 [WARNING:utdquake.bank.utils] Station GCI.KKFLS.136 not found in station metadata.
2026-05-05 17:40:38,058 [WARNING:utdquake.bank.utils] Station GCI.KKFLS.137 not found in station metadata.
2026-05-05 17:40:38,095 [WARNING:utdquake.bank.utils] Station GCI.KKFLS.137 not found in station metadata.
2026-05-05 17:40:38,138 [WARNING:utdquake.bank.utils] Station GCI.KKFLS.138 not found in station metadata.
2026-05-05 17:40:38,176 [WARNING:utdquake.bank.utils] Station GCI.KKFLS.138 not found in station metadata.
2026-05-05 17:55:13,056 [INFO:utdquake.bank.utils] Processed origin smi:service.iris.edu/fdsnws/event/1/query?originid=49306370. Ready to update quality metrics.
2026-05-05 17:55:13,057 [INFO:utdquake.bank.utils] Updating quality metrics for origin smi:service.iris.edu/fdsnws/event/1/query?originid=49306370.
2026-05-05 17:55:13,065 [INFO:utdquake.bank.utils] Quality metrics updated for origin smi:service.iris.edu/fdsnws/event/1/query?originid=49306370.
2026-05-05 17:55:13,066 [INFO:utdquake.bank.utils] Updated quality metrics for origin smi:service.iris.edu/fdsnws/event/1/query?originid=49306370.
2026-05-05 17:55:13,066 [INFO:utdquake.bank.utils] Finishing to process 2 events in catalog Xj4j3kIH.
2026-05-05 17:55:31,798 [INFO:utdquake.bank] Saved 2 events of 2 possible in chunk id 0   from 2023-12-05 04:43:30.917000 to 2023-12-06 04:43:30.917000 in /groups/igonin/ecastillo/UTDQuake_test/bank/GCI
2026-05-05 17:55:31,799 [INFO:utdquake.bank] Creating stations summary based on the events in the event bank at /groups/igonin/ecastillo/UTDQuake_test/bank/GCI/.stations
2026-05-05 17:55:31,822 [INFO:utdquake.bank.utils] Found 15000 station databases in /groups/igonin/ecastillo/UTDQuake_test/.utdquake/db/stations/.stations.
2026-05-05 18:03:14,639 [INFO:utdquake.bank] Updating stations summary in the event bank at /groups/igonin/ecastillo/UTDQuake_test/bank/GCI
2026-05-05 18:03:14,868 [INFO:utdquake.bank] Stations summary updated successfully.
2026-05-05 18:03:14,869 [INFO:utdquake.bank.utils] [1/10] Fetching events forward 2023-12-06T04:43:30.917000Z to 2023-12-07T04:43:30.917000Z...
2026-05-05 18:03:25,678 [INFO:utdquake.bank.utils] Restarting patience counter after successful fetch.
2026-05-05 18:03:25,978 [INFO:utdquake.bank] Chunk id: 0   initiated | Time range: 2023-12-06 04:43:30.917000 - 2023-12-07 04:43:30.917000 | Chunk creation time: 2026-05-05 18:03:25.978520
2026-05-05 18:03:25,979 [INFO:utdquake.bank.utils] Starting to process 1 events in catalog lPbtRcT0. (This id is created just for logging purposes)
2026-05-05 18:03:25,979 [INFO:utdquake.bank.utils] Processing event smi:service.iris.edu/fdsnws/event/1/query?eventid=11776299 with origin smi:service.iris.edu/fdsnws/event/1/query?originid=49316021
2026-05-05 18:03:25,985 [WARNING:utdquake.bank.utils] Station GCI.KKFLS.100 not found in station metadata.
2026-05-05 18:03:26,032 [WARNING:utdquake.bank.utils] Station GCI.KKFLS.100 not found in station metadata.
2026-05-05 18:03:26,068 [WARNING:utdquake.bank.utils] Station GCI.KKFLS.101 not found in station metadata.
2026-05-05 18:03:26,112 [WARNING:utdquake.bank.utils] Station GCI.KKFLS.102 not found in station metadata.
2026-05-05 18:03:26,152 [WARNING:utdquake.bank.utils] Station GCI.KKFLS.103 not found in station metadata.
2026-05-05 18:03:26,189 [WARNING:utdquake.bank.utils] Station GCI.KKFLS.104 not found in station metadata.
2026-05-05 18:03:26,231 [WARNING:utdquake.bank.utils] Station GCI.KKFLS.104 not found in station metadata.
2026-05-05 18:03:26,266 [WARNING:utdquake.bank.utils] Station GCI.KKFLS.105 not found in station metadata.
2026-05-05 18:03:26,302 [WARNING:utdquake.bank.utils] Station GCI.KKFLS.106 not found in station metadata.
2026-05-05 18:03:26,342 [WARNING:utdquake.bank.utils] Station GCI.KKFLS.107 not found in station metadata.
2026-05-05 18:03:26,378 [WARNING:utdquake.bank.utils] Station GCI.KKFLS.107 not found in station metadata.
2026-05-05 18:03:26,420 [WARNING:utdquake.bank.utils] Station GCI.KKFLS.108 not found in station metadata.
2026-05-05 18:03:26,460 [WARNING:utdquake.bank.utils] Station GCI.KKFLS.108 not found in station metadata.
2026-05-05 18:03:26,498 [WARNING:utdquake.bank.utils] Station GCI.KKFLS.109 not found in station metadata.
2026-05-05 18:03:26,542 [WARNING:utdquake.bank.utils] Station GCI.KKFLS.109 not found in station metadata.
2026-05-05 18:03:26,603 [WARNING:utdquake.bank.utils] Station GCI.KKFLS.110 not found in station metadata.
2026-05-05 18:03:26,645 [WARNING:utdquake.bank.utils] Station GCI.KKFLS.110 not found in station metadata.
2026-05-05 18:03:26,682 [WARNING:utdquake.bank.utils] Station GCI.KKFLS.111 not found in station metadata.
2026-05-05 18:03:26,744 [WARNING:utdquake.bank.utils] Station GCI.KKFLS.111 not found in station metadata.
2026-05-05 18:03:26,782 [WARNING:utdquake.bank.utils] Station GCI.KKFLS.112 not found in station metadata.
2026-05-05 18:03:26,827 [WARNING:utdquake.bank.utils] Station GCI.KKFLS.112 not found in station metadata.
2026-05-05 18:03:26,865 [WARNING:utdquake.bank.utils] Station GCI.KKFLS.113 not found in station metadata.
2026-05-05 18:03:26,919 [WARNING:utdquake.bank.utils] Station GCI.KKFLS.113 not found in station metadata.
2026-05-05 18:03:26,956 [WARNING:utdquake.bank.utils] Station GCI.KKFLS.114 not found in station metadata.
2026-05-05 18:03:26,996 [WARNING:utdquake.bank.utils] Station GCI.KKFLS.114 not found in station metadata.
2026-05-05 18:03:27,040 [WARNING:utdquake.bank.utils] Station GCI.KKFLS.115 not found in station metadata.
2026-05-05 18:03:27,077 [WARNING:utdquake.bank.utils] Station GCI.KKFLS.115 not found in station metadata.
2026-05-05 18:03:27,117 [WARNING:utdquake.bank.utils] Station GCI.KKFLS.116 not found in station metadata.
2026-05-05 18:03:27,155 [WARNING:utdquake.bank.utils] Station GCI.KKFLS.116 not found in station metadata.
2026-05-05 18:03:27,192 [WARNING:utdquake.bank.utils] Station GCI.KKFLS.117 not found in station metadata.
2026-05-05 18:03:27,237 [WARNING:utdquake.bank.utils] Station GCI.KKFLS.117 not found in station metadata.
2026-05-05 18:03:27,300 [WARNING:utdquake.bank.utils] Station GCI.KKFLS.118 not found in station metadata.
2026-05-05 18:03:27,344 [WARNING:utdquake.bank.utils] Station GCI.KKFLS.118 not found in station metadata.
2026-05-05 18:03:27,382 [WARNING:utdquake.bank.utils] Station GCI.KKFLS.119 not found in station metadata.
2026-05-05 18:03:27,426 [WARNING:utdquake.bank.utils] Station GCI.KKFLS.119 not found in station metadata.
2026-05-05 18:03:27,462 [WARNING:utdquake.bank.utils] Station GCI.KKFLS.120 not found in station metadata.
2026-05-05 18:03:27,502 [WARNING:utdquake.bank.utils] Station GCI.KKFLS.120 not found in station metadata.
2026-05-05 18:03:27,541 [WARNING:utdquake.bank.utils] Station GCI.KKFLS.121 not found in station metadata.
2026-05-05 18:03:27,580 [WARNING:utdquake.bank.utils] Station GCI.KKFLS.121 not found in station metadata.
2026-05-05 18:03:27,624 [WARNING:utdquake.bank.utils] Station GCI.KKFLS.122 not found in station metadata.
2026-05-05 18:03:27,663 [WARNING:utdquake.bank.utils] Station GCI.KKFLS.122 not found in station metadata.
2026-05-05 18:03:27,701 [WARNING:utdquake.bank.utils] Station GCI.KKFLS.123 not found in station metadata.
2026-05-05 18:03:27,745 [WARNING:utdquake.bank.utils] Station GCI.KKFLS.123 not found in station metadata.
2026-05-05 18:03:27,782 [WARNING:utdquake.bank.utils] Station GCI.KKFLS.124 not found in station metadata.
2026-05-05 18:03:27,829 [WARNING:utdquake.bank.utils] Station GCI.KKFLS.124 not found in station metadata.
2026-05-05 18:03:27,866 [WARNING:utdquake.bank.utils] Station GCI.KKFLS.125 not found in station metadata.
2026-05-05 18:03:27,910 [WARNING:utdquake.bank.utils] Station GCI.KKFLS.125 not found in station metadata.
2026-05-05 18:03:27,972 [WARNING:utdquake.bank.utils] Station GCI.KKFLS.126 not found in station metadata.
2026-05-05 18:03:28,017 [WARNING:utdquake.bank.utils] Station GCI.KKFLS.126 not found in station metadata.
2026-05-05 18:03:28,057 [WARNING:utdquake.bank.utils] Station GCI.KKFLS.127 not found in station metadata.
2026-05-05 18:03:28,097 [WARNING:utdquake.bank.utils] Station GCI.KKFLS.127 not found in station metadata.
2026-05-05 18:03:28,139 [WARNING:utdquake.bank.utils] Station GCI.KKFLS.128 not found in station metadata.
2026-05-05 18:03:28,177 [WARNING:utdquake.bank.utils] Station GCI.KKFLS.128 not found in station metadata.
2026-05-05 18:03:28,220 [WARNING:utdquake.bank.utils] Station GCI.KKFLS.129 not found in station metadata.
2026-05-05 18:03:28,259 [WARNING:utdquake.bank.utils] Station GCI.KKFLS.129 not found in station metadata.
2026-05-05 18:03:28,300 [WARNING:utdquake.bank.utils] Station GCI.KKFLS.130 not found in station metadata.
2026-05-05 18:03:28,344 [WARNING:utdquake.bank.utils] Station GCI.KKFLS.130 not found in station metadata.
2026-05-05 18:03:28,382 [WARNING:utdquake.bank.utils] Station GCI.KKFLS.131 not found in station metadata.
2026-05-05 18:03:28,424 [WARNING:utdquake.bank.utils] Station GCI.KKFLS.131 not found in station metadata.
2026-05-05 18:03:28,462 [WARNING:utdquake.bank.utils] Station GCI.KKFLS.132 not found in station metadata.
2026-05-05 18:03:28,501 [WARNING:utdquake.bank.utils] Station GCI.KKFLS.132 not found in station metadata.
2026-05-05 18:03:28,543 [WARNING:utdquake.bank.utils] Station GCI.KKFLS.133 not found in station metadata.
2026-05-05 18:03:28,582 [WARNING:utdquake.bank.utils] Station GCI.KKFLS.133 not found in station metadata.
2026-05-05 18:03:28,650 [WARNING:utdquake.bank.utils] Station GCI.KKFLS.134 not found in station metadata.
2026-05-05 18:03:28,686 [WARNING:utdquake.bank.utils] Station GCI.KKFLS.134 not found in station metadata.
2026-05-05 18:03:28,728 [WARNING:utdquake.bank.utils] Station GCI.KKFLS.136 not found in station metadata.
2026-05-05 18:03:28,766 [WARNING:utdquake.bank.utils] Station GCI.KKFLS.136 not found in station metadata.
2026-05-05 18:03:28,802 [WARNING:utdquake.bank.utils] Station GCI.KKFLS.137 not found in station metadata.
2026-05-05 18:03:28,844 [WARNING:utdquake.bank.utils] Station GCI.KKFLS.137 not found in station metadata.
2026-05-05 18:03:28,881 [WARNING:utdquake.bank.utils] Station GCI.KKFLS.138 not found in station metadata.
2026-05-05 18:03:28,925 [WARNING:utdquake.bank.utils] Station GCI.KKFLS.138 not found in station metadata.
2026-05-05 18:23:03,110 [INFO:utdquake.bank.utils] Processed origin smi:service.iris.edu/fdsnws/event/1/query?originid=49316021. Ready to update quality metrics.
2026-05-05 18:23:03,111 [INFO:utdquake.bank.utils] Updating quality metrics for origin smi:service.iris.edu/fdsnws/event/1/query?originid=49316021.
2026-05-05 18:23:03,119 [INFO:utdquake.bank.utils] Quality metrics updated for origin smi:service.iris.edu/fdsnws/event/1/query?originid=49316021.
2026-05-05 18:23:03,120 [INFO:utdquake.bank.utils] Updated quality metrics for origin smi:service.iris.edu/fdsnws/event/1/query?originid=49316021.
2026-05-05 18:23:03,120 [INFO:utdquake.bank.utils] Finishing to process 1 events in catalog lPbtRcT0.
2026-05-05 18:23:17,704 [INFO:utdquake.bank] Saved 1 events of 1 possible in chunk id 0   from 2023-12-06 04:43:30.917000 to 2023-12-07 04:43:30.917000 in /groups/igonin/ecastillo/UTDQuake_test/bank/GCI
2026-05-05 18:23:17,706 [INFO:utdquake.bank] Creating stations summary based on the events in the event bank at /groups/igonin/ecastillo/UTDQuake_test/bank/GCI/.stations
2026-05-05 18:23:17,725 [INFO:utdquake.bank.utils] Found 15000 station databases in /groups/igonin/ecastillo/UTDQuake_test/.utdquake/db/stations/.stations.
2026-05-05 18:30:59,411 [INFO:utdquake.bank] Updating stations summary in the event bank at /groups/igonin/ecastillo/UTDQuake_test/bank/GCI
2026-05-05 18:30:59,713 [INFO:utdquake.bank] Stations summary updated successfully.
2026-05-05 18:30:59,714 [INFO:utdquake.bank.utils] [1/10] Fetching events forward 2023-12-07T04:43:30.917000Z to 2023-12-08T04:43:30.917000Z...
2026-05-05 18:30:59,758 [INFO:utdquake.bank.utils] Restarting patience counter after successful fetch.
2026-05-05 18:30:59,978 [INFO:utdquake.bank] Chunk id: 0   initiated | Time range: 2023-12-07 04:43:30.917000 - 2023-12-08 04:43:30.917000 | Chunk creation time: 2026-05-05 18:30:59.978059
2026-05-05 18:30:59,979 [INFO:utdquake.bank.utils] Starting to process 0 events in catalog Mk7o5WJj. (This id is created just for logging purposes)
2026-05-05 18:30:59,979 [INFO:utdquake.bank.utils] Finishing to process 0 events in catalog Mk7o5WJj.
2026-05-05 18:31:00,683 [INFO:utdquake.bank] Saved 0 events of 0 possible in chunk id 0   from 2023-12-07 04:43:30.917000 to 2023-12-08 04:43:30.917000 in /groups/igonin/ecastillo/UTDQuake_test/bank/GCI
2026-05-05 18:31:00,684 [INFO:utdquake.bank] Creating stations summary based on the events in the event bank at /groups/igonin/ecastillo/UTDQuake_test/bank/GCI/.stations
2026-05-05 18:31:00,702 [INFO:utdquake.bank.utils] Found 15000 station databases in /groups/igonin/ecastillo/UTDQuake_test/.utdquake/db/stations/.stations.
2026-05-05 18:38:43,329 [INFO:utdquake.bank] Updating stations summary in the event bank at /groups/igonin/ecastillo/UTDQuake_test/bank/GCI
2026-05-05 18:38:43,508 [INFO:utdquake.bank] Stations summary updated successfully.
2026-05-05 18:38:43,509 [INFO:utdquake.bank.utils] [1/10] Fetching events forward 2023-12-08T04:43:30.917000Z to 2023-12-09T04:43:30.917000Z...
2026-05-05 18:38:43,528 [INFO:utdquake.bank.utils] Restarting patience counter after successful fetch.
2026-05-05 18:38:43,529 [INFO:utdquake.bank] Chunk id: 0   initiated | Time range: 2023-12-08 04:43:30.917000 - 2023-12-09 04:43:30.917000 | Chunk creation time: 2026-05-05 18:38:43.529220
2026-05-05 18:38:43,529 [INFO:utdquake.bank.utils] Starting to process 0 events in catalog qo428Son. (This id is created just for logging purposes)
2026-05-05 18:38:43,530 [INFO:utdquake.bank.utils] Finishing to process 0 events in catalog qo428Son.
2026-05-05 18:38:44,235 [INFO:utdquake.bank] Saved 0 events of 0 possible in chunk id 0   from 2023-12-08 04:43:30.917000 to 2023-12-09 04:43:30.917000 in /groups/igonin/ecastillo/UTDQuake_test/bank/GCI
2026-05-05 18:38:44,236 [INFO:utdquake.bank] Creating stations summary based on the events in the event bank at /groups/igonin/ecastillo/UTDQuake_test/bank/GCI/.stations
2026-05-05 18:38:44,253 [INFO:utdquake.bank.utils] Found 15000 station databases in /groups/igonin/ecastillo/UTDQuake_test/.utdquake/db/stations/.stations.
2026-05-05 18:46:29,132 [INFO:utdquake.bank] Updating stations summary in the event bank at /groups/igonin/ecastillo/UTDQuake_test/bank/GCI
2026-05-05 18:46:29,311 [INFO:utdquake.bank] Stations summary updated successfully.
2026-05-05 18:46:29,312 [INFO:utdquake.bank.utils] [1/10] Fetching events forward 2023-12-09T04:43:30.917000Z to 2023-12-10T04:43:30.917000Z...
2026-05-05 18:46:37,783 [INFO:utdquake.bank.utils] Restarting patience counter after successful fetch.
2026-05-05 18:46:37,825 [INFO:utdquake.bank] Chunk id: 0   initiated | Time range: 2023-12-09 04:43:30.917000 - 2023-12-10 04:43:30.917000 | Chunk creation time: 2026-05-05 18:46:37.825332
2026-05-05 18:46:37,825 [INFO:utdquake.bank.utils] Starting to process 1 events in catalog 4LIQjuN1. (This id is created just for logging purposes)
2026-05-05 18:46:37,826 [INFO:utdquake.bank.utils] Processing event smi:service.iris.edu/fdsnws/event/1/query?eventid=11777476 with origin smi:service.iris.edu/fdsnws/event/1/query?originid=49329068
2026-05-05 18:46:37,831 [WARNING:utdquake.bank.utils] Station GCI.KKFLS.100 not found in station metadata.
2026-05-05 18:46:37,875 [WARNING:utdquake.bank.utils] Station GCI.KKFLS.101 not found in station metadata.
2026-05-05 18:46:37,921 [WARNING:utdquake.bank.utils] Station GCI.KKFLS.102 not found in station metadata.
2026-05-05 18:46:37,959 [WARNING:utdquake.bank.utils] Station GCI.KKFLS.104 not found in station metadata.
2026-05-05 18:46:37,999 [WARNING:utdquake.bank.utils] Station GCI.KKFLS.105 not found in station metadata.
2026-05-05 18:46:38,045 [WARNING:utdquake.bank.utils] Station GCI.KKFLS.106 not found in station metadata.
2026-05-05 18:46:38,085 [WARNING:utdquake.bank.utils] Station GCI.KKFLS.107 not found in station metadata.
2026-05-05 18:46:38,128 [WARNING:utdquake.bank.utils] Station GCI.KKFLS.108 not found in station metadata.
2026-05-05 18:46:38,180 [WARNING:utdquake.bank.utils] Station GCI.KKFLS.109 not found in station metadata.
2026-05-05 18:46:38,221 [WARNING:utdquake.bank.utils] Station GCI.KKFLS.109 not found in station metadata.
2026-05-05 18:46:38,260 [WARNING:utdquake.bank.utils] Station GCI.KKFLS.110 not found in station metadata.
2026-05-05 18:46:38,300 [WARNING:utdquake.bank.utils] Station GCI.KKFLS.110 not found in station metadata.
2026-05-05 18:46:38,342 [WARNING:utdquake.bank.utils] Station GCI.KKFLS.111 not found in station metadata.
2026-05-05 18:46:38,380 [WARNING:utdquake.bank.utils] Station GCI.KKFLS.111 not found in station metadata.
2026-05-05 18:46:38,421 [WARNING:utdquake.bank.utils] Station GCI.KKFLS.112 not found in station metadata.
2026-05-05 18:46:38,459 [WARNING:utdquake.bank.utils] Station GCI.KKFLS.112 not found in station metadata.
2026-05-05 18:46:38,497 [WARNING:utdquake.bank.utils] Station GCI.KKFLS.113 not found in station metadata.
2026-05-05 18:46:38,543 [WARNING:utdquake.bank.utils] Station GCI.KKFLS.113 not found in station metadata.
2026-05-05 18:46:38,581 [WARNING:utdquake.bank.utils] Station GCI.KKFLS.114 not found in station metadata.
2026-05-05 18:46:38,624 [WARNING:utdquake.bank.utils] Station GCI.KKFLS.114 not found in station metadata.
2026-05-05 18:46:38,664 [WARNING:utdquake.bank.utils] Station GCI.KKFLS.115 not found in station metadata.
2026-05-05 18:46:38,710 [WARNING:utdquake.bank.utils] Station GCI.KKFLS.115 not found in station metadata.
2026-05-05 18:46:38,769 [WARNING:utdquake.bank.utils] Station GCI.KKFLS.116 not found in station metadata.
2026-05-05 18:46:38,814 [WARNING:utdquake.bank.utils] Station GCI.KKFLS.116 not found in station metadata.
2026-05-05 18:46:38,855 [WARNING:utdquake.bank.utils] Station GCI.KKFLS.117 not found in station metadata.
2026-05-05 18:46:38,895 [WARNING:utdquake.bank.utils] Station GCI.KKFLS.117 not found in station metadata.
2026-05-05 18:46:38,939 [WARNING:utdquake.bank.utils] Station GCI.KKFLS.118 not found in station metadata.
2026-05-05 18:46:38,977 [WARNING:utdquake.bank.utils] Station GCI.KKFLS.118 not found in station metadata.
2026-05-05 18:46:39,025 [WARNING:utdquake.bank.utils] Station GCI.KKFLS.119 not found in station metadata.
2026-05-05 18:46:39,064 [WARNING:utdquake.bank.utils] Station GCI.KKFLS.119 not found in station metadata.
2026-05-05 18:46:39,112 [WARNING:utdquake.bank.utils] Station GCI.KKFLS.120 not found in station metadata.
2026-05-05 18:46:39,181 [WARNING:utdquake.bank.utils] Station GCI.KKFLS.120 not found in station metadata.
2026-05-05 18:46:39,242 [WARNING:utdquake.bank.utils] Station GCI.KKFLS.121 not found in station metadata.
2026-05-05 18:46:39,284 [WARNING:utdquake.bank.utils] Station GCI.KKFLS.121 not found in station metadata.
2026-05-05 18:46:39,330 [WARNING:utdquake.bank.utils] Station GCI.KKFLS.122 not found in station metadata.
2026-05-05 18:46:39,371 [WARNING:utdquake.bank.utils] Station GCI.KKFLS.122 not found in station metadata.
2026-05-05 18:46:39,416 [WARNING:utdquake.bank.utils] Station GCI.KKFLS.123 not found in station metadata.
2026-05-05 18:46:39,455 [WARNING:utdquake.bank.utils] Station GCI.KKFLS.123 not found in station metadata.
2026-05-05 18:46:39,493 [WARNING:utdquake.bank.utils] Station GCI.KKFLS.124 not found in station metadata.
2026-05-05 18:46:39,536 [WARNING:utdquake.bank.utils] Station GCI.KKFLS.124 not found in station metadata.
2026-05-05 18:46:39,576 [WARNING:utdquake.bank.utils] Station GCI.KKFLS.125 not found in station metadata.
2026-05-05 18:46:39,621 [WARNING:utdquake.bank.utils] Station GCI.KKFLS.125 not found in station metadata.
2026-05-05 18:46:39,677 [WARNING:utdquake.bank.utils] Station GCI.KKFLS.126 not found in station metadata.
2026-05-05 18:46:39,722 [WARNING:utdquake.bank.utils] Station GCI.KKFLS.126 not found in station metadata.
2026-05-05 18:46:39,762 [WARNING:utdquake.bank.utils] Station GCI.KKFLS.127 not found in station metadata.
2026-05-05 18:46:39,801 [WARNING:utdquake.bank.utils] Station GCI.KKFLS.127 not found in station metadata.
2026-05-05 18:46:39,846 [WARNING:utdquake.bank.utils] Station GCI.KKFLS.128 not found in station metadata.
2026-05-05 18:46:39,885 [WARNING:utdquake.bank.utils] Station GCI.KKFLS.128 not found in station metadata.
2026-05-05 18:46:39,927 [WARNING:utdquake.bank.utils] Station GCI.KKFLS.129 not found in station metadata.
2026-05-05 18:46:39,964 [WARNING:utdquake.bank.utils] Station GCI.KKFLS.129 not found in station metadata.
2026-05-05 18:46:40,000 [WARNING:utdquake.bank.utils] Station GCI.KKFLS.130 not found in station metadata.
2026-05-05 18:46:40,060 [WARNING:utdquake.bank.utils] Station GCI.KKFLS.130 not found in station metadata.
2026-05-05 18:46:40,116 [WARNING:utdquake.bank.utils] Station GCI.KKFLS.131 not found in station metadata.
2026-05-05 18:46:40,155 [WARNING:utdquake.bank.utils] Station GCI.KKFLS.131 not found in station metadata.
2026-05-05 18:46:40,194 [WARNING:utdquake.bank.utils] Station GCI.KKFLS.132 not found in station metadata.
2026-05-05 18:46:40,237 [WARNING:utdquake.bank.utils] Station GCI.KKFLS.132 not found in station metadata.
2026-05-05 18:46:40,275 [WARNING:utdquake.bank.utils] Station GCI.KKFLS.133 not found in station metadata.
2026-05-05 18:46:40,316 [WARNING:utdquake.bank.utils] Station GCI.KKFLS.133 not found in station metadata.
2026-05-05 18:46:40,357 [WARNING:utdquake.bank.utils] Station GCI.KKFLS.134 not found in station metadata.
2026-05-05 18:46:40,394 [WARNING:utdquake.bank.utils] Station GCI.KKFLS.134 not found in station metadata.
2026-05-05 18:46:40,436 [WARNING:utdquake.bank.utils] Station GCI.KKFLS.135 not found in station metadata.
2026-05-05 18:46:40,470 [WARNING:utdquake.bank.utils] Station GCI.KKFLS.136 not found in station metadata.
2026-05-05 18:46:40,514 [WARNING:utdquake.bank.utils] Station GCI.KKFLS.137 not found in station metadata.
2026-05-05 18:46:40,566 [WARNING:utdquake.bank.utils] Station GCI.KKFLS.137 not found in station metadata.
2026-05-05 18:46:40,603 [WARNING:utdquake.bank.utils] Station GCI.KKFLS.138 not found in station metadata.
2026-05-05 18:46:40,642 [WARNING:utdquake.bank.utils] Station GCI.KKFLS.138 not found in station metadata.
2026-05-05 19:02:11,197 [INFO:utdquake.bank.utils] Processed origin smi:service.iris.edu/fdsnws/event/1/query?originid=49329068. Ready to update quality metrics.
2026-05-05 19:02:11,198 [INFO:utdquake.bank.utils] Updating quality metrics for origin smi:service.iris.edu/fdsnws/event/1/query?originid=49329068.
2026-05-05 19:02:11,207 [INFO:utdquake.bank.utils] Quality metrics updated for origin smi:service.iris.edu/fdsnws/event/1/query?originid=49329068.
2026-05-05 19:02:11,209 [INFO:utdquake.bank.utils] Updated quality metrics for origin smi:service.iris.edu/fdsnws/event/1/query?originid=49329068.
2026-05-05 19:02:11,210 [INFO:utdquake.bank.utils] Finishing to process 1 events in catalog 4LIQjuN1.
2026-05-05 19:02:23,342 [INFO:utdquake.bank] Saved 1 events of 1 possible in chunk id 0   from 2023-12-09 04:43:30.917000 to 2023-12-10 04:43:30.917000 in /groups/igonin/ecastillo/UTDQuake_test/bank/GCI
2026-05-05 19:02:23,343 [INFO:utdquake.bank] Creating stations summary based on the events in the event bank at /groups/igonin/ecastillo/UTDQuake_test/bank/GCI/.stations
2026-05-05 19:02:23,362 [INFO:utdquake.bank.utils] Found 15000 station databases in /groups/igonin/ecastillo/UTDQuake_test/.utdquake/db/stations/.stations.
2026-05-05 19:10:18,634 [INFO:utdquake.bank] Updating stations summary in the event bank at /groups/igonin/ecastillo/UTDQuake_test/bank/GCI
2026-05-05 19:10:18,963 [INFO:utdquake.bank] Stations summary updated successfully.
2026-05-05 19:10:18,964 [INFO:utdquake.bank.utils] [1/10] Fetching events forward 2023-12-10T04:43:30.917000Z to 2023-12-11T04:43:30.917000Z...
2026-05-05 19:10:24,337 [INFO:utdquake.bank.utils] Restarting patience counter after successful fetch.
2026-05-05 19:10:24,497 [INFO:utdquake.bank] Chunk id: 0   initiated | Time range: 2023-12-10 04:43:30.917000 - 2023-12-11 04:43:30.917000 | Chunk creation time: 2026-05-05 19:10:24.497060
2026-05-05 19:10:24,498 [INFO:utdquake.bank.utils] Starting to process 1 events in catalog i7T18ae3. (This id is created just for logging purposes)
2026-05-05 19:10:24,498 [INFO:utdquake.bank.utils] Processing event smi:service.iris.edu/fdsnws/event/1/query?eventid=11777795 with origin smi:service.iris.edu/fdsnws/event/1/query?originid=49334568
2026-05-05 19:10:24,502 [WARNING:utdquake.bank.utils] Station GCI.KKFLS.100 not found in station metadata.
2026-05-05 19:10:24,558 [WARNING:utdquake.bank.utils] Station GCI.KKFLS.101 not found in station metadata.
2026-05-05 19:10:24,603 [WARNING:utdquake.bank.utils] Station GCI.KKFLS.103 not found in station metadata.
2026-05-05 19:10:24,653 [WARNING:utdquake.bank.utils] Station GCI.KKFLS.104 not found in station metadata.
2026-05-05 19:10:24,701 [WARNING:utdquake.bank.utils] Station GCI.KKFLS.105 not found in station metadata.
2026-05-05 19:10:24,752 [WARNING:utdquake.bank.utils] Station GCI.KKFLS.106 not found in station metadata.
2026-05-05 19:10:24,793 [WARNING:utdquake.bank.utils] Station GCI.KKFLS.108 not found in station metadata.
2026-05-05 19:10:24,845 [WARNING:utdquake.bank.utils] Station GCI.KKFLS.109 not found in station metadata.
2026-05-05 19:10:24,892 [WARNING:utdquake.bank.utils] Station GCI.KKFLS.109 not found in station metadata.
2026-05-05 19:10:24,952 [WARNING:utdquake.bank.utils] Station GCI.KKFLS.110 not found in station metadata.
2026-05-05 19:10:25,001 [WARNING:utdquake.bank.utils] Station GCI.KKFLS.110 not found in station metadata.
2026-05-05 19:10:25,055 [WARNING:utdquake.bank.utils] Station GCI.KKFLS.111 not found in station metadata.
2026-05-05 19:10:25,101 [WARNING:utdquake.bank.utils] Station GCI.KKFLS.111 not found in station metadata.
2026-05-05 19:10:25,156 [WARNING:utdquake.bank.utils] Station GCI.KKFLS.112 not found in station metadata.
2026-05-05 19:10:25,213 [WARNING:utdquake.bank.utils] Station GCI.KKFLS.112 not found in station metadata.
2026-05-05 19:10:25,289 [WARNING:utdquake.bank.utils] Station GCI.KKFLS.113 not found in station metadata.
2026-05-05 19:10:25,348 [WARNING:utdquake.bank.utils] Station GCI.KKFLS.113 not found in station metadata.
2026-05-05 19:10:25,388 [WARNING:utdquake.bank.utils] Station GCI.KKFLS.114 not found in station metadata.
2026-05-05 19:10:25,440 [WARNING:utdquake.bank.utils] Station GCI.KKFLS.114 not found in station metadata.
2026-05-05 19:10:25,482 [WARNING:utdquake.bank.utils] Station GCI.KKFLS.115 not found in station metadata.
2026-05-05 19:10:25,538 [WARNING:utdquake.bank.utils] Station GCI.KKFLS.115 not found in station metadata.
2026-05-05 19:10:25,586 [WARNING:utdquake.bank.utils] Station GCI.KKFLS.116 not found in station metadata.
2026-05-05 19:10:25,648 [WARNING:utdquake.bank.utils] Station GCI.KKFLS.116 not found in station metadata.
2026-05-05 19:10:25,691 [WARNING:utdquake.bank.utils] Station GCI.KKFLS.117 not found in station metadata.
2026-05-05 19:10:25,747 [WARNING:utdquake.bank.utils] Station GCI.KKFLS.117 not found in station metadata.
2026-05-05 19:10:25,793 [WARNING:utdquake.bank.utils] Station GCI.KKFLS.118 not found in station metadata.
2026-05-05 19:10:25,851 [WARNING:utdquake.bank.utils] Station GCI.KKFLS.118 not found in station metadata.
2026-05-05 19:10:25,898 [WARNING:utdquake.bank.utils] Station GCI.KKFLS.119 not found in station metadata.
2026-05-05 19:10:25,957 [WARNING:utdquake.bank.utils] Station GCI.KKFLS.119 not found in station metadata.
2026-05-05 19:10:26,015 [WARNING:utdquake.bank.utils] Station GCI.KKFLS.120 not found in station metadata.
2026-05-05 19:10:26,063 [WARNING:utdquake.bank.utils] Station GCI.KKFLS.120 not found in station metadata.
2026-05-05 19:10:26,118 [WARNING:utdquake.bank.utils] Station GCI.KKFLS.121 not found in station metadata.
2026-05-05 19:10:26,165 [WARNING:utdquake.bank.utils] Station GCI.KKFLS.121 not found in station metadata.
2026-05-05 19:10:26,221 [WARNING:utdquake.bank.utils] Station GCI.KKFLS.122 not found in station metadata.
2026-05-05 19:10:26,267 [WARNING:utdquake.bank.utils] Station GCI.KKFLS.122 not found in station metadata.
2026-05-05 19:10:26,318 [WARNING:utdquake.bank.utils] Station GCI.KKFLS.123 not found in station metadata.
2026-05-05 19:10:26,360 [WARNING:utdquake.bank.utils] Station GCI.KKFLS.123 not found in station metadata.
2026-05-05 19:10:26,423 [WARNING:utdquake.bank.utils] Station GCI.KKFLS.124 not found in station metadata.
2026-05-05 19:10:26,466 [WARNING:utdquake.bank.utils] Station GCI.KKFLS.124 not found in station metadata.
2026-05-05 19:10:26,536 [WARNING:utdquake.bank.utils] Station GCI.KKFLS.125 not found in station metadata.
2026-05-05 19:10:26,595 [WARNING:utdquake.bank.utils] Station GCI.KKFLS.125 not found in station metadata.
2026-05-05 19:10:26,648 [WARNING:utdquake.bank.utils] Station GCI.KKFLS.126 not found in station metadata.
2026-05-05 19:10:26,754 [WARNING:utdquake.bank.utils] Station GCI.KKFLS.127 not found in station metadata.
2026-05-05 19:10:26,800 [WARNING:utdquake.bank.utils] Station GCI.KKFLS.127 not found in station metadata.
2026-05-05 19:10:26,854 [WARNING:utdquake.bank.utils] Station GCI.KKFLS.128 not found in station metadata.
2026-05-05 19:10:26,901 [WARNING:utdquake.bank.utils] Station GCI.KKFLS.128 not found in station metadata.
2026-05-05 19:10:26,953 [WARNING:utdquake.bank.utils] Station GCI.KKFLS.129 not found in station metadata.
2026-05-05 19:10:27,000 [WARNING:utdquake.bank.utils] Station GCI.KKFLS.129 not found in station metadata.
2026-05-05 19:10:27,051 [WARNING:utdquake.bank.utils] Station GCI.KKFLS.130 not found in station metadata.
2026-05-05 19:10:27,092 [WARNING:utdquake.bank.utils] Station GCI.KKFLS.130 not found in station metadata.
2026-05-05 19:10:27,141 [WARNING:utdquake.bank.utils] Station GCI.KKFLS.131 not found in station metadata.
2026-05-05 19:10:27,187 [WARNING:utdquake.bank.utils] Station GCI.KKFLS.131 not found in station metadata.
2026-05-05 19:10:27,240 [WARNING:utdquake.bank.utils] Station GCI.KKFLS.132 not found in station metadata.
2026-05-05 19:10:27,286 [WARNING:utdquake.bank.utils] Station GCI.KKFLS.134 not found in station metadata.
2026-05-05 19:10:27,340 [WARNING:utdquake.bank.utils] Station GCI.KKFLS.134 not found in station metadata.
2026-05-05 19:10:27,387 [WARNING:utdquake.bank.utils] Station GCI.KKFLS.135 not found in station metadata.
2026-05-05 19:10:27,441 [WARNING:utdquake.bank.utils] Station GCI.KKFLS.136 not found in station metadata.
2026-05-05 19:10:27,486 [WARNING:utdquake.bank.utils] Station GCI.KKFLS.137 not found in station metadata.
2026-05-05 19:10:27,570 [WARNING:utdquake.bank.utils] Station GCI.KKFLS.138 not found in station metadata.
2026-05-05 19:10:27,672 [WARNING:utdquake.bank.utils] Station GCI.KKFLS.138 not found in station metadata.
2026-05-05 19:21:44,622 [INFO:utdquake.bank.utils] Processed origin smi:service.iris.edu/fdsnws/event/1/query?originid=49334568. Ready to update quality metrics.
2026-05-05 19:21:44,623 [INFO:utdquake.bank.utils] Updating quality metrics for origin smi:service.iris.edu/fdsnws/event/1/query?originid=49334568.
2026-05-05 19:21:44,630 [INFO:utdquake.bank.utils] Quality metrics updated for origin smi:service.iris.edu/fdsnws/event/1/query?originid=49334568.
2026-05-05 19:21:44,630 [INFO:utdquake.bank.utils] Updated quality metrics for origin smi:service.iris.edu/fdsnws/event/1/query?originid=49334568.
2026-05-05 19:21:44,631 [INFO:utdquake.bank.utils] Finishing to process 1 events in catalog i7T18ae3.
2026-05-05 19:21:52,540 [INFO:utdquake.bank] Saved 1 events of 1 possible in chunk id 0   from 2023-12-10 04:43:30.917000 to 2023-12-11 04:43:30.917000 in /groups/igonin/ecastillo/UTDQuake_test/bank/GCI
2026-05-05 19:21:52,542 [INFO:utdquake.bank] Creating stations summary based on the events in the event bank at /groups/igonin/ecastillo/UTDQuake_test/bank/GCI/.stations
2026-05-05 19:21:52,561 [INFO:utdquake.bank.utils] Found 15000 station databases in /groups/igonin/ecastillo/UTDQuake_test/.utdquake/db/stations/.stations.
2026-05-05 19:29:43,727 [INFO:utdquake.bank] Updating stations summary in the event bank at /groups/igonin/ecastillo/UTDQuake_test/bank/GCI
2026-05-05 19:29:44,049 [INFO:utdquake.bank] Stations summary updated successfully.
2026-05-05 19:29:44,050 [INFO:utdquake.bank.utils] [1/10] Fetching events forward 2023-12-11T04:43:30.917000Z to 2023-12-12T04:43:30.917000Z...
2026-05-05 19:29:49,079 [INFO:utdquake.bank.utils] Restarting patience counter after successful fetch.
2026-05-05 19:29:49,204 [INFO:utdquake.bank] Chunk id: 0   initiated | Time range: 2023-12-11 04:43:30.917000 - 2023-12-12 04:43:30.917000 | Chunk creation time: 2026-05-05 19:29:49.204283
2026-05-05 19:29:49,208 [INFO:utdquake.bank.utils] Starting to process 1 events in catalog 8cWz28Vw. (This id is created just for logging purposes)
2026-05-05 19:29:49,209 [INFO:utdquake.bank.utils] Processing event smi:service.iris.edu/fdsnws/event/1/query?eventid=11778145 with origin smi:service.iris.edu/fdsnws/event/1/query?originid=49339668
2026-05-05 19:29:49,214 [WARNING:utdquake.bank.utils] Station GCI.KKFLS.101 not found in station metadata.
2026-05-05 19:29:49,263 [WARNING:utdquake.bank.utils] Station GCI.KKFLS.103 not found in station metadata.
2026-05-05 19:29:49,316 [WARNING:utdquake.bank.utils] Station GCI.KKFLS.104 not found in station metadata.
2026-05-05 19:29:49,361 [WARNING:utdquake.bank.utils] Station GCI.KKFLS.105 not found in station metadata.
2026-05-05 19:29:49,414 [WARNING:utdquake.bank.utils] Station GCI.KKFLS.106 not found in station metadata.
2026-05-05 19:29:49,458 [WARNING:utdquake.bank.utils] Station GCI.KKFLS.107 not found in station metadata.
2026-05-05 19:29:49,522 [WARNING:utdquake.bank.utils] Station GCI.KKFLS.108 not found in station metadata.
2026-05-05 19:29:49,565 [WARNING:utdquake.bank.utils] Station GCI.KKFLS.109 not found in station metadata.
2026-05-05 19:29:49,618 [WARNING:utdquake.bank.utils] Station GCI.KKFLS.110 not found in station metadata.
2026-05-05 19:29:49,662 [WARNING:utdquake.bank.utils] Station GCI.KKFLS.111 not found in station metadata.
2026-05-05 19:29:49,724 [WARNING:utdquake.bank.utils] Station GCI.KKFLS.112 not found in station metadata.
2026-05-05 19:29:49,768 [WARNING:utdquake.bank.utils] Station GCI.KKFLS.113 not found in station metadata.
2026-05-05 19:29:49,818 [WARNING:utdquake.bank.utils] Station GCI.KKFLS.114 not found in station metadata.
2026-05-05 19:29:49,863 [WARNING:utdquake.bank.utils] Station GCI.KKFLS.115 not found in station metadata.
2026-05-05 19:29:49,915 [WARNING:utdquake.bank.utils] Station GCI.KKFLS.116 not found in station metadata.
2026-05-05 19:29:49,983 [WARNING:utdquake.bank.utils] Station GCI.KKFLS.117 not found in station metadata.
2026-05-05 19:29:50,038 [WARNING:utdquake.bank.utils] Station GCI.KKFLS.118 not found in station metadata.
2026-05-05 19:29:50,083 [WARNING:utdquake.bank.utils] Station GCI.KKFLS.119 not found in station metadata.
2026-05-05 19:29:50,137 [WARNING:utdquake.bank.utils] Station GCI.KKFLS.121 not found in station metadata.
2026-05-05 19:29:50,178 [WARNING:utdquake.bank.utils] Station GCI.KKFLS.122 not found in station metadata.
2026-05-05 19:29:50,234 [WARNING:utdquake.bank.utils] Station GCI.KKFLS.123 not found in station metadata.
2026-05-05 19:29:50,281 [WARNING:utdquake.bank.utils] Station GCI.KKFLS.128 not found in station metadata.
2026-05-05 19:29:50,333 [WARNING:utdquake.bank.utils] Station GCI.KKFLS.131 not found in station metadata.
2026-05-05 19:29:50,376 [WARNING:utdquake.bank.utils] Station GCI.KKFLS.132 not found in station metadata.
2026-05-05 19:29:50,428 [WARNING:utdquake.bank.utils] Station GCI.KKFLS.133 not found in station metadata.
2026-05-05 19:29:50,474 [WARNING:utdquake.bank.utils] Station GCI.KKFLS.134 not found in station metadata.
2026-05-05 19:29:50,529 [WARNING:utdquake.bank.utils] Station GCI.KKFLS.135 not found in station metadata.
2026-05-05 19:29:50,576 [WARNING:utdquake.bank.utils] Station GCI.KKFLS.136 not found in station metadata.
2026-05-05 19:29:50,631 [WARNING:utdquake.bank.utils] Station GCI.KKFLS.137 not found in station metadata.
2026-05-05 19:29:50,679 [WARNING:utdquake.bank.utils] Station GCI.KKFLS.138 not found in station metadata.
2026-05-05 19:39:48,245 [INFO:utdquake.bank.utils] Processed origin smi:service.iris.edu/fdsnws/event/1/query?originid=49339668. Ready to update quality metrics.
2026-05-05 19:39:48,247 [INFO:utdquake.bank.utils] Updating quality metrics for origin smi:service.iris.edu/fdsnws/event/1/query?originid=49339668.
2026-05-05 19:39:48,254 [INFO:utdquake.bank.utils] Quality metrics updated for origin smi:service.iris.edu/fdsnws/event/1/query?originid=49339668.
2026-05-05 19:39:48,255 [INFO:utdquake.bank.utils] Updated quality metrics for origin smi:service.iris.edu/fdsnws/event/1/query?originid=49339668.
2026-05-05 19:39:48,256 [INFO:utdquake.bank.utils] Finishing to process 1 events in catalog 8cWz28Vw.
2026-05-05 19:39:55,469 [INFO:utdquake.bank] Saved 1 events of 1 possible in chunk id 0   from 2023-12-11 04:43:30.917000 to 2023-12-12 04:43:30.917000 in /groups/igonin/ecastillo/UTDQuake_test/bank/GCI
2026-05-05 19:39:55,470 [INFO:utdquake.bank] Creating stations summary based on the events in the event bank at /groups/igonin/ecastillo/UTDQuake_test/bank/GCI/.stations
2026-05-05 19:39:55,488 [INFO:utdquake.bank.utils] Found 15000 station databases in /groups/igonin/ecastillo/UTDQuake_test/.utdquake/db/stations/.stations.
2026-05-05 19:47:35,816 [INFO:utdquake.bank] Updating stations summary in the event bank at /groups/igonin/ecastillo/UTDQuake_test/bank/GCI
2026-05-05 19:47:36,077 [INFO:utdquake.bank] Stations summary updated successfully.
2026-05-05 19:47:36,077 [INFO:utdquake.bank.utils] [1/10] Fetching events forward 2023-12-12T04:43:30.917000Z to 2023-12-13T04:43:30.917000Z...
2026-05-05 19:47:36,125 [INFO:utdquake.bank.utils] Restarting patience counter after successful fetch.
2026-05-05 19:47:36,250 [INFO:utdquake.bank] Chunk id: 0   initiated | Time range: 2023-12-12 04:43:30.917000 - 2023-12-13 04:43:30.917000 | Chunk creation time: 2026-05-05 19:47:36.250798
2026-05-05 19:47:36,252 [INFO:utdquake.bank.utils] Starting to process 0 events in catalog SklwjWX4. (This id is created just for logging purposes)
2026-05-05 19:47:36,252 [INFO:utdquake.bank.utils] Finishing to process 0 events in catalog SklwjWX4.
2026-05-05 19:47:37,068 [INFO:utdquake.bank] Saved 0 events of 0 possible in chunk id 0   from 2023-12-12 04:43:30.917000 to 2023-12-13 04:43:30.917000 in /groups/igonin/ecastillo/UTDQuake_test/bank/GCI
2026-05-05 19:47:37,069 [INFO:utdquake.bank] Creating stations summary based on the events in the event bank at /groups/igonin/ecastillo/UTDQuake_test/bank/GCI/.stations
2026-05-05 19:47:37,088 [INFO:utdquake.bank.utils] Found 15000 station databases in /groups/igonin/ecastillo/UTDQuake_test/.utdquake/db/stations/.stations.
2026-05-05 19:55:19,045 [INFO:utdquake.bank] Updating stations summary in the event bank at /groups/igonin/ecastillo/UTDQuake_test/bank/GCI
2026-05-05 19:55:19,247 [INFO:utdquake.bank] Stations summary updated successfully.
2026-05-05 19:55:19,248 [INFO:utdquake.bank.utils] [1/10] Fetching events forward 2023-12-13T04:43:30.917000Z to 2023-12-14T04:43:30.917000Z...
2026-05-05 19:55:25,224 [INFO:utdquake.bank.utils] Restarting patience counter after successful fetch.
2026-05-05 19:55:25,252 [INFO:utdquake.bank] Chunk id: 0   initiated | Time range: 2023-12-13 04:43:30.917000 - 2023-12-14 04:43:30.917000 | Chunk creation time: 2026-05-05 19:55:25.252567
2026-05-05 19:55:25,253 [INFO:utdquake.bank.utils] Starting to process 1 events in catalog QIjBpoar. (This id is created just for logging purposes)
2026-05-05 19:55:25,253 [INFO:utdquake.bank.utils] Processing event smi:service.iris.edu/fdsnws/event/1/query?eventid=11779039 with origin smi:service.iris.edu/fdsnws/event/1/query?originid=49352318
2026-05-05 19:55:25,258 [WARNING:utdquake.bank.utils] Station GCI.KKFLS.102 not found in station metadata.
2026-05-05 19:55:25,346 [WARNING:utdquake.bank.utils] Station GCI.KKFLS.103 not found in station metadata.
2026-05-05 19:55:25,392 [WARNING:utdquake.bank.utils] Station GCI.KKFLS.104 not found in station metadata.
2026-05-05 19:55:25,445 [WARNING:utdquake.bank.utils] Station GCI.KKFLS.107 not found in station metadata.
2026-05-05 19:55:25,493 [WARNING:utdquake.bank.utils] Station GCI.KKFLS.108 not found in station metadata.
2026-05-05 19:55:25,550 [WARNING:utdquake.bank.utils] Station GCI.KKFLS.109 not found in station metadata.
2026-05-05 19:55:25,597 [WARNING:utdquake.bank.utils] Station GCI.KKFLS.109 not found in station metadata.
2026-05-05 19:55:25,651 [WARNING:utdquake.bank.utils] Station GCI.KKFLS.110 not found in station metadata.
2026-05-05 19:55:25,720 [WARNING:utdquake.bank.utils] Station GCI.KKFLS.110 not found in station metadata.
2026-05-05 19:55:25,762 [WARNING:utdquake.bank.utils] Station GCI.KKFLS.111 not found in station metadata.
2026-05-05 19:55:25,825 [WARNING:utdquake.bank.utils] Station GCI.KKFLS.111 not found in station metadata.
2026-05-05 19:55:25,868 [WARNING:utdquake.bank.utils] Station GCI.KKFLS.112 not found in station metadata.
2026-05-05 19:55:25,917 [WARNING:utdquake.bank.utils] Station GCI.KKFLS.112 not found in station metadata.
2026-05-05 19:55:25,961 [WARNING:utdquake.bank.utils] Station GCI.KKFLS.113 not found in station metadata.
2026-05-05 19:55:26,002 [WARNING:utdquake.bank.utils] Station GCI.KKFLS.113 not found in station metadata.
2026-05-05 19:55:26,051 [WARNING:utdquake.bank.utils] Station GCI.KKFLS.114 not found in station metadata.
2026-05-05 19:55:26,090 [WARNING:utdquake.bank.utils] Station GCI.KKFLS.114 not found in station metadata.
2026-05-05 19:55:26,137 [WARNING:utdquake.bank.utils] Station GCI.KKFLS.115 not found in station metadata.
2026-05-05 19:55:26,196 [WARNING:utdquake.bank.utils] Station GCI.KKFLS.115 not found in station metadata.
2026-05-05 19:55:26,246 [WARNING:utdquake.bank.utils] Station GCI.KKFLS.116 not found in station metadata.
2026-05-05 19:55:26,290 [WARNING:utdquake.bank.utils] Station GCI.KKFLS.116 not found in station metadata.
2026-05-05 19:55:26,342 [WARNING:utdquake.bank.utils] Station GCI.KKFLS.117 not found in station metadata.
2026-05-05 19:55:26,386 [WARNING:utdquake.bank.utils] Station GCI.KKFLS.117 not found in station metadata.
2026-05-05 19:55:26,436 [WARNING:utdquake.bank.utils] Station GCI.KKFLS.118 not found in station metadata.
2026-05-05 19:55:26,482 [WARNING:utdquake.bank.utils] Station GCI.KKFLS.119 not found in station metadata.
2026-05-05 19:55:26,537 [WARNING:utdquake.bank.utils] Station GCI.KKFLS.119 not found in station metadata.
2026-05-05 19:55:26,577 [WARNING:utdquake.bank.utils] Station GCI.KKFLS.120 not found in station metadata.
2026-05-05 19:55:26,627 [WARNING:utdquake.bank.utils] Station GCI.KKFLS.120 not found in station metadata.
2026-05-05 19:55:26,691 [WARNING:utdquake.bank.utils] Station GCI.KKFLS.121 not found in station metadata.
2026-05-05 19:55:26,741 [WARNING:utdquake.bank.utils] Station GCI.KKFLS.122 not found in station metadata.
2026-05-05 19:55:26,795 [WARNING:utdquake.bank.utils] Station GCI.KKFLS.123 not found in station metadata.
2026-05-05 19:55:26,847 [WARNING:utdquake.bank.utils] Station GCI.KKFLS.124 not found in station metadata.
2026-05-05 19:55:26,890 [WARNING:utdquake.bank.utils] Station GCI.KKFLS.125 not found in station metadata.
2026-05-05 19:55:26,941 [WARNING:utdquake.bank.utils] Station GCI.KKFLS.126 not found in station metadata.
2026-05-05 19:55:26,982 [WARNING:utdquake.bank.utils] Station GCI.KKFLS.127 not found in station metadata.
2026-05-05 19:55:27,032 [WARNING:utdquake.bank.utils] Station GCI.KKFLS.128 not found in station metadata.
2026-05-05 19:55:27,074 [WARNING:utdquake.bank.utils] Station GCI.KKFLS.129 not found in station metadata.
2026-05-05 19:55:27,123 [WARNING:utdquake.bank.utils] Station GCI.KKFLS.132 not found in station metadata.
2026-05-05 19:55:27,185 [WARNING:utdquake.bank.utils] Station GCI.KKFLS.134 not found in station metadata.
2026-05-05 19:55:27,235 [WARNING:utdquake.bank.utils] Station GCI.KKFLS.135 not found in station metadata.
2026-05-05 19:55:27,282 [WARNING:utdquake.bank.utils] Station GCI.KKFLS.137 not found in station metadata.
2026-05-05 19:55:27,335 [WARNING:utdquake.bank.utils] Station GCI.KKFLS.138 not found in station metadata.
2026-05-05 20:07:56,952 [INFO:utdquake.bank.utils] Processed origin smi:service.iris.edu/fdsnws/event/1/query?originid=49352318. Ready to update quality metrics.
2026-05-05 20:07:56,954 [INFO:utdquake.bank.utils] Updating quality metrics for origin smi:service.iris.edu/fdsnws/event/1/query?originid=49352318.
2026-05-05 20:07:56,959 [INFO:utdquake.bank.utils] Quality metrics updated for origin smi:service.iris.edu/fdsnws/event/1/query?originid=49352318.
2026-05-05 20:07:56,960 [INFO:utdquake.bank.utils] Updated quality metrics for origin smi:service.iris.edu/fdsnws/event/1/query?originid=49352318.
2026-05-05 20:07:56,960 [INFO:utdquake.bank.utils] Finishing to process 1 events in catalog QIjBpoar.
2026-05-05 20:08:05,668 [INFO:utdquake.bank] Saved 1 events of 1 possible in chunk id 0   from 2023-12-13 04:43:30.917000 to 2023-12-14 04:43:30.917000 in /groups/igonin/ecastillo/UTDQuake_test/bank/GCI
2026-05-05 20:08:05,668 [INFO:utdquake.bank] Creating stations summary based on the events in the event bank at /groups/igonin/ecastillo/UTDQuake_test/bank/GCI/.stations
2026-05-05 20:08:05,689 [INFO:utdquake.bank.utils] Found 15000 station databases in /groups/igonin/ecastillo/UTDQuake_test/.utdquake/db/stations/.stations.
2026-05-05 20:15:47,626 [INFO:utdquake.bank] Updating stations summary in the event bank at /groups/igonin/ecastillo/UTDQuake_test/bank/GCI
2026-05-05 20:15:47,852 [INFO:utdquake.bank] Stations summary updated successfully.
2026-05-05 20:15:47,853 [INFO:utdquake.bank.utils] [1/10] Fetching events forward 2023-12-14T04:43:30.917000Z to 2023-12-15T04:43:30.917000Z...
2026-05-05 20:15:56,701 [INFO:utdquake.bank.utils] Restarting patience counter after successful fetch.
2026-05-05 20:15:56,839 [INFO:utdquake.bank] Chunk id: 0   initiated | Time range: 2023-12-14 04:43:30.917000 - 2023-12-15 04:43:30.917000 | Chunk creation time: 2026-05-05 20:15:56.839193
2026-05-05 20:15:56,839 [INFO:utdquake.bank.utils] Starting to process 1 events in catalog mWZYF7De. (This id is created just for logging purposes)
2026-05-05 20:15:56,840 [INFO:utdquake.bank.utils] Processing event smi:service.iris.edu/fdsnws/event/1/query?eventid=11779451 with origin smi:service.iris.edu/fdsnws/event/1/query?originid=49357720
2026-05-05 20:15:56,845 [WARNING:utdquake.bank.utils] Station GCI.KKFLS.100 not found in station metadata.
2026-05-05 20:15:56,893 [WARNING:utdquake.bank.utils] Station GCI.KKFLS.101 not found in station metadata.
2026-05-05 20:15:56,946 [WARNING:utdquake.bank.utils] Station GCI.KKFLS.101 not found in station metadata.
2026-05-05 20:15:56,991 [WARNING:utdquake.bank.utils] Station GCI.KKFLS.102 not found in station metadata.
2026-05-05 20:15:57,043 [WARNING:utdquake.bank.utils] Station GCI.KKFLS.102 not found in station metadata.
2026-05-05 20:15:57,087 [WARNING:utdquake.bank.utils] Station GCI.KKFLS.103 not found in station metadata.
2026-05-05 20:15:57,141 [WARNING:utdquake.bank.utils] Station GCI.KKFLS.104 not found in station metadata.
2026-05-05 20:15:57,185 [WARNING:utdquake.bank.utils] Station GCI.KKFLS.105 not found in station metadata.
2026-05-05 20:15:57,235 [WARNING:utdquake.bank.utils] Station GCI.KKFLS.106 not found in station metadata.
2026-05-05 20:15:57,276 [WARNING:utdquake.bank.utils] Station GCI.KKFLS.107 not found in station metadata.
2026-05-05 20:15:57,327 [WARNING:utdquake.bank.utils] Station GCI.KKFLS.108 not found in station metadata.
2026-05-05 20:15:57,370 [WARNING:utdquake.bank.utils] Station GCI.KKFLS.108 not found in station metadata.
2026-05-05 20:15:57,423 [WARNING:utdquake.bank.utils] Station GCI.KKFLS.109 not found in station metadata.
2026-05-05 20:15:57,466 [WARNING:utdquake.bank.utils] Station GCI.KKFLS.109 not found in station metadata.
2026-05-05 20:15:57,516 [WARNING:utdquake.bank.utils] Station GCI.KKFLS.110 not found in station metadata.
2026-05-05 20:15:57,588 [WARNING:utdquake.bank.utils] Station GCI.KKFLS.110 not found in station metadata.
2026-05-05 20:15:57,641 [WARNING:utdquake.bank.utils] Station GCI.KKFLS.111 not found in station metadata.
2026-05-05 20:15:57,689 [WARNING:utdquake.bank.utils] Station GCI.KKFLS.111 not found in station metadata.
2026-05-05 20:15:57,740 [WARNING:utdquake.bank.utils] Station GCI.KKFLS.112 not found in station metadata.
2026-05-05 20:15:57,785 [WARNING:utdquake.bank.utils] Station GCI.KKFLS.112 not found in station metadata.
2026-05-05 20:15:57,837 [WARNING:utdquake.bank.utils] Station GCI.KKFLS.113 not found in station metadata.
2026-05-05 20:15:57,888 [WARNING:utdquake.bank.utils] Station GCI.KKFLS.113 not found in station metadata.
2026-05-05 20:15:57,939 [WARNING:utdquake.bank.utils] Station GCI.KKFLS.114 not found in station metadata.
2026-05-05 20:15:57,982 [WARNING:utdquake.bank.utils] Station GCI.KKFLS.114 not found in station metadata.
2026-05-05 20:15:58,035 [WARNING:utdquake.bank.utils] Station GCI.KKFLS.115 not found in station metadata.
2026-05-05 20:15:58,080 [WARNING:utdquake.bank.utils] Station GCI.KKFLS.115 not found in station metadata.
2026-05-05 20:15:58,132 [WARNING:utdquake.bank.utils] Station GCI.KKFLS.116 not found in station metadata.
2026-05-05 20:15:58,176 [WARNING:utdquake.bank.utils] Station GCI.KKFLS.116 not found in station metadata.
2026-05-05 20:15:58,225 [WARNING:utdquake.bank.utils] Station GCI.KKFLS.117 not found in station metadata.
2026-05-05 20:15:58,268 [WARNING:utdquake.bank.utils] Station GCI.KKFLS.117 not found in station metadata.
2026-05-05 20:15:58,317 [WARNING:utdquake.bank.utils] Station GCI.KKFLS.118 not found in station metadata.
2026-05-05 20:15:58,361 [WARNING:utdquake.bank.utils] Station GCI.KKFLS.118 not found in station metadata.
2026-05-05 20:15:58,403 [WARNING:utdquake.bank.utils] Station GCI.KKFLS.119 not found in station metadata.
2026-05-05 20:15:58,451 [WARNING:utdquake.bank.utils] Station GCI.KKFLS.119 not found in station metadata.
2026-05-05 20:15:58,493 [WARNING:utdquake.bank.utils] Station GCI.KKFLS.120 not found in station metadata.
2026-05-05 20:15:58,544 [WARNING:utdquake.bank.utils] Station GCI.KKFLS.120 not found in station metadata.
2026-05-05 20:15:58,586 [WARNING:utdquake.bank.utils] Station GCI.KKFLS.121 not found in station metadata.
2026-05-05 20:15:58,638 [WARNING:utdquake.bank.utils] Station GCI.KKFLS.122 not found in station metadata.
2026-05-05 20:15:58,680 [WARNING:utdquake.bank.utils] Station GCI.KKFLS.123 not found in station metadata.
2026-05-05 20:15:58,732 [WARNING:utdquake.bank.utils] Station GCI.KKFLS.124 not found in station metadata.
2026-05-05 20:15:58,776 [WARNING:utdquake.bank.utils] Station GCI.KKFLS.125 not found in station metadata.
2026-05-05 20:15:58,828 [WARNING:utdquake.bank.utils] Station GCI.KKFLS.126 not found in station metadata.
2026-05-05 20:15:58,878 [WARNING:utdquake.bank.utils] Station GCI.KKFLS.127 not found in station metadata.
2026-05-05 20:15:58,934 [WARNING:utdquake.bank.utils] Station GCI.KKFLS.128 not found in station metadata.
2026-05-05 20:15:58,982 [WARNING:utdquake.bank.utils] Station GCI.KKFLS.129 not found in station metadata.
2026-05-05 20:15:59,092 [WARNING:utdquake.bank.utils] Station GCI.KKFLS.130 not found in station metadata.
2026-05-05 20:15:59,152 [WARNING:utdquake.bank.utils] Station GCI.KKFLS.131 not found in station metadata.
2026-05-05 20:15:59,212 [WARNING:utdquake.bank.utils] Station GCI.KKFLS.133 not found in station metadata.
2026-05-05 20:15:59,258 [WARNING:utdquake.bank.utils] Station GCI.KKFLS.133 not found in station metadata.
2026-05-05 20:15:59,302 [WARNING:utdquake.bank.utils] Station GCI.KKFLS.134 not found in station metadata.
2026-05-05 20:15:59,356 [WARNING:utdquake.bank.utils] Station GCI.KKFLS.135 not found in station metadata.
2026-05-05 20:15:59,413 [WARNING:utdquake.bank.utils] Station GCI.KKFLS.135 not found in station metadata.
2026-05-05 20:15:59,458 [WARNING:utdquake.bank.utils] Station GCI.KKFLS.136 not found in station metadata.
2026-05-05 20:15:59,513 [WARNING:utdquake.bank.utils] Station GCI.KKFLS.137 not found in station metadata.
2026-05-05 20:15:59,557 [WARNING:utdquake.bank.utils] Station GCI.KKFLS.138 not found in station metadata.
2026-05-05 20:33:42,085 [INFO:utdquake.bank.utils] Processed origin smi:service.iris.edu/fdsnws/event/1/query?originid=49357720. Ready to update quality metrics.
2026-05-05 20:33:42,088 [INFO:utdquake.bank.utils] Updating quality metrics for origin smi:service.iris.edu/fdsnws/event/1/query?originid=49357720.
2026-05-05 20:33:42,095 [INFO:utdquake.bank.utils] Quality metrics updated for origin smi:service.iris.edu/fdsnws/event/1/query?originid=49357720.
2026-05-05 20:33:42,096 [INFO:utdquake.bank.utils] Updated quality metrics for origin smi:service.iris.edu/fdsnws/event/1/query?originid=49357720.
2026-05-05 20:33:42,097 [INFO:utdquake.bank.utils] Finishing to process 1 events in catalog mWZYF7De.
2026-05-05 20:33:54,101 [INFO:utdquake.bank] Saved 1 events of 1 possible in chunk id 0   from 2023-12-14 04:43:30.917000 to 2023-12-15 04:43:30.917000 in /groups/igonin/ecastillo/UTDQuake_test/bank/GCI
2026-05-05 20:33:54,108 [INFO:utdquake.bank] Creating stations summary based on the events in the event bank at /groups/igonin/ecastillo/UTDQuake_test/bank/GCI/.stations
2026-05-05 20:33:54,127 [INFO:utdquake.bank.utils] Found 15000 station databases in /groups/igonin/ecastillo/UTDQuake_test/.utdquake/db/stations/.stations.
2026-05-05 20:41:34,322 [INFO:utdquake.bank] Updating stations summary in the event bank at /groups/igonin/ecastillo/UTDQuake_test/bank/GCI
2026-05-05 20:41:34,646 [INFO:utdquake.bank] Stations summary updated successfully.
2026-05-05 20:41:34,647 [INFO:utdquake.bank.utils] [1/10] Fetching events forward 2023-12-15T04:43:30.917000Z to 2023-12-16T04:43:30.917000Z...
2026-05-05 20:42:06,892 [INFO:utdquake.bank.utils] Restarting patience counter after successful fetch.
2026-05-05 20:42:07,097 [INFO:utdquake.bank] Chunk id: 0   initiated | Time range: 2023-12-15 04:43:30.917000 - 2023-12-16 04:43:30.917000 | Chunk creation time: 2026-05-05 20:42:07.097025
2026-05-05 20:42:07,097 [INFO:utdquake.bank.utils] Starting to process 3 events in catalog UlqVTQqR. (This id is created just for logging purposes)
2026-05-05 20:42:07,098 [INFO:utdquake.bank.utils] Processing event smi:service.iris.edu/fdsnws/event/1/query?eventid=11780158 with origin smi:service.iris.edu/fdsnws/event/1/query?originid=49367718
2026-05-05 20:42:07,104 [WARNING:utdquake.bank.utils] Station GCI.KKFLS.100 not found in station metadata.
2026-05-05 20:42:07,161 [WARNING:utdquake.bank.utils] Station GCI.KKFLS.101 not found in station metadata.
2026-05-05 20:42:07,214 [WARNING:utdquake.bank.utils] Station GCI.KKFLS.102 not found in station metadata.
2026-05-05 20:42:07,261 [WARNING:utdquake.bank.utils] Station GCI.KKFLS.103 not found in station metadata.
2026-05-05 20:42:07,315 [WARNING:utdquake.bank.utils] Station GCI.KKFLS.104 not found in station metadata.
2026-05-05 20:42:07,361 [WARNING:utdquake.bank.utils] Station GCI.KKFLS.104 not found in station metadata.
2026-05-05 20:42:07,415 [WARNING:utdquake.bank.utils] Station GCI.KKFLS.105 not found in station metadata.
2026-05-05 20:42:07,469 [WARNING:utdquake.bank.utils] Station GCI.KKFLS.106 not found in station metadata.
2026-05-05 20:42:07,523 [WARNING:utdquake.bank.utils] Station GCI.KKFLS.107 not found in station metadata.
2026-05-05 20:42:07,571 [WARNING:utdquake.bank.utils] Station GCI.KKFLS.108 not found in station metadata.
2026-05-05 20:42:07,627 [WARNING:utdquake.bank.utils] Station GCI.KKFLS.109 not found in station metadata.
2026-05-05 20:42:07,676 [WARNING:utdquake.bank.utils] Station GCI.KKFLS.109 not found in station metadata.
2026-05-05 20:42:07,730 [WARNING:utdquake.bank.utils] Station GCI.KKFLS.110 not found in station metadata.
2026-05-05 20:42:07,778 [WARNING:utdquake.bank.utils] Station GCI.KKFLS.110 not found in station metadata.
2026-05-05 20:42:07,834 [WARNING:utdquake.bank.utils] Station GCI.KKFLS.111 not found in station metadata.
2026-05-05 20:42:07,919 [WARNING:utdquake.bank.utils] Station GCI.KKFLS.111 not found in station metadata.
2026-05-05 20:42:07,971 [WARNING:utdquake.bank.utils] Station GCI.KKFLS.112 not found in station metadata.
2026-05-05 20:42:08,026 [WARNING:utdquake.bank.utils] Station GCI.KKFLS.112 not found in station metadata.
2026-05-05 20:42:08,075 [WARNING:utdquake.bank.utils] Station GCI.KKFLS.113 not found in station metadata.
2026-05-05 20:42:08,136 [WARNING:utdquake.bank.utils] Station GCI.KKFLS.113 not found in station metadata.
2026-05-05 20:42:08,186 [WARNING:utdquake.bank.utils] Station GCI.KKFLS.114 not found in station metadata.
2026-05-05 20:42:08,246 [WARNING:utdquake.bank.utils] Station GCI.KKFLS.114 not found in station metadata.
2026-05-05 20:42:08,295 [WARNING:utdquake.bank.utils] Station GCI.KKFLS.115 not found in station metadata.
2026-05-05 20:42:08,354 [WARNING:utdquake.bank.utils] Station GCI.KKFLS.115 not found in station metadata.
2026-05-05 20:42:08,400 [WARNING:utdquake.bank.utils] Station GCI.KKFLS.116 not found in station metadata.
2026-05-05 20:42:08,456 [WARNING:utdquake.bank.utils] Station GCI.KKFLS.116 not found in station metadata.
2026-05-05 20:42:08,514 [WARNING:utdquake.bank.utils] Station GCI.KKFLS.117 not found in station metadata.
2026-05-05 20:42:08,563 [WARNING:utdquake.bank.utils] Station GCI.KKFLS.117 not found in station metadata.
2026-05-05 20:42:08,617 [WARNING:utdquake.bank.utils] Station GCI.KKFLS.118 not found in station metadata.
2026-05-05 20:42:08,666 [WARNING:utdquake.bank.utils] Station GCI.KKFLS.118 not found in station metadata.
2026-05-05 20:42:08,717 [WARNING:utdquake.bank.utils] Station GCI.KKFLS.119 not found in station metadata.
2026-05-05 20:42:08,801 [WARNING:utdquake.bank.utils] Station GCI.KKFLS.119 not found in station metadata.
2026-05-05 20:42:08,853 [WARNING:utdquake.bank.utils] Station GCI.KKFLS.120 not found in station metadata.
2026-05-05 20:42:08,900 [WARNING:utdquake.bank.utils] Station GCI.KKFLS.120 not found in station metadata.
2026-05-05 20:42:08,953 [WARNING:utdquake.bank.utils] Station GCI.KKFLS.121 not found in station metadata.
2026-05-05 20:42:08,998 [WARNING:utdquake.bank.utils] Station GCI.KKFLS.121 not found in station metadata.
2026-05-05 20:42:09,056 [WARNING:utdquake.bank.utils] Station GCI.KKFLS.122 not found in station metadata.
2026-05-05 20:42:09,114 [WARNING:utdquake.bank.utils] Station GCI.KKFLS.122 not found in station metadata.
2026-05-05 20:42:09,168 [WARNING:utdquake.bank.utils] Station GCI.KKFLS.123 not found in station metadata.
2026-05-05 20:42:09,223 [WARNING:utdquake.bank.utils] Station GCI.KKFLS.123 not found in station metadata.
2026-05-05 20:42:09,268 [WARNING:utdquake.bank.utils] Station GCI.KKFLS.124 not found in station metadata.
2026-05-05 20:42:09,323 [WARNING:utdquake.bank.utils] Station GCI.KKFLS.124 not found in station metadata.
2026-05-05 20:42:09,378 [WARNING:utdquake.bank.utils] Station GCI.KKFLS.125 not found in station metadata.
2026-05-05 20:42:09,433 [WARNING:utdquake.bank.utils] Station GCI.KKFLS.125 not found in station metadata.
2026-05-05 20:42:09,478 [WARNING:utdquake.bank.utils] Station GCI.KKFLS.126 not found in station metadata.
2026-05-05 20:42:09,533 [WARNING:utdquake.bank.utils] Station GCI.KKFLS.126 not found in station metadata.
2026-05-05 20:42:09,581 [WARNING:utdquake.bank.utils] Station GCI.KKFLS.127 not found in station metadata.
2026-05-05 20:42:09,636 [WARNING:utdquake.bank.utils] Station GCI.KKFLS.127 not found in station metadata.
2026-05-05 20:42:09,684 [WARNING:utdquake.bank.utils] Station GCI.KKFLS.128 not found in station metadata.
2026-05-05 20:42:09,739 [WARNING:utdquake.bank.utils] Station GCI.KKFLS.128 not found in station metadata.
2026-05-05 20:42:09,786 [WARNING:utdquake.bank.utils] Station GCI.KKFLS.129 not found in station metadata.
2026-05-05 20:42:09,851 [WARNING:utdquake.bank.utils] Station GCI.KKFLS.129 not found in station metadata.
2026-05-05 20:42:09,898 [WARNING:utdquake.bank.utils] Station GCI.KKFLS.130 not found in station metadata.
2026-05-05 20:42:09,956 [WARNING:utdquake.bank.utils] Station GCI.KKFLS.130 not found in station metadata.
2026-05-05 20:42:10,003 [WARNING:utdquake.bank.utils] Station GCI.KKFLS.131 not found in station metadata.
2026-05-05 20:42:10,061 [WARNING:utdquake.bank.utils] Station GCI.KKFLS.131 not found in station metadata.
2026-05-05 20:42:10,119 [WARNING:utdquake.bank.utils] Station GCI.KKFLS.132 not found in station metadata.
2026-05-05 20:42:10,170 [WARNING:utdquake.bank.utils] Station GCI.KKFLS.132 not found in station metadata.
2026-05-05 20:42:10,226 [WARNING:utdquake.bank.utils] Station GCI.KKFLS.133 not found in station metadata.
2026-05-05 20:42:10,275 [WARNING:utdquake.bank.utils] Station GCI.KKFLS.134 not found in station metadata.
2026-05-05 20:42:10,330 [WARNING:utdquake.bank.utils] Station GCI.KKFLS.134 not found in station metadata.
2026-05-05 20:42:10,378 [WARNING:utdquake.bank.utils] Station GCI.KKFLS.135 not found in station metadata.
2026-05-05 20:42:10,433 [WARNING:utdquake.bank.utils] Station GCI.KKFLS.135 not found in station metadata.
2026-05-05 20:42:10,481 [WARNING:utdquake.bank.utils] Station GCI.KKFLS.136 not found in station metadata.
2026-05-05 20:42:10,538 [WARNING:utdquake.bank.utils] Station GCI.KKFLS.136 not found in station metadata.
2026-05-05 20:42:10,586 [WARNING:utdquake.bank.utils] Station GCI.KKFLS.137 not found in station metadata.
2026-05-05 20:42:10,719 [WARNING:utdquake.bank.utils] Station GCI.KKFLS.137 not found in station metadata.
2026-05-05 20:42:10,766 [WARNING:utdquake.bank.utils] Station GCI.KKFLS.138 not found in station metadata.
2026-05-05 20:42:10,821 [WARNING:utdquake.bank.utils] Station GCI.KKFLS.138 not found in station metadata.
2026-05-05 21:01:39,019 [INFO:utdquake.bank.utils] Processed origin smi:service.iris.edu/fdsnws/event/1/query?originid=49367718. Ready to update quality metrics.
2026-05-05 21:01:39,020 [INFO:utdquake.bank.utils] Updating quality metrics for origin smi:service.iris.edu/fdsnws/event/1/query?originid=49367718.
2026-05-05 21:01:39,029 [INFO:utdquake.bank.utils] Quality metrics updated for origin smi:service.iris.edu/fdsnws/event/1/query?originid=49367718.
2026-05-05 21:01:39,030 [INFO:utdquake.bank.utils] Updated quality metrics for origin smi:service.iris.edu/fdsnws/event/1/query?originid=49367718.
2026-05-05 21:01:39,030 [INFO:utdquake.bank.utils] Processing event smi:service.iris.edu/fdsnws/event/1/query?eventid=11779848 with origin smi:service.iris.edu/fdsnws/event/1/query?originid=49362871
2026-05-05 21:01:39,036 [WARNING:utdquake.bank.utils] Station GCI.KKFLS.100 not found in station metadata.
2026-05-05 21:01:39,086 [WARNING:utdquake.bank.utils] Station GCI.KKFLS.100 not found in station metadata.
2026-05-05 21:01:39,141 [WARNING:utdquake.bank.utils] Station GCI.KKFLS.101 not found in station metadata.
2026-05-05 21:01:39,192 [WARNING:utdquake.bank.utils] Station GCI.KKFLS.102 not found in station metadata.
2026-05-05 21:01:39,254 [WARNING:utdquake.bank.utils] Station GCI.KKFLS.102 not found in station metadata.
2026-05-05 21:01:39,302 [WARNING:utdquake.bank.utils] Station GCI.KKFLS.103 not found in station metadata.
2026-05-05 21:01:39,359 [WARNING:utdquake.bank.utils] Station GCI.KKFLS.104 not found in station metadata.
2026-05-05 21:01:39,418 [WARNING:utdquake.bank.utils] Station GCI.KKFLS.105 not found in station metadata.
2026-05-05 21:01:39,466 [WARNING:utdquake.bank.utils] Station GCI.KKFLS.106 not found in station metadata.
2026-05-05 21:01:39,527 [WARNING:utdquake.bank.utils] Station GCI.KKFLS.106 not found in station metadata.
2026-05-05 21:01:39,574 [WARNING:utdquake.bank.utils] Station GCI.KKFLS.107 not found in station metadata.
2026-05-05 21:01:39,632 [WARNING:utdquake.bank.utils] Station GCI.KKFLS.107 not found in station metadata.
2026-05-05 21:01:39,680 [WARNING:utdquake.bank.utils] Station GCI.KKFLS.108 not found in station metadata.
2026-05-05 21:01:39,737 [WARNING:utdquake.bank.utils] Station GCI.KKFLS.108 not found in station metadata.
2026-05-05 21:01:39,785 [WARNING:utdquake.bank.utils] Station GCI.KKFLS.109 not found in station metadata.
2026-05-05 21:01:39,844 [WARNING:utdquake.bank.utils] Station GCI.KKFLS.109 not found in station metadata.
2026-05-05 21:01:39,894 [WARNING:utdquake.bank.utils] Station GCI.KKFLS.110 not found in station metadata.
2026-05-05 21:01:39,954 [WARNING:utdquake.bank.utils] Station GCI.KKFLS.110 not found in station metadata.
2026-05-05 21:01:40,015 [WARNING:utdquake.bank.utils] Station GCI.KKFLS.111 not found in station metadata.
2026-05-05 21:01:40,069 [WARNING:utdquake.bank.utils] Station GCI.KKFLS.111 not found in station metadata.
2026-05-05 21:01:40,124 [WARNING:utdquake.bank.utils] Station GCI.KKFLS.112 not found in station metadata.
2026-05-05 21:01:40,172 [WARNING:utdquake.bank.utils] Station GCI.KKFLS.112 not found in station metadata.
2026-05-05 21:01:40,226 [WARNING:utdquake.bank.utils] Station GCI.KKFLS.113 not found in station metadata.
2026-05-05 21:01:40,281 [WARNING:utdquake.bank.utils] Station GCI.KKFLS.113 not found in station metadata.
2026-05-05 21:01:40,344 [WARNING:utdquake.bank.utils] Station GCI.KKFLS.114 not found in station metadata.
2026-05-05 21:01:40,389 [WARNING:utdquake.bank.utils] Station GCI.KKFLS.114 not found in station metadata.
2026-05-05 21:01:40,442 [WARNING:utdquake.bank.utils] Station GCI.KKFLS.115 not found in station metadata.
2026-05-05 21:01:40,488 [WARNING:utdquake.bank.utils] Station GCI.KKFLS.115 not found in station metadata.
2026-05-05 21:01:40,543 [WARNING:utdquake.bank.utils] Station GCI.KKFLS.116 not found in station metadata.
2026-05-05 21:01:40,591 [WARNING:utdquake.bank.utils] Station GCI.KKFLS.116 not found in station metadata.
2026-05-05 21:01:40,646 [WARNING:utdquake.bank.utils] Station GCI.KKFLS.117 not found in station metadata.
2026-05-05 21:01:40,697 [WARNING:utdquake.bank.utils] Station GCI.KKFLS.117 not found in station metadata.
2026-05-05 21:01:40,763 [WARNING:utdquake.bank.utils] Station GCI.KKFLS.118 not found in station metadata.
2026-05-05 21:01:40,821 [WARNING:utdquake.bank.utils] Station GCI.KKFLS.118 not found in station metadata.
2026-05-05 21:01:40,874 [WARNING:utdquake.bank.utils] Station GCI.KKFLS.119 not found in station metadata.
2026-05-05 21:01:40,930 [WARNING:utdquake.bank.utils] Station GCI.KKFLS.119 not found in station metadata.
2026-05-05 21:01:40,974 [WARNING:utdquake.bank.utils] Station GCI.KKFLS.120 not found in station metadata.
2026-05-05 21:01:41,029 [WARNING:utdquake.bank.utils] Station GCI.KKFLS.120 not found in station metadata.
2026-05-05 21:01:41,073 [WARNING:utdquake.bank.utils] Station GCI.KKFLS.121 not found in station metadata.
2026-05-05 21:01:41,127 [WARNING:utdquake.bank.utils] Station GCI.KKFLS.121 not found in station metadata.
2026-05-05 21:01:41,172 [WARNING:utdquake.bank.utils] Station GCI.KKFLS.122 not found in station metadata.
2026-05-05 21:01:41,226 [WARNING:utdquake.bank.utils] Station GCI.KKFLS.122 not found in station metadata.
2026-05-05 21:01:41,271 [WARNING:utdquake.bank.utils] Station GCI.KKFLS.123 not found in station metadata.
2026-05-05 21:01:41,326 [WARNING:utdquake.bank.utils] Station GCI.KKFLS.123 not found in station metadata.
2026-05-05 21:01:41,369 [WARNING:utdquake.bank.utils] Station GCI.KKFLS.124 not found in station metadata.
2026-05-05 21:01:41,445 [WARNING:utdquake.bank.utils] Station GCI.KKFLS.124 not found in station metadata.
2026-05-05 21:01:41,617 [WARNING:utdquake.bank.utils] Station GCI.KKFLS.125 not found in station metadata.
2026-05-05 21:01:41,663 [WARNING:utdquake.bank.utils] Station GCI.KKFLS.125 not found in station metadata.
2026-05-05 21:01:41,716 [WARNING:utdquake.bank.utils] Station GCI.KKFLS.126 not found in station metadata.
2026-05-05 21:01:41,763 [WARNING:utdquake.bank.utils] Station GCI.KKFLS.126 not found in station metadata.
2026-05-05 21:01:41,817 [WARNING:utdquake.bank.utils] Station GCI.KKFLS.127 not found in station metadata.
2026-05-05 21:01:41,863 [WARNING:utdquake.bank.utils] Station GCI.KKFLS.127 not found in station metadata.
2026-05-05 21:01:41,919 [WARNING:utdquake.bank.utils] Station GCI.KKFLS.128 not found in station metadata.
2026-05-05 21:01:41,968 [WARNING:utdquake.bank.utils] Station GCI.KKFLS.128 not found in station metadata.
2026-05-05 21:01:42,026 [WARNING:utdquake.bank.utils] Station GCI.KKFLS.129 not found in station metadata.
2026-05-05 21:01:42,076 [WARNING:utdquake.bank.utils] Station GCI.KKFLS.129 not found in station metadata.
2026-05-05 21:01:42,128 [WARNING:utdquake.bank.utils] Station GCI.KKFLS.130 not found in station metadata.
2026-05-05 21:01:42,177 [WARNING:utdquake.bank.utils] Station GCI.KKFLS.130 not found in station metadata.
2026-05-05 21:01:42,230 [WARNING:utdquake.bank.utils] Station GCI.KKFLS.131 not found in station metadata.
2026-05-05 21:01:42,276 [WARNING:utdquake.bank.utils] Station GCI.KKFLS.131 not found in station metadata.
2026-05-05 21:01:42,329 [WARNING:utdquake.bank.utils] Station GCI.KKFLS.132 not found in station metadata.
2026-05-05 21:01:42,396 [WARNING:utdquake.bank.utils] Station GCI.KKFLS.132 not found in station metadata.
2026-05-05 21:01:42,449 [WARNING:utdquake.bank.utils] Station GCI.KKFLS.133 not found in station metadata.
2026-05-05 21:01:42,496 [WARNING:utdquake.bank.utils] Station GCI.KKFLS.133 not found in station metadata.
2026-05-05 21:01:42,548 [WARNING:utdquake.bank.utils] Station GCI.KKFLS.134 not found in station metadata.
2026-05-05 21:01:42,600 [WARNING:utdquake.bank.utils] Station GCI.KKFLS.134 not found in station metadata.
2026-05-05 21:01:42,654 [WARNING:utdquake.bank.utils] Station GCI.KKFLS.135 not found in station metadata.
2026-05-05 21:01:42,703 [WARNING:utdquake.bank.utils] Station GCI.KKFLS.135 not found in station metadata.
2026-05-05 21:01:42,798 [WARNING:utdquake.bank.utils] Station GCI.KKFLS.136 not found in station metadata.
2026-05-05 21:01:42,853 [WARNING:utdquake.bank.utils] Station GCI.KKFLS.137 not found in station metadata.
2026-05-05 21:01:42,901 [WARNING:utdquake.bank.utils] Station GCI.KKFLS.137 not found in station metadata.
2026-05-05 21:01:42,953 [WARNING:utdquake.bank.utils] Station GCI.KKFLS.138 not found in station metadata.
2026-05-05 21:01:43,003 [WARNING:utdquake.bank.utils] Station GCI.KKFLS.138 not found in station metadata.
2026-05-05 21:23:57,943 [INFO:utdquake.bank.utils] Processed origin smi:service.iris.edu/fdsnws/event/1/query?originid=49362871. Ready to update quality metrics.
2026-05-05 21:23:57,945 [INFO:utdquake.bank.utils] Updating quality metrics for origin smi:service.iris.edu/fdsnws/event/1/query?originid=49362871.
2026-05-05 21:23:57,953 [INFO:utdquake.bank.utils] Quality metrics updated for origin smi:service.iris.edu/fdsnws/event/1/query?originid=49362871.
2026-05-05 21:23:57,954 [INFO:utdquake.bank.utils] Updated quality metrics for origin smi:service.iris.edu/fdsnws/event/1/query?originid=49362871.
2026-05-05 21:23:57,954 [INFO:utdquake.bank.utils] Processing event smi:service.iris.edu/fdsnws/event/1/query?eventid=11780130 with origin smi:service.iris.edu/fdsnws/event/1/query?originid=49367169
2026-05-05 21:23:57,960 [WARNING:utdquake.bank.utils] Station GCI.KKFLS.100 not found in station metadata.
2026-05-05 21:23:58,018 [WARNING:utdquake.bank.utils] Station GCI.KKFLS.100 not found in station metadata.
2026-05-05 21:23:58,064 [WARNING:utdquake.bank.utils] Station GCI.KKFLS.101 not found in station metadata.
2026-05-05 21:23:58,117 [WARNING:utdquake.bank.utils] Station GCI.KKFLS.102 not found in station metadata.
2026-05-05 21:23:58,167 [WARNING:utdquake.bank.utils] Station GCI.KKFLS.102 not found in station metadata.
2026-05-05 21:23:58,216 [WARNING:utdquake.bank.utils] Station GCI.KKFLS.103 not found in station metadata.
2026-05-05 21:23:58,263 [WARNING:utdquake.bank.utils] Station GCI.KKFLS.103 not found in station metadata.
2026-05-05 21:23:58,317 [WARNING:utdquake.bank.utils] Station GCI.KKFLS.104 not found in station metadata.
2026-05-05 21:23:58,362 [WARNING:utdquake.bank.utils] Station GCI.KKFLS.104 not found in station metadata.
2026-05-05 21:23:58,417 [WARNING:utdquake.bank.utils] Station GCI.KKFLS.105 not found in station metadata.
2026-05-05 21:23:58,463 [WARNING:utdquake.bank.utils] Station GCI.KKFLS.105 not found in station metadata.
2026-05-05 21:23:58,518 [WARNING:utdquake.bank.utils] Station GCI.KKFLS.106 not found in station metadata.
2026-05-05 21:23:58,637 [WARNING:utdquake.bank.utils] Station GCI.KKFLS.106 not found in station metadata.
2026-05-05 21:23:58,683 [WARNING:utdquake.bank.utils] Station GCI.KKFLS.107 not found in station metadata.
2026-05-05 21:23:58,738 [WARNING:utdquake.bank.utils] Station GCI.KKFLS.107 not found in station metadata.
2026-05-05 21:23:58,824 [WARNING:utdquake.bank.utils] Station GCI.KKFLS.108 not found in station metadata.
2026-05-05 21:23:58,876 [WARNING:utdquake.bank.utils] Station GCI.KKFLS.108 not found in station metadata.
2026-05-05 21:23:58,930 [WARNING:utdquake.bank.utils] Station GCI.KKFLS.109 not found in station metadata.
2026-05-05 21:23:58,977 [WARNING:utdquake.bank.utils] Station GCI.KKFLS.109 not found in station metadata.
2026-05-05 21:23:59,031 [WARNING:utdquake.bank.utils] Station GCI.KKFLS.110 not found in station metadata.
2026-05-05 21:23:59,078 [WARNING:utdquake.bank.utils] Station GCI.KKFLS.110 not found in station metadata.
2026-05-05 21:23:59,134 [WARNING:utdquake.bank.utils] Station GCI.KKFLS.111 not found in station metadata.
2026-05-05 21:23:59,183 [WARNING:utdquake.bank.utils] Station GCI.KKFLS.111 not found in station metadata.
2026-05-05 21:23:59,236 [WARNING:utdquake.bank.utils] Station GCI.KKFLS.112 not found in station metadata.
2026-05-05 21:23:59,285 [WARNING:utdquake.bank.utils] Station GCI.KKFLS.112 not found in station metadata.
2026-05-05 21:23:59,340 [WARNING:utdquake.bank.utils] Station GCI.KKFLS.113 not found in station metadata.
2026-05-05 21:23:59,387 [WARNING:utdquake.bank.utils] Station GCI.KKFLS.113 not found in station metadata.
2026-05-05 21:23:59,443 [WARNING:utdquake.bank.utils] Station GCI.KKFLS.114 not found in station metadata.
2026-05-05 21:23:59,490 [WARNING:utdquake.bank.utils] Station GCI.KKFLS.114 not found in station metadata.
2026-05-05 21:23:59,546 [WARNING:utdquake.bank.utils] Station GCI.KKFLS.115 not found in station metadata.
2026-05-05 21:23:59,592 [WARNING:utdquake.bank.utils] Station GCI.KKFLS.115 not found in station metadata.
2026-05-05 21:23:59,648 [WARNING:utdquake.bank.utils] Station GCI.KKFLS.116 not found in station metadata.
2026-05-05 21:23:59,696 [WARNING:utdquake.bank.utils] Station GCI.KKFLS.116 not found in station metadata.
2026-05-05 21:23:59,753 [WARNING:utdquake.bank.utils] Station GCI.KKFLS.117 not found in station metadata.
2026-05-05 21:23:59,852 [WARNING:utdquake.bank.utils] Station GCI.KKFLS.117 not found in station metadata.
2026-05-05 21:23:59,897 [WARNING:utdquake.bank.utils] Station GCI.KKFLS.118 not found in station metadata.
2026-05-05 21:23:59,952 [WARNING:utdquake.bank.utils] Station GCI.KKFLS.118 not found in station metadata.
2026-05-05 21:23:59,996 [WARNING:utdquake.bank.utils] Station GCI.KKFLS.119 not found in station metadata.
2026-05-05 21:24:00,056 [WARNING:utdquake.bank.utils] Station GCI.KKFLS.119 not found in station metadata.
2026-05-05 21:24:00,102 [WARNING:utdquake.bank.utils] Station GCI.KKFLS.120 not found in station metadata.
2026-05-05 21:24:00,157 [WARNING:utdquake.bank.utils] Station GCI.KKFLS.120 not found in station metadata.
2026-05-05 21:24:00,203 [WARNING:utdquake.bank.utils] Station GCI.KKFLS.121 not found in station metadata.
2026-05-05 21:24:00,255 [WARNING:utdquake.bank.utils] Station GCI.KKFLS.121 not found in station metadata.
2026-05-05 21:24:00,298 [WARNING:utdquake.bank.utils] Station GCI.KKFLS.122 not found in station metadata.
2026-05-05 21:24:00,355 [WARNING:utdquake.bank.utils] Station GCI.KKFLS.122 not found in station metadata.
2026-05-05 21:24:00,401 [WARNING:utdquake.bank.utils] Station GCI.KKFLS.123 not found in station metadata.
2026-05-05 21:24:00,456 [WARNING:utdquake.bank.utils] Station GCI.KKFLS.123 not found in station metadata.
2026-05-05 21:24:00,502 [WARNING:utdquake.bank.utils] Station GCI.KKFLS.124 not found in station metadata.
2026-05-05 21:24:00,555 [WARNING:utdquake.bank.utils] Station GCI.KKFLS.124 not found in station metadata.
2026-05-05 21:24:00,598 [WARNING:utdquake.bank.utils] Station GCI.KKFLS.125 not found in station metadata.
2026-05-05 21:24:00,657 [WARNING:utdquake.bank.utils] Station GCI.KKFLS.125 not found in station metadata.
2026-05-05 21:24:00,703 [WARNING:utdquake.bank.utils] Station GCI.KKFLS.126 not found in station metadata.
2026-05-05 21:24:00,757 [WARNING:utdquake.bank.utils] Station GCI.KKFLS.126 not found in station metadata.
2026-05-05 21:24:00,804 [WARNING:utdquake.bank.utils] Station GCI.KKFLS.127 not found in station metadata.
2026-05-05 21:24:00,888 [WARNING:utdquake.bank.utils] Station GCI.KKFLS.127 not found in station metadata.
2026-05-05 21:24:00,943 [WARNING:utdquake.bank.utils] Station GCI.KKFLS.128 not found in station metadata.
2026-05-05 21:24:01,040 [WARNING:utdquake.bank.utils] Station GCI.KKFLS.128 not found in station metadata.
2026-05-05 21:24:01,082 [WARNING:utdquake.bank.utils] Station GCI.KKFLS.129 not found in station metadata.
2026-05-05 21:24:01,137 [WARNING:utdquake.bank.utils] Station GCI.KKFLS.129 not found in station metadata.
2026-05-05 21:24:01,183 [WARNING:utdquake.bank.utils] Station GCI.KKFLS.130 not found in station metadata.
2026-05-05 21:24:01,240 [WARNING:utdquake.bank.utils] Station GCI.KKFLS.130 not found in station metadata.
2026-05-05 21:24:01,283 [WARNING:utdquake.bank.utils] Station GCI.KKFLS.131 not found in station metadata.
2026-05-05 21:24:01,338 [WARNING:utdquake.bank.utils] Station GCI.KKFLS.131 not found in station metadata.
2026-05-05 21:24:01,384 [WARNING:utdquake.bank.utils] Station GCI.KKFLS.132 not found in station metadata.
2026-05-05 21:24:01,439 [WARNING:utdquake.bank.utils] Station GCI.KKFLS.132 not found in station metadata.
2026-05-05 21:24:01,484 [WARNING:utdquake.bank.utils] Station GCI.KKFLS.133 not found in station metadata.
2026-05-05 21:24:01,539 [WARNING:utdquake.bank.utils] Station GCI.KKFLS.133 not found in station metadata.
2026-05-05 21:24:01,583 [WARNING:utdquake.bank.utils] Station GCI.KKFLS.134 not found in station metadata.
2026-05-05 21:24:01,638 [WARNING:utdquake.bank.utils] Station GCI.KKFLS.134 not found in station metadata.
2026-05-05 21:24:01,686 [WARNING:utdquake.bank.utils] Station GCI.KKFLS.135 not found in station metadata.
2026-05-05 21:24:01,742 [WARNING:utdquake.bank.utils] Station GCI.KKFLS.135 not found in station metadata.
2026-05-05 21:24:01,790 [WARNING:utdquake.bank.utils] Station GCI.KKFLS.136 not found in station metadata.
2026-05-05 21:24:01,847 [WARNING:utdquake.bank.utils] Station GCI.KKFLS.136 not found in station metadata.
2026-05-05 21:24:01,892 [WARNING:utdquake.bank.utils] Station GCI.KKFLS.137 not found in station metadata.
2026-05-05 21:24:01,952 [WARNING:utdquake.bank.utils] Station GCI.KKFLS.137 not found in station metadata.
2026-05-05 21:24:02,003 [WARNING:utdquake.bank.utils] Station GCI.KKFLS.138 not found in station metadata.
2026-05-05 21:24:02,056 [WARNING:utdquake.bank.utils] Station GCI.KKFLS.138 not found in station metadata.
2026-05-05 21:49:12,053 [INFO:utdquake.bank.utils] Processed origin smi:service.iris.edu/fdsnws/event/1/query?originid=49367169. Ready to update quality metrics.
2026-05-05 21:49:12,054 [INFO:utdquake.bank.utils] Updating quality metrics for origin smi:service.iris.edu/fdsnws/event/1/query?originid=49367169.
2026-05-05 21:49:12,064 [INFO:utdquake.bank.utils] Quality metrics updated for origin smi:service.iris.edu/fdsnws/event/1/query?originid=49367169.
2026-05-05 21:49:12,065 [INFO:utdquake.bank.utils] Updated quality metrics for origin smi:service.iris.edu/fdsnws/event/1/query?originid=49367169.
2026-05-05 21:49:12,065 [INFO:utdquake.bank.utils] Finishing to process 3 events in catalog UlqVTQqR.
2026-05-05 21:49:53,100 [INFO:utdquake.bank] Saved 3 events of 3 possible in chunk id 0   from 2023-12-15 04:43:30.917000 to 2023-12-16 04:43:30.917000 in /groups/igonin/ecastillo/UTDQuake_test/bank/GCI
2026-05-05 21:49:53,110 [INFO:utdquake.bank] Creating stations summary based on the events in the event bank at /groups/igonin/ecastillo/UTDQuake_test/bank/GCI/.stations
2026-05-05 21:49:53,130 [INFO:utdquake.bank.utils] Found 15000 station databases in /groups/igonin/ecastillo/UTDQuake_test/.utdquake/db/stations/.stations.
2026-05-05 21:57:52,162 [INFO:utdquake.bank] Updating stations summary in the event bank at /groups/igonin/ecastillo/UTDQuake_test/bank/GCI
2026-05-05 21:57:52,389 [INFO:utdquake.bank] Stations summary updated successfully.
2026-05-05 21:57:52,390 [INFO:utdquake.bank.utils] [1/10] Fetching events forward 2023-12-16T04:43:30.917000Z to 2023-12-17T04:43:30.917000Z...
2026-05-05 21:58:17,465 [INFO:utdquake.bank.utils] Restarting patience counter after successful fetch.
2026-05-05 21:58:18,108 [INFO:utdquake.bank] Chunk id: 0   initiated | Time range: 2023-12-16 04:43:30.917000 - 2023-12-17 04:43:30.917000 | Chunk creation time: 2026-05-05 21:58:18.108577
2026-05-05 21:58:18,109 [INFO:utdquake.bank.utils] Starting to process 2 events in catalog qu9tLOzx. (This id is created just for logging purposes)
2026-05-05 21:58:18,110 [INFO:utdquake.bank.utils] Processing event smi:service.iris.edu/fdsnws/event/1/query?eventid=11780306 with origin smi:service.iris.edu/fdsnws/event/1/query?originid=49370718
2026-05-05 21:58:18,116 [WARNING:utdquake.bank.utils] Station GCI.KKFLS.100 not found in station metadata.
2026-05-05 21:58:18,169 [WARNING:utdquake.bank.utils] Station GCI.KKFLS.102 not found in station metadata.
2026-05-05 21:58:18,232 [WARNING:utdquake.bank.utils] Station GCI.KKFLS.105 not found in station metadata.
2026-05-05 21:58:18,283 [WARNING:utdquake.bank.utils] Station GCI.KKFLS.106 not found in station metadata.
2026-05-05 21:58:18,348 [WARNING:utdquake.bank.utils] Station GCI.KKFLS.106 not found in station metadata.
2026-05-05 21:58:18,398 [WARNING:utdquake.bank.utils] Station GCI.KKFLS.107 not found in station metadata.
2026-05-05 21:58:18,458 [WARNING:utdquake.bank.utils] Station GCI.KKFLS.108 not found in station metadata.
2026-05-05 21:58:18,521 [WARNING:utdquake.bank.utils] Station GCI.KKFLS.108 not found in station metadata.
2026-05-05 21:58:18,573 [WARNING:utdquake.bank.utils] Station GCI.KKFLS.109 not found in station metadata.
2026-05-05 21:58:18,632 [WARNING:utdquake.bank.utils] Station GCI.KKFLS.109 not found in station metadata.
2026-05-05 21:58:18,686 [WARNING:utdquake.bank.utils] Station GCI.KKFLS.110 not found in station metadata.
2026-05-05 21:58:18,745 [WARNING:utdquake.bank.utils] Station GCI.KKFLS.110 not found in station metadata.
2026-05-05 21:58:18,793 [WARNING:utdquake.bank.utils] Station GCI.KKFLS.111 not found in station metadata.
2026-05-05 21:58:18,852 [WARNING:utdquake.bank.utils] Station GCI.KKFLS.111 not found in station metadata.
2026-05-05 21:58:18,898 [WARNING:utdquake.bank.utils] Station GCI.KKFLS.112 not found in station metadata.
2026-05-05 21:58:18,986 [WARNING:utdquake.bank.utils] Station GCI.KKFLS.112 not found in station metadata.
2026-05-05 21:58:19,051 [WARNING:utdquake.bank.utils] Station GCI.KKFLS.113 not found in station metadata.
2026-05-05 21:58:19,101 [WARNING:utdquake.bank.utils] Station GCI.KKFLS.113 not found in station metadata.
2026-05-05 21:58:19,158 [WARNING:utdquake.bank.utils] Station GCI.KKFLS.114 not found in station metadata.
2026-05-05 21:58:19,218 [WARNING:utdquake.bank.utils] Station GCI.KKFLS.114 not found in station metadata.
2026-05-05 21:58:19,262 [WARNING:utdquake.bank.utils] Station GCI.KKFLS.115 not found in station metadata.
2026-05-05 21:58:19,317 [WARNING:utdquake.bank.utils] Station GCI.KKFLS.115 not found in station metadata.
2026-05-05 21:58:19,361 [WARNING:utdquake.bank.utils] Station GCI.KKFLS.116 not found in station metadata.
2026-05-05 21:58:19,416 [WARNING:utdquake.bank.utils] Station GCI.KKFLS.116 not found in station metadata.
2026-05-05 21:58:19,458 [WARNING:utdquake.bank.utils] Station GCI.KKFLS.117 not found in station metadata.
2026-05-05 21:58:19,503 [WARNING:utdquake.bank.utils] Station GCI.KKFLS.117 not found in station metadata.
2026-05-05 21:58:19,556 [WARNING:utdquake.bank.utils] Station GCI.KKFLS.118 not found in station metadata.
2026-05-05 21:58:19,600 [WARNING:utdquake.bank.utils] Station GCI.KKFLS.118 not found in station metadata.
2026-05-05 21:58:19,658 [WARNING:utdquake.bank.utils] Station GCI.KKFLS.119 not found in station metadata.
2026-05-05 21:58:19,703 [WARNING:utdquake.bank.utils] Station GCI.KKFLS.119 not found in station metadata.
2026-05-05 21:58:19,756 [WARNING:utdquake.bank.utils] Station GCI.KKFLS.120 not found in station metadata.
2026-05-05 21:58:19,801 [WARNING:utdquake.bank.utils] Station GCI.KKFLS.120 not found in station metadata.
2026-05-05 21:58:19,857 [WARNING:utdquake.bank.utils] Station GCI.KKFLS.121 not found in station metadata.
2026-05-05 21:58:19,901 [WARNING:utdquake.bank.utils] Station GCI.KKFLS.121 not found in station metadata.
2026-05-05 21:58:19,958 [WARNING:utdquake.bank.utils] Station GCI.KKFLS.122 not found in station metadata.
2026-05-05 21:58:20,063 [WARNING:utdquake.bank.utils] Station GCI.KKFLS.122 not found in station metadata.
2026-05-05 21:58:20,120 [WARNING:utdquake.bank.utils] Station GCI.KKFLS.123 not found in station metadata.
2026-05-05 21:58:20,173 [WARNING:utdquake.bank.utils] Station GCI.KKFLS.123 not found in station metadata.
2026-05-05 21:58:20,231 [WARNING:utdquake.bank.utils] Station GCI.KKFLS.124 not found in station metadata.
2026-05-05 21:58:20,278 [WARNING:utdquake.bank.utils] Station GCI.KKFLS.124 not found in station metadata.
2026-05-05 21:58:20,335 [WARNING:utdquake.bank.utils] Station GCI.KKFLS.125 not found in station metadata.
2026-05-05 21:58:20,381 [WARNING:utdquake.bank.utils] Station GCI.KKFLS.125 not found in station metadata.
2026-05-05 21:58:20,437 [WARNING:utdquake.bank.utils] Station GCI.KKFLS.126 not found in station metadata.
2026-05-05 21:58:20,487 [WARNING:utdquake.bank.utils] Station GCI.KKFLS.126 not found in station metadata.
2026-05-05 21:58:20,546 [WARNING:utdquake.bank.utils] Station GCI.KKFLS.127 not found in station metadata.
2026-05-05 21:58:20,593 [WARNING:utdquake.bank.utils] Station GCI.KKFLS.127 not found in station metadata.
2026-05-05 21:58:20,651 [WARNING:utdquake.bank.utils] Station GCI.KKFLS.128 not found in station metadata.
2026-05-05 21:58:20,698 [WARNING:utdquake.bank.utils] Station GCI.KKFLS.128 not found in station metadata.
2026-05-05 21:58:20,755 [WARNING:utdquake.bank.utils] Station GCI.KKFLS.129 not found in station metadata.
2026-05-05 21:58:20,803 [WARNING:utdquake.bank.utils] Station GCI.KKFLS.129 not found in station metadata.
2026-05-05 21:58:20,853 [WARNING:utdquake.bank.utils] Station GCI.KKFLS.130 not found in station metadata.
2026-05-05 21:58:20,938 [WARNING:utdquake.bank.utils] Station GCI.KKFLS.130 not found in station metadata.
2026-05-05 21:58:20,983 [WARNING:utdquake.bank.utils] Station GCI.KKFLS.131 not found in station metadata.
2026-05-05 21:58:21,043 [WARNING:utdquake.bank.utils] Station GCI.KKFLS.132 not found in station metadata.
2026-05-05 21:58:21,090 [WARNING:utdquake.bank.utils] Station GCI.KKFLS.133 not found in station metadata.
2026-05-05 21:58:21,146 [WARNING:utdquake.bank.utils] Station GCI.KKFLS.134 not found in station metadata.
2026-05-05 21:58:21,193 [WARNING:utdquake.bank.utils] Station GCI.KKFLS.135 not found in station metadata.
2026-05-05 21:58:21,248 [WARNING:utdquake.bank.utils] Station GCI.KKFLS.136 not found in station metadata.
2026-05-05 21:58:21,292 [WARNING:utdquake.bank.utils] Station GCI.KKFLS.138 not found in station metadata.
2026-05-05 22:18:22,755 [INFO:utdquake.bank.utils] Processed origin smi:service.iris.edu/fdsnws/event/1/query?originid=49370718. Ready to update quality metrics.
2026-05-05 22:18:22,757 [INFO:utdquake.bank.utils] Updating quality metrics for origin smi:service.iris.edu/fdsnws/event/1/query?originid=49370718.
2026-05-05 22:18:22,765 [INFO:utdquake.bank.utils] Quality metrics updated for origin smi:service.iris.edu/fdsnws/event/1/query?originid=49370718.
2026-05-05 22:18:22,766 [INFO:utdquake.bank.utils] Updated quality metrics for origin smi:service.iris.edu/fdsnws/event/1/query?originid=49370718.
2026-05-05 22:18:22,768 [INFO:utdquake.bank.utils] Processing event smi:service.iris.edu/fdsnws/event/1/query?eventid=11780319 with origin smi:service.iris.edu/fdsnws/event/1/query?originid=49371022
2026-05-05 22:18:22,773 [WARNING:utdquake.bank.utils] Station GCI.KKFLS.100 not found in station metadata.
2026-05-05 22:18:22,832 [WARNING:utdquake.bank.utils] Station GCI.KKFLS.100 not found in station metadata.
2026-05-05 22:18:22,886 [WARNING:utdquake.bank.utils] Station GCI.KKFLS.101 not found in station metadata.
2026-05-05 22:18:22,944 [WARNING:utdquake.bank.utils] Station GCI.KKFLS.101 not found in station metadata.
2026-05-05 22:18:22,995 [WARNING:utdquake.bank.utils] Station GCI.KKFLS.102 not found in station metadata.
2026-05-05 22:18:23,055 [WARNING:utdquake.bank.utils] Station GCI.KKFLS.102 not found in station metadata.
2026-05-05 22:18:23,105 [WARNING:utdquake.bank.utils] Station GCI.KKFLS.103 not found in station metadata.
2026-05-05 22:18:23,159 [WARNING:utdquake.bank.utils] Station GCI.KKFLS.103 not found in station metadata.
2026-05-05 22:18:23,256 [WARNING:utdquake.bank.utils] Station GCI.KKFLS.104 not found in station metadata.
2026-05-05 22:18:23,315 [WARNING:utdquake.bank.utils] Station GCI.KKFLS.104 not found in station metadata.
2026-05-05 22:18:23,367 [WARNING:utdquake.bank.utils] Station GCI.KKFLS.105 not found in station metadata.
2026-05-05 22:18:23,427 [WARNING:utdquake.bank.utils] Station GCI.KKFLS.105 not found in station metadata.
2026-05-05 22:18:23,474 [WARNING:utdquake.bank.utils] Station GCI.KKFLS.106 not found in station metadata.
2026-05-05 22:18:23,533 [WARNING:utdquake.bank.utils] Station GCI.KKFLS.106 not found in station metadata.
2026-05-05 22:18:23,580 [WARNING:utdquake.bank.utils] Station GCI.KKFLS.107 not found in station metadata.
2026-05-05 22:18:23,638 [WARNING:utdquake.bank.utils] Station GCI.KKFLS.107 not found in station metadata.
2026-05-05 22:18:23,687 [WARNING:utdquake.bank.utils] Station GCI.KKFLS.108 not found in station metadata.
2026-05-05 22:18:23,744 [WARNING:utdquake.bank.utils] Station GCI.KKFLS.108 not found in station metadata.
2026-05-05 22:18:23,791 [WARNING:utdquake.bank.utils] Station GCI.KKFLS.109 not found in station metadata.
2026-05-05 22:18:23,848 [WARNING:utdquake.bank.utils] Station GCI.KKFLS.109 not found in station metadata.
2026-05-05 22:18:23,892 [WARNING:utdquake.bank.utils] Station GCI.KKFLS.110 not found in station metadata.
2026-05-05 22:18:23,952 [WARNING:utdquake.bank.utils] Station GCI.KKFLS.110 not found in station metadata.
2026-05-05 22:18:23,997 [WARNING:utdquake.bank.utils] Station GCI.KKFLS.111 not found in station metadata.
2026-05-05 22:18:24,060 [WARNING:utdquake.bank.utils] Station GCI.KKFLS.111 not found in station metadata.
2026-05-05 22:18:24,117 [WARNING:utdquake.bank.utils] Station GCI.KKFLS.112 not found in station metadata.
2026-05-05 22:18:24,169 [WARNING:utdquake.bank.utils] Station GCI.KKFLS.112 not found in station metadata.
2026-05-05 22:18:24,224 [WARNING:utdquake.bank.utils] Station GCI.KKFLS.113 not found in station metadata.
2026-05-05 22:18:24,274 [WARNING:utdquake.bank.utils] Station GCI.KKFLS.113 not found in station metadata.
2026-05-05 22:18:24,332 [WARNING:utdquake.bank.utils] Station GCI.KKFLS.114 not found in station metadata.
2026-05-05 22:18:24,382 [WARNING:utdquake.bank.utils] Station GCI.KKFLS.114 not found in station metadata.
2026-05-05 22:18:24,480 [WARNING:utdquake.bank.utils] Station GCI.KKFLS.115 not found in station metadata.
2026-05-05 22:18:24,537 [WARNING:utdquake.bank.utils] Station GCI.KKFLS.115 not found in station metadata.
2026-05-05 22:18:24,587 [WARNING:utdquake.bank.utils] Station GCI.KKFLS.116 not found in station metadata.
2026-05-05 22:18:24,650 [WARNING:utdquake.bank.utils] Station GCI.KKFLS.116 not found in station metadata.
2026-05-05 22:18:24,699 [WARNING:utdquake.bank.utils] Station GCI.KKFLS.117 not found in station metadata.
2026-05-05 22:18:24,759 [WARNING:utdquake.bank.utils] Station GCI.KKFLS.117 not found in station metadata.
2026-05-05 22:18:24,805 [WARNING:utdquake.bank.utils] Station GCI.KKFLS.118 not found in station metadata.
2026-05-05 22:18:24,859 [WARNING:utdquake.bank.utils] Station GCI.KKFLS.118 not found in station metadata.
2026-05-05 22:18:24,915 [WARNING:utdquake.bank.utils] Station GCI.KKFLS.119 not found in station metadata.
2026-05-05 22:18:24,966 [WARNING:utdquake.bank.utils] Station GCI.KKFLS.119 not found in station metadata.
2026-05-05 22:18:25,025 [WARNING:utdquake.bank.utils] Station GCI.KKFLS.120 not found in station metadata.
2026-05-05 22:18:25,084 [WARNING:utdquake.bank.utils] Station GCI.KKFLS.120 not found in station metadata.
2026-05-05 22:18:25,142 [WARNING:utdquake.bank.utils] Station GCI.KKFLS.121 not found in station metadata.
2026-05-05 22:18:25,194 [WARNING:utdquake.bank.utils] Station GCI.KKFLS.121 not found in station metadata.
2026-05-05 22:18:25,251 [WARNING:utdquake.bank.utils] Station GCI.KKFLS.122 not found in station metadata.
2026-05-05 22:18:25,305 [WARNING:utdquake.bank.utils] Station GCI.KKFLS.122 not found in station metadata.
2026-05-05 22:18:25,359 [WARNING:utdquake.bank.utils] Station GCI.KKFLS.123 not found in station metadata.
2026-05-05 22:18:25,419 [WARNING:utdquake.bank.utils] Station GCI.KKFLS.123 not found in station metadata.
2026-05-05 22:18:25,466 [WARNING:utdquake.bank.utils] Station GCI.KKFLS.124 not found in station metadata.
2026-05-05 22:18:25,525 [WARNING:utdquake.bank.utils] Station GCI.KKFLS.124 not found in station metadata.
2026-05-05 22:18:25,575 [WARNING:utdquake.bank.utils] Station GCI.KKFLS.125 not found in station metadata.
2026-05-05 22:18:25,635 [WARNING:utdquake.bank.utils] Station GCI.KKFLS.125 not found in station metadata.
2026-05-05 22:18:25,739 [WARNING:utdquake.bank.utils] Station GCI.KKFLS.126 not found in station metadata.
2026-05-05 22:18:25,790 [WARNING:utdquake.bank.utils] Station GCI.KKFLS.126 not found in station metadata.
2026-05-05 22:18:25,844 [WARNING:utdquake.bank.utils] Station GCI.KKFLS.127 not found in station metadata.
2026-05-05 22:18:25,892 [WARNING:utdquake.bank.utils] Station GCI.KKFLS.127 not found in station metadata.
2026-05-05 22:18:25,947 [WARNING:utdquake.bank.utils] Station GCI.KKFLS.128 not found in station metadata.
2026-05-05 22:18:25,998 [WARNING:utdquake.bank.utils] Station GCI.KKFLS.128 not found in station metadata.
2026-05-05 22:18:26,058 [WARNING:utdquake.bank.utils] Station GCI.KKFLS.129 not found in station metadata.
2026-05-05 22:18:26,116 [WARNING:utdquake.bank.utils] Station GCI.KKFLS.129 not found in station metadata.
2026-05-05 22:18:26,163 [WARNING:utdquake.bank.utils] Station GCI.KKFLS.130 not found in station metadata.
2026-05-05 22:18:26,219 [WARNING:utdquake.bank.utils] Station GCI.KKFLS.130 not found in station metadata.
2026-05-05 22:18:26,267 [WARNING:utdquake.bank.utils] Station GCI.KKFLS.131 not found in station metadata.
2026-05-05 22:18:26,325 [WARNING:utdquake.bank.utils] Station GCI.KKFLS.131 not found in station metadata.
2026-05-05 22:18:26,374 [WARNING:utdquake.bank.utils] Station GCI.KKFLS.132 not found in station metadata.
2026-05-05 22:18:26,433 [WARNING:utdquake.bank.utils] Station GCI.KKFLS.132 not found in station metadata.
2026-05-05 22:18:26,491 [WARNING:utdquake.bank.utils] Station GCI.KKFLS.133 not found in station metadata.
2026-05-05 22:18:26,549 [WARNING:utdquake.bank.utils] Station GCI.KKFLS.133 not found in station metadata.
2026-05-05 22:18:26,600 [WARNING:utdquake.bank.utils] Station GCI.KKFLS.134 not found in station metadata.
2026-05-05 22:18:26,660 [WARNING:utdquake.bank.utils] Station GCI.KKFLS.134 not found in station metadata.
2026-05-05 22:18:26,718 [WARNING:utdquake.bank.utils] Station GCI.KKFLS.135 not found in station metadata.
2026-05-05 22:18:26,769 [WARNING:utdquake.bank.utils] Station GCI.KKFLS.135 not found in station metadata.
2026-05-05 22:18:26,823 [WARNING:utdquake.bank.utils] Station GCI.KKFLS.136 not found in station metadata.
2026-05-05 22:18:26,873 [WARNING:utdquake.bank.utils] Station GCI.KKFLS.136 not found in station metadata.
2026-05-05 22:18:26,930 [WARNING:utdquake.bank.utils] Station GCI.KKFLS.137 not found in station metadata.
2026-05-05 22:18:26,981 [WARNING:utdquake.bank.utils] Station GCI.KKFLS.137 not found in station metadata.
2026-05-05 22:18:27,044 [WARNING:utdquake.bank.utils] Station GCI.KKFLS.138 not found in station metadata.
2026-05-05 22:18:27,094 [WARNING:utdquake.bank.utils] Station GCI.KKFLS.138 not found in station metadata.
2026-05-05 22:46:51,097 [INFO:utdquake.bank.utils] Processed origin smi:service.iris.edu/fdsnws/event/1/query?originid=49371022. Ready to update quality metrics.
2026-05-05 22:46:51,099 [INFO:utdquake.bank.utils] Updating quality metrics for origin smi:service.iris.edu/fdsnws/event/1/query?originid=49371022.
2026-05-05 22:46:51,109 [INFO:utdquake.bank.utils] Quality metrics updated for origin smi:service.iris.edu/fdsnws/event/1/query?originid=49371022.
2026-05-05 22:46:51,110 [INFO:utdquake.bank.utils] Updated quality metrics for origin smi:service.iris.edu/fdsnws/event/1/query?originid=49371022.
2026-05-05 22:46:51,111 [INFO:utdquake.bank.utils] Finishing to process 2 events in catalog qu9tLOzx.
2026-05-05 22:47:20,347 [INFO:utdquake.bank] Saved 2 events of 2 possible in chunk id 0   from 2023-12-16 04:43:30.917000 to 2023-12-17 04:43:30.917000 in /groups/igonin/ecastillo/UTDQuake_test/bank/GCI
2026-05-05 22:47:20,348 [INFO:utdquake.bank] Creating stations summary based on the events in the event bank at /groups/igonin/ecastillo/UTDQuake_test/bank/GCI/.stations
2026-05-05 22:47:20,368 [INFO:utdquake.bank.utils] Found 15000 station databases in /groups/igonin/ecastillo/UTDQuake_test/.utdquake/db/stations/.stations.
2026-05-05 22:55:20,612 [INFO:utdquake.bank] Updating stations summary in the event bank at /groups/igonin/ecastillo/UTDQuake_test/bank/GCI
2026-05-05 22:55:20,882 [INFO:utdquake.bank] Stations summary updated successfully.
2026-05-05 22:55:20,883 [INFO:utdquake.bank.utils] [1/10] Fetching events forward 2023-12-17T04:43:30.917000Z to 2023-12-18T04:43:30.917000Z...
2026-05-05 22:55:32,729 [INFO:utdquake.bank.utils] Restarting patience counter after successful fetch.
2026-05-05 22:55:33,158 [INFO:utdquake.bank] Chunk id: 0   initiated | Time range: 2023-12-17 04:43:30.917000 - 2023-12-18 04:43:30.917000 | Chunk creation time: 2026-05-05 22:55:33.158338
2026-05-05 22:55:33,159 [INFO:utdquake.bank.utils] Starting to process 2 events in catalog kKeotga1. (This id is created just for logging purposes)
2026-05-05 22:55:33,160 [INFO:utdquake.bank.utils] Processing event smi:service.iris.edu/fdsnws/event/1/query?eventid=11780581 with origin smi:service.iris.edu/fdsnws/event/1/query?originid=49374818
2026-05-05 22:55:33,166 [WARNING:utdquake.bank.utils] Station GCI.KKFLS.100 not found in station metadata.
2026-05-05 22:55:33,226 [WARNING:utdquake.bank.utils] Station GCI.KKFLS.102 not found in station metadata.
2026-05-05 22:55:33,272 [WARNING:utdquake.bank.utils] Station GCI.KKFLS.103 not found in station metadata.
2026-05-05 22:55:33,327 [WARNING:utdquake.bank.utils] Station GCI.KKFLS.104 not found in station metadata.
2026-05-05 22:55:33,374 [WARNING:utdquake.bank.utils] Station GCI.KKFLS.105 not found in station metadata.
2026-05-05 22:55:33,429 [WARNING:utdquake.bank.utils] Station GCI.KKFLS.106 not found in station metadata.
2026-05-05 22:55:33,472 [WARNING:utdquake.bank.utils] Station GCI.KKFLS.107 not found in station metadata.
2026-05-05 22:55:33,527 [WARNING:utdquake.bank.utils] Station GCI.KKFLS.108 not found in station metadata.
2026-05-05 22:55:33,573 [WARNING:utdquake.bank.utils] Station GCI.KKFLS.109 not found in station metadata.
2026-05-05 22:55:33,629 [WARNING:utdquake.bank.utils] Station GCI.KKFLS.110 not found in station metadata.
2026-05-05 22:55:33,676 [WARNING:utdquake.bank.utils] Station GCI.KKFLS.111 not found in station metadata.
2026-05-05 22:55:33,732 [WARNING:utdquake.bank.utils] Station GCI.KKFLS.112 not found in station metadata.
2026-05-05 22:55:33,776 [WARNING:utdquake.bank.utils] Station GCI.KKFLS.113 not found in station metadata.
2026-05-05 22:55:33,832 [WARNING:utdquake.bank.utils] Station GCI.KKFLS.114 not found in station metadata.
2026-05-05 22:55:33,878 [WARNING:utdquake.bank.utils] Station GCI.KKFLS.115 not found in station metadata.
2026-05-05 22:55:33,967 [WARNING:utdquake.bank.utils] Station GCI.KKFLS.116 not found in station metadata.
2026-05-05 22:55:34,024 [WARNING:utdquake.bank.utils] Station GCI.KKFLS.117 not found in station metadata.
2026-05-05 22:55:34,071 [WARNING:utdquake.bank.utils] Station GCI.KKFLS.118 not found in station metadata.
2026-05-05 22:55:34,127 [WARNING:utdquake.bank.utils] Station GCI.KKFLS.119 not found in station metadata.
2026-05-05 22:55:34,172 [WARNING:utdquake.bank.utils] Station GCI.KKFLS.120 not found in station metadata.
2026-05-05 22:55:34,236 [WARNING:utdquake.bank.utils] Station GCI.KKFLS.121 not found in station metadata.
2026-05-05 22:55:34,283 [WARNING:utdquake.bank.utils] Station GCI.KKFLS.122 not found in station metadata.
2026-05-05 22:55:34,342 [WARNING:utdquake.bank.utils] Station GCI.KKFLS.123 not found in station metadata.
2026-05-05 22:55:34,389 [WARNING:utdquake.bank.utils] Station GCI.KKFLS.124 not found in station metadata.
2026-05-05 22:55:34,448 [WARNING:utdquake.bank.utils] Station GCI.KKFLS.125 not found in station metadata.
2026-05-05 22:55:34,496 [WARNING:utdquake.bank.utils] Station GCI.KKFLS.126 not found in station metadata.
2026-05-05 22:55:34,557 [WARNING:utdquake.bank.utils] Station GCI.KKFLS.127 not found in station metadata.
2026-05-05 22:55:34,604 [WARNING:utdquake.bank.utils] Station GCI.KKFLS.128 not found in station metadata.
2026-05-05 22:55:34,657 [WARNING:utdquake.bank.utils] Station GCI.KKFLS.129 not found in station metadata.
2026-05-05 22:55:34,716 [WARNING:utdquake.bank.utils] Station GCI.KKFLS.130 not found in station metadata.
2026-05-05 22:55:34,762 [WARNING:utdquake.bank.utils] Station GCI.KKFLS.131 not found in station metadata.
2026-05-05 22:55:34,847 [WARNING:utdquake.bank.utils] Station GCI.KKFLS.132 not found in station metadata.
2026-05-05 22:55:34,894 [WARNING:utdquake.bank.utils] Station GCI.KKFLS.133 not found in station metadata.
2026-05-05 22:55:34,953 [WARNING:utdquake.bank.utils] Station GCI.KKFLS.134 not found in station metadata.
2026-05-05 22:55:35,002 [WARNING:utdquake.bank.utils] Station GCI.KKFLS.135 not found in station metadata.
2026-05-05 22:55:35,060 [WARNING:utdquake.bank.utils] Station GCI.KKFLS.136 not found in station metadata.
2026-05-05 22:55:35,118 [WARNING:utdquake.bank.utils] Station GCI.KKFLS.137 not found in station metadata.
2026-05-05 22:55:35,168 [WARNING:utdquake.bank.utils] Station GCI.KKFLS.138 not found in station metadata.
2026-05-05 23:05:27,282 [INFO:utdquake.bank.utils] Processed origin smi:service.iris.edu/fdsnws/event/1/query?originid=49374818. Ready to update quality metrics.
2026-05-05 23:05:27,284 [INFO:utdquake.bank.utils] Updating quality metrics for origin smi:service.iris.edu/fdsnws/event/1/query?originid=49374818.
2026-05-05 23:05:27,290 [INFO:utdquake.bank.utils] Quality metrics updated for origin smi:service.iris.edu/fdsnws/event/1/query?originid=49374818.
2026-05-05 23:05:27,290 [INFO:utdquake.bank.utils] Updated quality metrics for origin smi:service.iris.edu/fdsnws/event/1/query?originid=49374818.
2026-05-05 23:05:27,292 [INFO:utdquake.bank.utils] Processing event smi:service.iris.edu/fdsnws/event/1/query?eventid=11780537 with origin smi:service.iris.edu/fdsnws/event/1/query?originid=49373719
2026-05-05 23:05:27,297 [WARNING:utdquake.bank.utils] Station GCI.KKFLS.100 not found in station metadata.
2026-05-05 23:05:27,357 [WARNING:utdquake.bank.utils] Station GCI.KKFLS.103 not found in station metadata.
2026-05-05 23:05:27,413 [WARNING:utdquake.bank.utils] Station GCI.KKFLS.105 not found in station metadata.
2026-05-05 23:05:27,481 [WARNING:utdquake.bank.utils] Station GCI.KKFLS.108 not found in station metadata.
2026-05-05 23:05:27,588 [WARNING:utdquake.bank.utils] Station GCI.KKFLS.109 not found in station metadata.
2026-05-05 23:05:27,644 [WARNING:utdquake.bank.utils] Station GCI.KKFLS.109 not found in station metadata.
2026-05-05 23:05:27,689 [WARNING:utdquake.bank.utils] Station GCI.KKFLS.110 not found in station metadata.
2026-05-05 23:05:27,746 [WARNING:utdquake.bank.utils] Station GCI.KKFLS.110 not found in station metadata.
2026-05-05 23:05:27,791 [WARNING:utdquake.bank.utils] Station GCI.KKFLS.111 not found in station metadata.
2026-05-05 23:05:27,848 [WARNING:utdquake.bank.utils] Station GCI.KKFLS.111 not found in station metadata.
2026-05-05 23:05:27,893 [WARNING:utdquake.bank.utils] Station GCI.KKFLS.112 not found in station metadata.
2026-05-05 23:05:27,950 [WARNING:utdquake.bank.utils] Station GCI.KKFLS.112 not found in station metadata.
2026-05-05 23:05:28,000 [WARNING:utdquake.bank.utils] Station GCI.KKFLS.113 not found in station metadata.
2026-05-05 23:05:28,059 [WARNING:utdquake.bank.utils] Station GCI.KKFLS.113 not found in station metadata.
2026-05-05 23:05:28,117 [WARNING:utdquake.bank.utils] Station GCI.KKFLS.114 not found in station metadata.
2026-05-05 23:05:28,164 [WARNING:utdquake.bank.utils] Station GCI.KKFLS.115 not found in station metadata.
2026-05-05 23:05:28,217 [WARNING:utdquake.bank.utils] Station GCI.KKFLS.115 not found in station metadata.
2026-05-05 23:05:28,263 [WARNING:utdquake.bank.utils] Station GCI.KKFLS.116 not found in station metadata.
2026-05-05 23:05:28,318 [WARNING:utdquake.bank.utils] Station GCI.KKFLS.116 not found in station metadata.
2026-05-05 23:05:28,366 [WARNING:utdquake.bank.utils] Station GCI.KKFLS.117 not found in station metadata.
2026-05-05 23:05:28,420 [WARNING:utdquake.bank.utils] Station GCI.KKFLS.117 not found in station metadata.
2026-05-05 23:05:28,467 [WARNING:utdquake.bank.utils] Station GCI.KKFLS.118 not found in station metadata.
2026-05-05 23:05:28,522 [WARNING:utdquake.bank.utils] Station GCI.KKFLS.119 not found in station metadata.
2026-05-05 23:05:28,569 [WARNING:utdquake.bank.utils] Station GCI.KKFLS.120 not found in station metadata.
2026-05-05 23:05:28,629 [WARNING:utdquake.bank.utils] Station GCI.KKFLS.120 not found in station metadata.
2026-05-05 23:05:28,676 [WARNING:utdquake.bank.utils] Station GCI.KKFLS.121 not found in station metadata.
2026-05-05 23:05:28,775 [WARNING:utdquake.bank.utils] Station GCI.KKFLS.121 not found in station metadata.
2026-05-05 23:05:28,831 [WARNING:utdquake.bank.utils] Station GCI.KKFLS.122 not found in station metadata.
2026-05-05 23:05:28,877 [WARNING:utdquake.bank.utils] Station GCI.KKFLS.122 not found in station metadata.
2026-05-05 23:05:28,933 [WARNING:utdquake.bank.utils] Station GCI.KKFLS.123 not found in station metadata.
2026-05-05 23:05:28,981 [WARNING:utdquake.bank.utils] Station GCI.KKFLS.124 not found in station metadata.
2026-05-05 23:05:29,039 [WARNING:utdquake.bank.utils] Station GCI.KKFLS.124 not found in station metadata.
2026-05-05 23:05:29,084 [WARNING:utdquake.bank.utils] Station GCI.KKFLS.125 not found in station metadata.
2026-05-05 23:05:29,144 [WARNING:utdquake.bank.utils] Station GCI.KKFLS.125 not found in station metadata.
2026-05-05 23:05:29,189 [WARNING:utdquake.bank.utils] Station GCI.KKFLS.126 not found in station metadata.
2026-05-05 23:05:29,258 [WARNING:utdquake.bank.utils] Station GCI.KKFLS.126 not found in station metadata.
2026-05-05 23:05:29,313 [WARNING:utdquake.bank.utils] Station GCI.KKFLS.127 not found in station metadata.
2026-05-05 23:05:29,362 [WARNING:utdquake.bank.utils] Station GCI.KKFLS.127 not found in station metadata.
2026-05-05 23:05:29,417 [WARNING:utdquake.bank.utils] Station GCI.KKFLS.128 not found in station metadata.
2026-05-05 23:05:29,462 [WARNING:utdquake.bank.utils] Station GCI.KKFLS.128 not found in station metadata.
2026-05-05 23:05:29,516 [WARNING:utdquake.bank.utils] Station GCI.KKFLS.129 not found in station metadata.
2026-05-05 23:05:29,562 [WARNING:utdquake.bank.utils] Station GCI.KKFLS.129 not found in station metadata.
2026-05-05 23:05:29,616 [WARNING:utdquake.bank.utils] Station GCI.KKFLS.130 not found in station metadata.
2026-05-05 23:05:29,663 [WARNING:utdquake.bank.utils] Station GCI.KKFLS.130 not found in station metadata.
2026-05-05 23:05:29,717 [WARNING:utdquake.bank.utils] Station GCI.KKFLS.131 not found in station metadata.
2026-05-05 23:05:29,763 [WARNING:utdquake.bank.utils] Station GCI.KKFLS.131 not found in station metadata.
2026-05-05 23:05:29,818 [WARNING:utdquake.bank.utils] Station GCI.KKFLS.132 not found in station metadata.
2026-05-05 23:05:29,871 [WARNING:utdquake.bank.utils] Station GCI.KKFLS.134 not found in station metadata.
2026-05-05 23:05:29,927 [WARNING:utdquake.bank.utils] Station GCI.KKFLS.134 not found in station metadata.
2026-05-05 23:05:29,973 [WARNING:utdquake.bank.utils] Station GCI.KKFLS.137 not found in station metadata.
2026-05-05 23:05:30,045 [WARNING:utdquake.bank.utils] Station GCI.KKFLS.137 not found in station metadata.
2026-05-05 23:05:30,092 [WARNING:utdquake.bank.utils] Station GCI.KKFLS.138 not found in station metadata.
2026-05-05 23:05:30,147 [WARNING:utdquake.bank.utils] Station GCI.KKFLS.138 not found in station metadata.
2026-05-05 23:17:53,415 [INFO:utdquake.bank.utils] Processed origin smi:service.iris.edu/fdsnws/event/1/query?originid=49373719. Ready to update quality metrics.
2026-05-05 23:17:53,417 [INFO:utdquake.bank.utils] Updating quality metrics for origin smi:service.iris.edu/fdsnws/event/1/query?originid=49373719.
2026-05-05 23:17:53,423 [INFO:utdquake.bank.utils] Quality metrics updated for origin smi:service.iris.edu/fdsnws/event/1/query?originid=49373719.
2026-05-05 23:17:53,424 [INFO:utdquake.bank.utils] Updated quality metrics for origin smi:service.iris.edu/fdsnws/event/1/query?originid=49373719.
2026-05-05 23:17:53,424 [INFO:utdquake.bank.utils] Finishing to process 2 events in catalog kKeotga1.
2026-05-05 23:18:07,109 [INFO:utdquake.bank] Saved 2 events of 2 possible in chunk id 0   from 2023-12-17 04:43:30.917000 to 2023-12-18 04:43:30.917000 in /groups/igonin/ecastillo/UTDQuake_test/bank/GCI
2026-05-05 23:18:07,110 [INFO:utdquake.bank] Creating stations summary based on the events in the event bank at /groups/igonin/ecastillo/UTDQuake_test/bank/GCI/.stations
2026-05-05 23:18:07,129 [INFO:utdquake.bank.utils] Found 15000 station databases in /groups/igonin/ecastillo/UTDQuake_test/.utdquake/db/stations/.stations.
2026-05-05 23:26:19,657 [INFO:utdquake.bank] Updating stations summary in the event bank at /groups/igonin/ecastillo/UTDQuake_test/bank/GCI
2026-05-05 23:26:19,873 [INFO:utdquake.bank] Stations summary updated successfully.
2026-05-05 23:26:19,874 [INFO:utdquake.bank.utils] [1/10] Fetching events forward 2023-12-18T04:43:30.917000Z to 2023-12-19T04:43:30.917000Z...
2026-05-05 23:26:24,002 [INFO:utdquake.bank.utils] Restarting patience counter after successful fetch.
2026-05-05 23:26:24,229 [INFO:utdquake.bank] Chunk id: 0   initiated | Time range: 2023-12-18 04:43:30.917000 - 2023-12-19 04:43:30.917000 | Chunk creation time: 2026-05-05 23:26:24.229222
2026-05-05 23:26:24,230 [INFO:utdquake.bank.utils] Starting to process 1 events in catalog 9noQxhyU. (This id is created just for logging purposes)
2026-05-05 23:26:24,230 [INFO:utdquake.bank.utils] Processing event smi:service.iris.edu/fdsnws/event/1/query?eventid=11781123 with origin smi:service.iris.edu/fdsnws/event/1/query?originid=49382620
2026-05-05 23:26:24,237 [WARNING:utdquake.bank.utils] Station GCI.KKFLS.104 not found in station metadata.
2026-05-05 23:26:24,286 [WARNING:utdquake.bank.utils] Station GCI.KKFLS.108 not found in station metadata.
2026-05-05 23:26:24,341 [WARNING:utdquake.bank.utils] Station GCI.KKFLS.109 not found in station metadata.
2026-05-05 23:26:24,386 [WARNING:utdquake.bank.utils] Station GCI.KKFLS.110 not found in station metadata.
2026-05-05 23:26:24,443 [WARNING:utdquake.bank.utils] Station GCI.KKFLS.112 not found in station metadata.
2026-05-05 23:26:24,491 [WARNING:utdquake.bank.utils] Station GCI.KKFLS.113 not found in station metadata.
2026-05-05 23:26:24,547 [WARNING:utdquake.bank.utils] Station GCI.KKFLS.114 not found in station metadata.
2026-05-05 23:26:24,598 [WARNING:utdquake.bank.utils] Station GCI.KKFLS.115 not found in station metadata.
2026-05-05 23:26:24,690 [WARNING:utdquake.bank.utils] Station GCI.KKFLS.116 not found in station metadata.
2026-05-05 23:26:24,746 [WARNING:utdquake.bank.utils] Station GCI.KKFLS.117 not found in station metadata.
2026-05-05 23:26:24,799 [WARNING:utdquake.bank.utils] Station GCI.KKFLS.118 not found in station metadata.
2026-05-05 23:26:24,862 [WARNING:utdquake.bank.utils] Station GCI.KKFLS.121 not found in station metadata.
2026-05-05 23:26:24,917 [WARNING:utdquake.bank.utils] Station GCI.KKFLS.122 not found in station metadata.
2026-05-05 23:26:24,966 [WARNING:utdquake.bank.utils] Station GCI.KKFLS.124 not found in station metadata.
2026-05-05 23:26:25,022 [WARNING:utdquake.bank.utils] Station GCI.KKFLS.125 not found in station metadata.
2026-05-05 23:26:25,103 [WARNING:utdquake.bank.utils] Station GCI.KKFLS.126 not found in station metadata.
2026-05-05 23:26:25,157 [WARNING:utdquake.bank.utils] Station GCI.KKFLS.127 not found in station metadata.
2026-05-05 23:26:25,216 [WARNING:utdquake.bank.utils] Station GCI.KKFLS.128 not found in station metadata.
2026-05-05 23:26:25,264 [WARNING:utdquake.bank.utils] Station GCI.KKFLS.129 not found in station metadata.
2026-05-05 23:26:25,323 [WARNING:utdquake.bank.utils] Station GCI.KKFLS.130 not found in station metadata.
2026-05-05 23:26:25,371 [WARNING:utdquake.bank.utils] Station GCI.KKFLS.131 not found in station metadata.
2026-05-05 23:26:25,423 [WARNING:utdquake.bank.utils] Station GCI.KKFLS.134 not found in station metadata.
2026-05-05 23:26:25,468 [WARNING:utdquake.bank.utils] Station GCI.KKFLS.135 not found in station metadata.
2026-05-05 23:34:37,398 [INFO:utdquake.bank.utils] Processed origin smi:service.iris.edu/fdsnws/event/1/query?originid=49382620. Ready to update quality metrics.
2026-05-05 23:34:37,399 [INFO:utdquake.bank.utils] Updating quality metrics for origin smi:service.iris.edu/fdsnws/event/1/query?originid=49382620.
2026-05-05 23:34:37,404 [INFO:utdquake.bank.utils] Quality metrics updated for origin smi:service.iris.edu/fdsnws/event/1/query?originid=49382620.
2026-05-05 23:34:37,409 [INFO:utdquake.bank.utils] Updated quality metrics for origin smi:service.iris.edu/fdsnws/event/1/query?originid=49382620.
2026-05-05 23:34:37,410 [INFO:utdquake.bank.utils] Finishing to process 1 events in catalog 9noQxhyU.
2026-05-05 23:34:43,318 [INFO:utdquake.bank] Saved 1 events of 1 possible in chunk id 0   from 2023-12-18 04:43:30.917000 to 2023-12-19 04:43:30.917000 in /groups/igonin/ecastillo/UTDQuake_test/bank/GCI
2026-05-05 23:34:43,318 [INFO:utdquake.bank] Creating stations summary based on the events in the event bank at /groups/igonin/ecastillo/UTDQuake_test/bank/GCI/.stations
2026-05-05 23:34:43,338 [INFO:utdquake.bank.utils] Found 15000 station databases in /groups/igonin/ecastillo/UTDQuake_test/.utdquake/db/stations/.stations.
2026-05-05 23:42:57,558 [INFO:utdquake.bank] Updating stations summary in the event bank at /groups/igonin/ecastillo/UTDQuake_test/bank/GCI
2026-05-05 23:42:57,786 [INFO:utdquake.bank] Stations summary updated successfully.
2026-05-05 23:42:57,787 [INFO:utdquake.bank.utils] [1/10] Fetching events forward 2023-12-19T04:43:30.917000Z to 2023-12-20T04:43:30.917000Z...
2026-05-05 23:42:57,821 [INFO:utdquake.bank.utils] Restarting patience counter after successful fetch.
2026-05-05 23:42:57,946 [INFO:utdquake.bank] Chunk id: 0   initiated | Time range: 2023-12-19 04:43:30.917000 - 2023-12-20 04:43:30.917000 | Chunk creation time: 2026-05-05 23:42:57.946924
2026-05-05 23:42:57,948 [INFO:utdquake.bank.utils] Starting to process 0 events in catalog YqwCMhp5. (This id is created just for logging purposes)
2026-05-05 23:42:57,949 [INFO:utdquake.bank.utils] Finishing to process 0 events in catalog YqwCMhp5.
2026-05-05 23:42:58,872 [INFO:utdquake.bank] Saved 0 events of 0 possible in chunk id 0   from 2023-12-19 04:43:30.917000 to 2023-12-20 04:43:30.917000 in /groups/igonin/ecastillo/UTDQuake_test/bank/GCI
2026-05-05 23:42:58,873 [INFO:utdquake.bank] Creating stations summary based on the events in the event bank at /groups/igonin/ecastillo/UTDQuake_test/bank/GCI/.stations
2026-05-05 23:42:58,894 [INFO:utdquake.bank.utils] Found 15000 station databases in /groups/igonin/ecastillo/UTDQuake_test/.utdquake/db/stations/.stations.
2026-05-05 23:51:15,336 [INFO:utdquake.bank] Updating stations summary in the event bank at /groups/igonin/ecastillo/UTDQuake_test/bank/GCI
2026-05-05 23:51:15,529 [INFO:utdquake.bank] Stations summary updated successfully.
2026-05-05 23:51:15,530 [INFO:utdquake.bank.utils] [1/10] Fetching events forward 2023-12-20T04:43:30.917000Z to 2023-12-21T04:43:30.917000Z...
2026-05-05 23:51:27,541 [INFO:utdquake.bank.utils] Restarting patience counter after successful fetch.
2026-05-05 23:51:27,572 [INFO:utdquake.bank] Chunk id: 0   initiated | Time range: 2023-12-20 04:43:30.917000 - 2023-12-21 04:43:30.917000 | Chunk creation time: 2026-05-05 23:51:27.572350
2026-05-05 23:51:27,573 [INFO:utdquake.bank.utils] Starting to process 2 events in catalog kh7qWOim. (This id is created just for logging purposes)
2026-05-05 23:51:27,574 [INFO:utdquake.bank.utils] Processing event smi:service.iris.edu/fdsnws/event/1/query?eventid=11781920 with origin smi:service.iris.edu/fdsnws/event/1/query?originid=49392918
2026-05-05 23:51:27,578 [WARNING:utdquake.bank.utils] Station GCI.KKFLS.100 not found in station metadata.
2026-05-05 23:51:27,645 [WARNING:utdquake.bank.utils] Station GCI.KKFLS.101 not found in station metadata.
2026-05-05 23:51:27,698 [WARNING:utdquake.bank.utils] Station GCI.KKFLS.102 not found in station metadata.
2026-05-05 23:51:27,758 [WARNING:utdquake.bank.utils] Station GCI.KKFLS.103 not found in station metadata.
2026-05-05 23:51:27,821 [WARNING:utdquake.bank.utils] Station GCI.KKFLS.104 not found in station metadata.
2026-05-05 23:51:27,878 [WARNING:utdquake.bank.utils] Station GCI.KKFLS.105 not found in station metadata.
2026-05-05 23:51:27,941 [WARNING:utdquake.bank.utils] Station GCI.KKFLS.106 not found in station metadata.
2026-05-05 23:51:27,998 [WARNING:utdquake.bank.utils] Station GCI.KKFLS.107 not found in station metadata.
2026-05-05 23:51:28,080 [WARNING:utdquake.bank.utils] Station GCI.KKFLS.108 not found in station metadata.
2026-05-05 23:51:28,143 [WARNING:utdquake.bank.utils] Station GCI.KKFLS.109 not found in station metadata.
2026-05-05 23:51:28,192 [WARNING:utdquake.bank.utils] Station GCI.KKFLS.110 not found in station metadata.
2026-05-05 23:51:28,253 [WARNING:utdquake.bank.utils] Station GCI.KKFLS.111 not found in station metadata.
2026-05-05 23:51:28,313 [WARNING:utdquake.bank.utils] Station GCI.KKFLS.112 not found in station metadata.
2026-05-05 23:51:28,362 [WARNING:utdquake.bank.utils] Station GCI.KKFLS.113 not found in station metadata.
2026-05-05 23:51:28,421 [WARNING:utdquake.bank.utils] Station GCI.KKFLS.114 not found in station metadata.
2026-05-05 23:51:28,472 [WARNING:utdquake.bank.utils] Station GCI.KKFLS.115 not found in station metadata.
2026-05-05 23:51:28,542 [WARNING:utdquake.bank.utils] Station GCI.KKFLS.116 not found in station metadata.
2026-05-05 23:51:28,598 [WARNING:utdquake.bank.utils] Station GCI.KKFLS.117 not found in station metadata.
2026-05-05 23:51:28,696 [WARNING:utdquake.bank.utils] Station GCI.KKFLS.118 not found in station metadata.
2026-05-05 23:51:28,756 [WARNING:utdquake.bank.utils] Station GCI.KKFLS.119 not found in station metadata.
2026-05-05 23:51:28,812 [WARNING:utdquake.bank.utils] Station GCI.KKFLS.120 not found in station metadata.
2026-05-05 23:51:28,863 [WARNING:utdquake.bank.utils] Station GCI.KKFLS.121 not found in station metadata.
2026-05-05 23:51:28,921 [WARNING:utdquake.bank.utils] Station GCI.KKFLS.122 not found in station metadata.
2026-05-05 23:51:28,971 [WARNING:utdquake.bank.utils] Station GCI.KKFLS.123 not found in station metadata.
2026-05-05 23:51:29,028 [WARNING:utdquake.bank.utils] Station GCI.KKFLS.124 not found in station metadata.
2026-05-05 23:51:29,080 [WARNING:utdquake.bank.utils] Station GCI.KKFLS.125 not found in station metadata.
2026-05-05 23:51:29,139 [WARNING:utdquake.bank.utils] Station GCI.KKFLS.126 not found in station metadata.
2026-05-05 23:51:29,186 [WARNING:utdquake.bank.utils] Station GCI.KKFLS.127 not found in station metadata.
2026-05-05 23:51:29,267 [WARNING:utdquake.bank.utils] Station GCI.KKFLS.128 not found in station metadata.
2026-05-05 23:51:29,325 [WARNING:utdquake.bank.utils] Station GCI.KKFLS.129 not found in station metadata.
2026-05-05 23:51:29,375 [WARNING:utdquake.bank.utils] Station GCI.KKFLS.130 not found in station metadata.
2026-05-05 23:51:29,433 [WARNING:utdquake.bank.utils] Station GCI.KKFLS.131 not found in station metadata.
2026-05-05 23:51:29,484 [WARNING:utdquake.bank.utils] Station GCI.KKFLS.132 not found in station metadata.
2026-05-05 23:51:29,546 [WARNING:utdquake.bank.utils] Station GCI.KKFLS.133 not found in station metadata.
2026-05-05 23:51:29,617 [WARNING:utdquake.bank.utils] Station GCI.KKFLS.134 not found in station metadata.
2026-05-05 23:51:29,667 [WARNING:utdquake.bank.utils] Station GCI.KKFLS.135 not found in station metadata.
2026-05-05 23:51:29,727 [WARNING:utdquake.bank.utils] Station GCI.KKFLS.136 not found in station metadata.
2026-05-05 23:51:29,782 [WARNING:utdquake.bank.utils] Station GCI.KKFLS.137 not found in station metadata.
2026-05-05 23:51:29,871 [WARNING:utdquake.bank.utils] Station GCI.KKFLS.138 not found in station metadata.
2026-05-06 00:04:09,195 [INFO:utdquake.bank.utils] Processed origin smi:service.iris.edu/fdsnws/event/1/query?originid=49392918. Ready to update quality metrics.
2026-05-06 00:04:09,197 [INFO:utdquake.bank.utils] Updating quality metrics for origin smi:service.iris.edu/fdsnws/event/1/query?originid=49392918.
2026-05-06 00:04:09,202 [INFO:utdquake.bank.utils] Quality metrics updated for origin smi:service.iris.edu/fdsnws/event/1/query?originid=49392918.
2026-05-06 00:04:09,208 [INFO:utdquake.bank.utils] Updated quality metrics for origin smi:service.iris.edu/fdsnws/event/1/query?originid=49392918.
2026-05-06 00:04:09,210 [INFO:utdquake.bank.utils] Processing event smi:service.iris.edu/fdsnws/event/1/query?eventid=11781801 with origin smi:service.iris.edu/fdsnws/event/1/query?originid=49392019
2026-05-06 00:04:09,214 [WARNING:utdquake.bank.utils] Station GCI.KKFLS.108 not found in station metadata.
2026-05-06 00:04:09,263 [WARNING:utdquake.bank.utils] Station GCI.KKFLS.109 not found in station metadata.
2026-05-06 00:04:09,321 [WARNING:utdquake.bank.utils] Station GCI.KKFLS.110 not found in station metadata.
2026-05-06 00:04:09,370 [WARNING:utdquake.bank.utils] Station GCI.KKFLS.111 not found in station metadata.
2026-05-06 00:04:09,478 [WARNING:utdquake.bank.utils] Station GCI.KKFLS.111 not found in station metadata.
2026-05-06 00:04:09,533 [WARNING:utdquake.bank.utils] Station GCI.KKFLS.112 not found in station metadata.
2026-05-06 00:04:09,582 [WARNING:utdquake.bank.utils] Station GCI.KKFLS.112 not found in station metadata.
2026-05-06 00:04:09,642 [WARNING:utdquake.bank.utils] Station GCI.KKFLS.113 not found in station metadata.
2026-05-06 00:04:09,692 [WARNING:utdquake.bank.utils] Station GCI.KKFLS.113 not found in station metadata.
2026-05-06 00:04:09,751 [WARNING:utdquake.bank.utils] Station GCI.KKFLS.114 not found in station metadata.
2026-05-06 00:04:09,801 [WARNING:utdquake.bank.utils] Station GCI.KKFLS.114 not found in station metadata.
2026-05-06 00:04:09,857 [WARNING:utdquake.bank.utils] Station GCI.KKFLS.115 not found in station metadata.
2026-05-06 00:04:09,916 [WARNING:utdquake.bank.utils] Station GCI.KKFLS.115 not found in station metadata.
2026-05-06 00:04:09,967 [WARNING:utdquake.bank.utils] Station GCI.KKFLS.116 not found in station metadata.
2026-05-06 00:04:10,023 [WARNING:utdquake.bank.utils] Station GCI.KKFLS.116 not found in station metadata.
2026-05-06 00:04:10,073 [WARNING:utdquake.bank.utils] Station GCI.KKFLS.117 not found in station metadata.
2026-05-06 00:04:10,130 [WARNING:utdquake.bank.utils] Station GCI.KKFLS.117 not found in station metadata.
2026-05-06 00:04:10,178 [WARNING:utdquake.bank.utils] Station GCI.KKFLS.118 not found in station metadata.
2026-05-06 00:04:10,238 [WARNING:utdquake.bank.utils] Station GCI.KKFLS.118 not found in station metadata.
2026-05-06 00:04:10,290 [WARNING:utdquake.bank.utils] Station GCI.KKFLS.119 not found in station metadata.
2026-05-06 00:04:10,346 [WARNING:utdquake.bank.utils] Station GCI.KKFLS.119 not found in station metadata.
2026-05-06 00:04:10,396 [WARNING:utdquake.bank.utils] Station GCI.KKFLS.120 not found in station metadata.
2026-05-06 00:04:10,451 [WARNING:utdquake.bank.utils] Station GCI.KKFLS.120 not found in station metadata.
2026-05-06 00:04:10,497 [WARNING:utdquake.bank.utils] Station GCI.KKFLS.121 not found in station metadata.
2026-05-06 00:04:10,554 [WARNING:utdquake.bank.utils] Station GCI.KKFLS.122 not found in station metadata.
2026-05-06 00:04:10,614 [WARNING:utdquake.bank.utils] Station GCI.KKFLS.123 not found in station metadata.
2026-05-06 00:04:10,715 [WARNING:utdquake.bank.utils] Station GCI.KKFLS.124 not found in station metadata.
2026-05-06 00:04:10,762 [WARNING:utdquake.bank.utils] Station GCI.KKFLS.125 not found in station metadata.
2026-05-06 00:04:10,818 [WARNING:utdquake.bank.utils] Station GCI.KKFLS.126 not found in station metadata.
2026-05-06 00:04:10,862 [WARNING:utdquake.bank.utils] Station GCI.KKFLS.126 not found in station metadata.
2026-05-06 00:04:10,917 [WARNING:utdquake.bank.utils] Station GCI.KKFLS.127 not found in station metadata.
2026-05-06 00:04:10,967 [WARNING:utdquake.bank.utils] Station GCI.KKFLS.127 not found in station metadata.
2026-05-06 00:04:11,025 [WARNING:utdquake.bank.utils] Station GCI.KKFLS.128 not found in station metadata.
2026-05-06 00:04:11,091 [WARNING:utdquake.bank.utils] Station GCI.KKFLS.128 not found in station metadata.
2026-05-06 00:04:11,147 [WARNING:utdquake.bank.utils] Station GCI.KKFLS.129 not found in station metadata.
2026-05-06 00:04:11,200 [WARNING:utdquake.bank.utils] Station GCI.KKFLS.129 not found in station metadata.
2026-05-06 00:04:11,257 [WARNING:utdquake.bank.utils] Station GCI.KKFLS.130 not found in station metadata.
2026-05-06 00:04:11,316 [WARNING:utdquake.bank.utils] Station GCI.KKFLS.130 not found in station metadata.
2026-05-06 00:04:11,363 [WARNING:utdquake.bank.utils] Station GCI.KKFLS.131 not found in station metadata.
2026-05-06 00:04:11,417 [WARNING:utdquake.bank.utils] Station GCI.KKFLS.131 not found in station metadata.
2026-05-06 00:04:11,466 [WARNING:utdquake.bank.utils] Station GCI.KKFLS.132 not found in station metadata.
2026-05-06 00:04:11,522 [WARNING:utdquake.bank.utils] Station GCI.KKFLS.133 not found in station metadata.
2026-05-06 00:04:11,570 [WARNING:utdquake.bank.utils] Station GCI.KKFLS.133 not found in station metadata.
2026-05-06 00:04:11,629 [WARNING:utdquake.bank.utils] Station GCI.KKFLS.134 not found in station metadata.
2026-05-06 00:04:11,677 [WARNING:utdquake.bank.utils] Station GCI.KKFLS.134 not found in station metadata.
2026-05-06 00:04:11,732 [WARNING:utdquake.bank.utils] Station GCI.KKFLS.137 not found in station metadata.
2026-05-06 00:04:11,781 [WARNING:utdquake.bank.utils] Station GCI.KKFLS.138 not found in station metadata.
2026-05-06 00:04:11,838 [WARNING:utdquake.bank.utils] Station GCI.KKFLS.138 not found in station metadata.
2026-05-06 00:18:37,037 [INFO:utdquake.bank.utils] Processed origin smi:service.iris.edu/fdsnws/event/1/query?originid=49392019. Ready to update quality metrics.
2026-05-06 00:18:37,038 [INFO:utdquake.bank.utils] Updating quality metrics for origin smi:service.iris.edu/fdsnws/event/1/query?originid=49392019.
2026-05-06 00:18:37,044 [INFO:utdquake.bank.utils] Quality metrics updated for origin smi:service.iris.edu/fdsnws/event/1/query?originid=49392019.
2026-05-06 00:18:37,045 [INFO:utdquake.bank.utils] Updated quality metrics for origin smi:service.iris.edu/fdsnws/event/1/query?originid=49392019.
2026-05-06 00:18:37,045 [INFO:utdquake.bank.utils] Finishing to process 2 events in catalog kh7qWOim.
2026-05-06 00:18:53,427 [INFO:utdquake.bank] Saved 2 events of 2 possible in chunk id 0   from 2023-12-20 04:43:30.917000 to 2023-12-21 04:43:30.917000 in /groups/igonin/ecastillo/UTDQuake_test/bank/GCI
2026-05-06 00:18:53,428 [INFO:utdquake.bank] Creating stations summary based on the events in the event bank at /groups/igonin/ecastillo/UTDQuake_test/bank/GCI/.stations
2026-05-06 00:18:53,447 [INFO:utdquake.bank.utils] Found 15000 station databases in /groups/igonin/ecastillo/UTDQuake_test/.utdquake/db/stations/.stations.
2026-05-06 00:26:59,737 [INFO:utdquake.bank] Updating stations summary in the event bank at /groups/igonin/ecastillo/UTDQuake_test/bank/GCI
2026-05-06 00:27:00,054 [INFO:utdquake.bank] Stations summary updated successfully.
2026-05-06 00:27:00,055 [INFO:utdquake.bank.utils] [1/10] Fetching events forward 2023-12-21T04:43:30.917000Z to 2023-12-22T04:43:30.917000Z...
2026-05-06 00:27:25,344 [INFO:utdquake.bank.utils] Restarting patience counter after successful fetch.
2026-05-06 00:27:25,608 [INFO:utdquake.bank] Chunk id: 0   initiated | Time range: 2023-12-21 04:43:30.917000 - 2023-12-22 04:43:30.917000 | Chunk creation time: 2026-05-06 00:27:25.608895
2026-05-06 00:27:25,610 [INFO:utdquake.bank.utils] Starting to process 3 events in catalog uiIQf8Az. (This id is created just for logging purposes)
2026-05-06 00:27:25,610 [INFO:utdquake.bank.utils] Processing event smi:service.iris.edu/fdsnws/event/1/query?eventid=11782271 with origin smi:service.iris.edu/fdsnws/event/1/query?originid=49399169
2026-05-06 00:27:25,616 [WARNING:utdquake.bank.utils] Station GCI.KKFLS.100 not found in station metadata.
2026-05-06 00:27:25,668 [WARNING:utdquake.bank.utils] Station GCI.KKFLS.106 not found in station metadata.
2026-05-06 00:27:25,721 [WARNING:utdquake.bank.utils] Station GCI.KKFLS.107 not found in station metadata.
2026-05-06 00:27:25,768 [WARNING:utdquake.bank.utils] Station GCI.KKFLS.108 not found in station metadata.
2026-05-06 00:27:25,823 [WARNING:utdquake.bank.utils] Station GCI.KKFLS.109 not found in station metadata.
2026-05-06 00:27:25,871 [WARNING:utdquake.bank.utils] Station GCI.KKFLS.110 not found in station metadata.
2026-05-06 00:27:25,923 [WARNING:utdquake.bank.utils] Station GCI.KKFLS.111 not found in station metadata.
2026-05-06 00:27:25,970 [WARNING:utdquake.bank.utils] Station GCI.KKFLS.112 not found in station metadata.
2026-05-06 00:27:26,023 [WARNING:utdquake.bank.utils] Station GCI.KKFLS.113 not found in station metadata.
2026-05-06 00:27:26,073 [WARNING:utdquake.bank.utils] Station GCI.KKFLS.114 not found in station metadata.
2026-05-06 00:27:26,126 [WARNING:utdquake.bank.utils] Station GCI.KKFLS.115 not found in station metadata.
2026-05-06 00:27:26,171 [WARNING:utdquake.bank.utils] Station GCI.KKFLS.116 not found in station metadata.
2026-05-06 00:27:26,228 [WARNING:utdquake.bank.utils] Station GCI.KKFLS.117 not found in station metadata.
2026-05-06 00:27:26,275 [WARNING:utdquake.bank.utils] Station GCI.KKFLS.118 not found in station metadata.
2026-05-06 00:27:26,333 [WARNING:utdquake.bank.utils] Station GCI.KKFLS.119 not found in station metadata.
2026-05-06 00:27:26,419 [WARNING:utdquake.bank.utils] Station GCI.KKFLS.120 not found in station metadata.
2026-05-06 00:27:26,466 [WARNING:utdquake.bank.utils] Station GCI.KKFLS.121 not found in station metadata.
2026-05-06 00:27:26,522 [WARNING:utdquake.bank.utils] Station GCI.KKFLS.122 not found in station metadata.
2026-05-06 00:27:26,570 [WARNING:utdquake.bank.utils] Station GCI.KKFLS.123 not found in station metadata.
2026-05-06 00:27:26,636 [WARNING:utdquake.bank.utils] Station GCI.KKFLS.124 not found in station metadata.
2026-05-06 00:27:26,687 [WARNING:utdquake.bank.utils] Station GCI.KKFLS.125 not found in station metadata.
2026-05-06 00:27:26,747 [WARNING:utdquake.bank.utils] Station GCI.KKFLS.126 not found in station metadata.
2026-05-06 00:27:26,798 [WARNING:utdquake.bank.utils] Station GCI.KKFLS.127 not found in station metadata.
2026-05-06 00:27:26,857 [WARNING:utdquake.bank.utils] Station GCI.KKFLS.128 not found in station metadata.
2026-05-06 00:27:26,915 [WARNING:utdquake.bank.utils] Station GCI.KKFLS.129 not found in station metadata.
2026-05-06 00:27:26,963 [WARNING:utdquake.bank.utils] Station GCI.KKFLS.130 not found in station metadata.
2026-05-06 00:27:27,019 [WARNING:utdquake.bank.utils] Station GCI.KKFLS.131 not found in station metadata.
2026-05-06 00:27:27,067 [WARNING:utdquake.bank.utils] Station GCI.KKFLS.132 not found in station metadata.
2026-05-06 00:27:27,123 [WARNING:utdquake.bank.utils] Station GCI.KKFLS.133 not found in station metadata.
2026-05-06 00:27:27,173 [WARNING:utdquake.bank.utils] Station GCI.KKFLS.134 not found in station metadata.
2026-05-06 00:27:27,227 [WARNING:utdquake.bank.utils] Station GCI.KKFLS.137 not found in station metadata.
2026-05-06 00:27:27,271 [WARNING:utdquake.bank.utils] Station GCI.KKFLS.138 not found in station metadata.
2026-05-06 00:36:11,250 [INFO:utdquake.bank.utils] Processed origin smi:service.iris.edu/fdsnws/event/1/query?originid=49399169. Ready to update quality metrics.
2026-05-06 00:36:11,252 [INFO:utdquake.bank.utils] Updating quality metrics for origin smi:service.iris.edu/fdsnws/event/1/query?originid=49399169.
2026-05-06 00:36:11,257 [INFO:utdquake.bank.utils] Quality metrics updated for origin smi:service.iris.edu/fdsnws/event/1/query?originid=49399169.
2026-05-06 00:36:11,258 [INFO:utdquake.bank.utils] Updated quality metrics for origin smi:service.iris.edu/fdsnws/event/1/query?originid=49399169.
2026-05-06 00:36:11,258 [INFO:utdquake.bank.utils] Processing event smi:service.iris.edu/fdsnws/event/1/query?eventid=11782215 with origin smi:service.iris.edu/fdsnws/event/1/query?originid=49398168
2026-05-06 00:36:11,263 [WARNING:utdquake.bank.utils] Station GCI.KKFLS.100 not found in station metadata.
2026-05-06 00:36:11,317 [WARNING:utdquake.bank.utils] Station GCI.KKFLS.102 not found in station metadata.
2026-05-06 00:36:11,366 [WARNING:utdquake.bank.utils] Station GCI.KKFLS.103 not found in station metadata.
2026-05-06 00:36:11,424 [WARNING:utdquake.bank.utils] Station GCI.KKFLS.104 not found in station metadata.
2026-05-06 00:36:11,473 [WARNING:utdquake.bank.utils] Station GCI.KKFLS.105 not found in station metadata.
2026-05-06 00:36:11,528 [WARNING:utdquake.bank.utils] Station GCI.KKFLS.106 not found in station metadata.
2026-05-06 00:36:11,575 [WARNING:utdquake.bank.utils] Station GCI.KKFLS.107 not found in station metadata.
2026-05-06 00:36:11,630 [WARNING:utdquake.bank.utils] Station GCI.KKFLS.108 not found in station metadata.
2026-05-06 00:36:11,678 [WARNING:utdquake.bank.utils] Station GCI.KKFLS.109 not found in station metadata.
2026-05-06 00:36:11,736 [WARNING:utdquake.bank.utils] Station GCI.KKFLS.109 not found in station metadata.
2026-05-06 00:36:11,834 [WARNING:utdquake.bank.utils] Station GCI.KKFLS.110 not found in station metadata.
2026-05-06 00:36:11,882 [WARNING:utdquake.bank.utils] Station GCI.KKFLS.110 not found in station metadata.
2026-05-06 00:36:11,939 [WARNING:utdquake.bank.utils] Station GCI.KKFLS.111 not found in station metadata.
2026-05-06 00:36:11,987 [WARNING:utdquake.bank.utils] Station GCI.KKFLS.111 not found in station metadata.
2026-05-06 00:36:12,045 [WARNING:utdquake.bank.utils] Station GCI.KKFLS.112 not found in station metadata.
2026-05-06 00:36:12,092 [WARNING:utdquake.bank.utils] Station GCI.KKFLS.112 not found in station metadata.
2026-05-06 00:36:12,145 [WARNING:utdquake.bank.utils] Station GCI.KKFLS.113 not found in station metadata.
2026-05-06 00:36:12,192 [WARNING:utdquake.bank.utils] Station GCI.KKFLS.113 not found in station metadata.
2026-05-06 00:36:12,246 [WARNING:utdquake.bank.utils] Station GCI.KKFLS.114 not found in station metadata.
2026-05-06 00:36:12,292 [WARNING:utdquake.bank.utils] Station GCI.KKFLS.114 not found in station metadata.
2026-05-06 00:36:12,347 [WARNING:utdquake.bank.utils] Station GCI.KKFLS.115 not found in station metadata.
2026-05-06 00:36:12,392 [WARNING:utdquake.bank.utils] Station GCI.KKFLS.115 not found in station metadata.
2026-05-06 00:36:12,447 [WARNING:utdquake.bank.utils] Station GCI.KKFLS.116 not found in station metadata.
2026-05-06 00:36:12,495 [WARNING:utdquake.bank.utils] Station GCI.KKFLS.116 not found in station metadata.
2026-05-06 00:36:12,551 [WARNING:utdquake.bank.utils] Station GCI.KKFLS.117 not found in station metadata.
2026-05-06 00:36:12,597 [WARNING:utdquake.bank.utils] Station GCI.KKFLS.117 not found in station metadata.
2026-05-06 00:36:12,654 [WARNING:utdquake.bank.utils] Station GCI.KKFLS.118 not found in station metadata.
2026-05-06 00:36:12,698 [WARNING:utdquake.bank.utils] Station GCI.KKFLS.118 not found in station metadata.
2026-05-06 00:36:12,756 [WARNING:utdquake.bank.utils] Station GCI.KKFLS.119 not found in station metadata.
2026-05-06 00:36:12,814 [WARNING:utdquake.bank.utils] Station GCI.KKFLS.119 not found in station metadata.
2026-05-06 00:36:12,885 [WARNING:utdquake.bank.utils] Station GCI.KKFLS.120 not found in station metadata.
2026-05-06 00:36:12,943 [WARNING:utdquake.bank.utils] Station GCI.KKFLS.120 not found in station metadata.
2026-05-06 00:36:13,044 [WARNING:utdquake.bank.utils] Station GCI.KKFLS.121 not found in station metadata.
2026-05-06 00:36:13,088 [WARNING:utdquake.bank.utils] Station GCI.KKFLS.121 not found in station metadata.
2026-05-06 00:36:13,143 [WARNING:utdquake.bank.utils] Station GCI.KKFLS.122 not found in station metadata.
2026-05-06 00:36:13,192 [WARNING:utdquake.bank.utils] Station GCI.KKFLS.122 not found in station metadata.
2026-05-06 00:36:13,247 [WARNING:utdquake.bank.utils] Station GCI.KKFLS.123 not found in station metadata.
2026-05-06 00:36:13,295 [WARNING:utdquake.bank.utils] Station GCI.KKFLS.123 not found in station metadata.
2026-05-06 00:36:13,353 [WARNING:utdquake.bank.utils] Station GCI.KKFLS.124 not found in station metadata.
2026-05-06 00:36:13,397 [WARNING:utdquake.bank.utils] Station GCI.KKFLS.124 not found in station metadata.
2026-05-06 00:36:13,453 [WARNING:utdquake.bank.utils] Station GCI.KKFLS.125 not found in station metadata.
2026-05-06 00:36:13,500 [WARNING:utdquake.bank.utils] Station GCI.KKFLS.125 not found in station metadata.
2026-05-06 00:36:13,556 [WARNING:utdquake.bank.utils] Station GCI.KKFLS.126 not found in station metadata.
2026-05-06 00:36:13,602 [WARNING:utdquake.bank.utils] Station GCI.KKFLS.126 not found in station metadata.
2026-05-06 00:36:13,653 [WARNING:utdquake.bank.utils] Station GCI.KKFLS.127 not found in station metadata.
2026-05-06 00:36:13,697 [WARNING:utdquake.bank.utils] Station GCI.KKFLS.127 not found in station metadata.
2026-05-06 00:36:13,753 [WARNING:utdquake.bank.utils] Station GCI.KKFLS.128 not found in station metadata.
2026-05-06 00:36:13,798 [WARNING:utdquake.bank.utils] Station GCI.KKFLS.128 not found in station metadata.
2026-05-06 00:36:13,853 [WARNING:utdquake.bank.utils] Station GCI.KKFLS.129 not found in station metadata.
2026-05-06 00:36:13,900 [WARNING:utdquake.bank.utils] Station GCI.KKFLS.129 not found in station metadata.
2026-05-06 00:36:13,955 [WARNING:utdquake.bank.utils] Station GCI.KKFLS.130 not found in station metadata.
2026-05-06 00:36:13,998 [WARNING:utdquake.bank.utils] Station GCI.KKFLS.130 not found in station metadata.
2026-05-06 00:36:14,053 [WARNING:utdquake.bank.utils] Station GCI.KKFLS.131 not found in station metadata.
2026-05-06 00:36:14,100 [WARNING:utdquake.bank.utils] Station GCI.KKFLS.131 not found in station metadata.
2026-05-06 00:36:14,156 [WARNING:utdquake.bank.utils] Station GCI.KKFLS.132 not found in station metadata.
2026-05-06 00:36:14,201 [WARNING:utdquake.bank.utils] Station GCI.KKFLS.134 not found in station metadata.
2026-05-06 00:36:14,257 [WARNING:utdquake.bank.utils] Station GCI.KKFLS.136 not found in station metadata.
2026-05-06 00:36:14,316 [WARNING:utdquake.bank.utils] Station GCI.KKFLS.138 not found in station metadata.
2026-05-06 00:36:14,363 [WARNING:utdquake.bank.utils] Station GCI.KKFLS.138 not found in station metadata.
2026-05-06 00:54:37,495 [INFO:utdquake.bank.utils] Processed origin smi:service.iris.edu/fdsnws/event/1/query?originid=49398168. Ready to update quality metrics.
2026-05-06 00:54:37,497 [INFO:utdquake.bank.utils] Updating quality metrics for origin smi:service.iris.edu/fdsnws/event/1/query?originid=49398168.
2026-05-06 00:54:37,504 [INFO:utdquake.bank.utils] Quality metrics updated for origin smi:service.iris.edu/fdsnws/event/1/query?originid=49398168.
2026-05-06 00:54:37,508 [INFO:utdquake.bank.utils] Updated quality metrics for origin smi:service.iris.edu/fdsnws/event/1/query?originid=49398168.
2026-05-06 00:54:37,510 [INFO:utdquake.bank.utils] Processing event smi:service.iris.edu/fdsnws/event/1/query?eventid=11782316 with origin smi:service.iris.edu/fdsnws/event/1/query?originid=49399869
2026-05-06 00:54:37,515 [WARNING:utdquake.bank.utils] Station GCI.KKFLS.100 not found in station metadata.
2026-05-06 00:54:37,571 [WARNING:utdquake.bank.utils] Station GCI.KKFLS.100 not found in station metadata.
2026-05-06 00:54:37,628 [WARNING:utdquake.bank.utils] Station GCI.KKFLS.101 not found in station metadata.
2026-05-06 00:54:37,678 [WARNING:utdquake.bank.utils] Station GCI.KKFLS.101 not found in station metadata.
2026-05-06 00:54:37,736 [WARNING:utdquake.bank.utils] Station GCI.KKFLS.102 not found in station metadata.
2026-05-06 00:54:37,788 [WARNING:utdquake.bank.utils] Station GCI.KKFLS.102 not found in station metadata.
2026-05-06 00:54:37,843 [WARNING:utdquake.bank.utils] Station GCI.KKFLS.103 not found in station metadata.
2026-05-06 00:54:37,893 [WARNING:utdquake.bank.utils] Station GCI.KKFLS.104 not found in station metadata.
2026-05-06 00:54:37,994 [WARNING:utdquake.bank.utils] Station GCI.KKFLS.104 not found in station metadata.
2026-05-06 00:54:38,050 [WARNING:utdquake.bank.utils] Station GCI.KKFLS.105 not found in station metadata.
2026-05-06 00:54:38,102 [WARNING:utdquake.bank.utils] Station GCI.KKFLS.105 not found in station metadata.
2026-05-06 00:54:38,156 [WARNING:utdquake.bank.utils] Station GCI.KKFLS.106 not found in station metadata.
2026-05-06 00:54:38,216 [WARNING:utdquake.bank.utils] Station GCI.KKFLS.107 not found in station metadata.
2026-05-06 00:54:38,266 [WARNING:utdquake.bank.utils] Station GCI.KKFLS.107 not found in station metadata.
2026-05-06 00:54:38,318 [WARNING:utdquake.bank.utils] Station GCI.KKFLS.108 not found in station metadata.
2026-05-06 00:54:38,367 [WARNING:utdquake.bank.utils] Station GCI.KKFLS.108 not found in station metadata.
2026-05-06 00:54:38,422 [WARNING:utdquake.bank.utils] Station GCI.KKFLS.109 not found in station metadata.
2026-05-06 00:54:38,471 [WARNING:utdquake.bank.utils] Station GCI.KKFLS.109 not found in station metadata.
2026-05-06 00:54:38,526 [WARNING:utdquake.bank.utils] Station GCI.KKFLS.110 not found in station metadata.
2026-05-06 00:54:38,573 [WARNING:utdquake.bank.utils] Station GCI.KKFLS.110 not found in station metadata.
2026-05-06 00:54:38,628 [WARNING:utdquake.bank.utils] Station GCI.KKFLS.111 not found in station metadata.
2026-05-06 00:54:38,678 [WARNING:utdquake.bank.utils] Station GCI.KKFLS.111 not found in station metadata.
2026-05-06 00:54:38,734 [WARNING:utdquake.bank.utils] Station GCI.KKFLS.112 not found in station metadata.
2026-05-06 00:54:38,801 [WARNING:utdquake.bank.utils] Station GCI.KKFLS.112 not found in station metadata.
2026-05-06 00:54:38,855 [WARNING:utdquake.bank.utils] Station GCI.KKFLS.113 not found in station metadata.
2026-05-06 00:54:38,903 [WARNING:utdquake.bank.utils] Station GCI.KKFLS.113 not found in station metadata.
2026-05-06 00:54:38,953 [WARNING:utdquake.bank.utils] Station GCI.KKFLS.114 not found in station metadata.
2026-05-06 00:54:39,002 [WARNING:utdquake.bank.utils] Station GCI.KKFLS.114 not found in station metadata.
2026-05-06 00:54:39,057 [WARNING:utdquake.bank.utils] Station GCI.KKFLS.115 not found in station metadata.
2026-05-06 00:54:39,114 [WARNING:utdquake.bank.utils] Station GCI.KKFLS.115 not found in station metadata.
2026-05-06 00:54:39,164 [WARNING:utdquake.bank.utils] Station GCI.KKFLS.116 not found in station metadata.
2026-05-06 00:54:39,231 [WARNING:utdquake.bank.utils] Station GCI.KKFLS.116 not found in station metadata.
2026-05-06 00:54:39,286 [WARNING:utdquake.bank.utils] Station GCI.KKFLS.117 not found in station metadata.
2026-05-06 00:54:39,348 [WARNING:utdquake.bank.utils] Station GCI.KKFLS.117 not found in station metadata.
2026-05-06 00:54:39,422 [WARNING:utdquake.bank.utils] Station GCI.KKFLS.118 not found in station metadata.
2026-05-06 00:54:39,471 [WARNING:utdquake.bank.utils] Station GCI.KKFLS.118 not found in station metadata.
2026-05-06 00:54:39,526 [WARNING:utdquake.bank.utils] Station GCI.KKFLS.119 not found in station metadata.
2026-05-06 00:54:39,577 [WARNING:utdquake.bank.utils] Station GCI.KKFLS.119 not found in station metadata.
2026-05-06 00:54:39,633 [WARNING:utdquake.bank.utils] Station GCI.KKFLS.120 not found in station metadata.
2026-05-06 00:54:39,684 [WARNING:utdquake.bank.utils] Station GCI.KKFLS.120 not found in station metadata.
2026-05-06 00:54:39,741 [WARNING:utdquake.bank.utils] Station GCI.KKFLS.121 not found in station metadata.
2026-05-06 00:54:39,787 [WARNING:utdquake.bank.utils] Station GCI.KKFLS.121 not found in station metadata.
2026-05-06 00:54:39,842 [WARNING:utdquake.bank.utils] Station GCI.KKFLS.122 not found in station metadata.
2026-05-06 00:54:39,894 [WARNING:utdquake.bank.utils] Station GCI.KKFLS.122 not found in station metadata.
2026-05-06 00:54:39,952 [WARNING:utdquake.bank.utils] Station GCI.KKFLS.123 not found in station metadata.
2026-05-06 00:54:40,003 [WARNING:utdquake.bank.utils] Station GCI.KKFLS.123 not found in station metadata.
2026-05-06 00:54:40,061 [WARNING:utdquake.bank.utils] Station GCI.KKFLS.124 not found in station metadata.
2026-05-06 00:54:40,121 [WARNING:utdquake.bank.utils] Station GCI.KKFLS.124 not found in station metadata.
2026-05-06 00:54:40,169 [WARNING:utdquake.bank.utils] Station GCI.KKFLS.125 not found in station metadata.
2026-05-06 00:54:40,228 [WARNING:utdquake.bank.utils] Station GCI.KKFLS.125 not found in station metadata.
2026-05-06 00:54:40,275 [WARNING:utdquake.bank.utils] Station GCI.KKFLS.126 not found in station metadata.
2026-05-06 00:54:40,337 [WARNING:utdquake.bank.utils] Station GCI.KKFLS.127 not found in station metadata.
2026-05-06 00:54:40,388 [WARNING:utdquake.bank.utils] Station GCI.KKFLS.128 not found in station metadata.
2026-05-06 00:54:40,447 [WARNING:utdquake.bank.utils] Station GCI.KKFLS.129 not found in station metadata.
2026-05-06 00:54:40,502 [WARNING:utdquake.bank.utils] Station GCI.KKFLS.130 not found in station metadata.
2026-05-06 00:54:40,562 [WARNING:utdquake.bank.utils] Station GCI.KKFLS.130 not found in station metadata.
2026-05-06 00:54:40,618 [WARNING:utdquake.bank.utils] Station GCI.KKFLS.131 not found in station metadata.
2026-05-06 00:54:40,779 [WARNING:utdquake.bank.utils] Station GCI.KKFLS.131 not found in station metadata.
2026-05-06 00:54:40,837 [WARNING:utdquake.bank.utils] Station GCI.KKFLS.132 not found in station metadata.
2026-05-06 00:54:40,889 [WARNING:utdquake.bank.utils] Station GCI.KKFLS.133 not found in station metadata.
2026-05-06 00:54:40,947 [WARNING:utdquake.bank.utils] Station GCI.KKFLS.133 not found in station metadata.
2026-05-06 00:54:40,996 [WARNING:utdquake.bank.utils] Station GCI.KKFLS.134 not found in station metadata.
2026-05-06 00:54:41,058 [WARNING:utdquake.bank.utils] Station GCI.KKFLS.134 not found in station metadata.
2026-05-06 00:54:41,104 [WARNING:utdquake.bank.utils] Station GCI.KKFLS.135 not found in station metadata.
2026-05-06 00:54:41,158 [WARNING:utdquake.bank.utils] Station GCI.KKFLS.135 not found in station metadata.
2026-05-06 00:54:41,204 [WARNING:utdquake.bank.utils] Station GCI.KKFLS.136 not found in station metadata.
2026-05-06 00:54:41,257 [WARNING:utdquake.bank.utils] Station GCI.KKFLS.136 not found in station metadata.
2026-05-06 00:54:41,316 [WARNING:utdquake.bank.utils] Station GCI.KKFLS.137 not found in station metadata.
2026-05-06 00:54:41,368 [WARNING:utdquake.bank.utils] Station GCI.KKFLS.138 not found in station metadata.
2026-05-06 00:54:41,427 [WARNING:utdquake.bank.utils] Station GCI.KKFLS.138 not found in station metadata.
2026-05-06 01:19:19,881 [INFO:utdquake.bank.utils] Processed origin smi:service.iris.edu/fdsnws/event/1/query?originid=49399869. Ready to update quality metrics.
2026-05-06 01:19:19,883 [INFO:utdquake.bank.utils] Updating quality metrics for origin smi:service.iris.edu/fdsnws/event/1/query?originid=49399869.
2026-05-06 01:19:19,893 [INFO:utdquake.bank.utils] Quality metrics updated for origin smi:service.iris.edu/fdsnws/event/1/query?originid=49399869.
2026-05-06 01:19:19,894 [INFO:utdquake.bank.utils] Updated quality metrics for origin smi:service.iris.edu/fdsnws/event/1/query?originid=49399869.
2026-05-06 01:19:19,895 [INFO:utdquake.bank.utils] Finishing to process 3 events in catalog uiIQf8Az.
2026-05-06 01:19:52,524 [INFO:utdquake.bank] Saved 3 events of 3 possible in chunk id 0   from 2023-12-21 04:43:30.917000 to 2023-12-22 04:43:30.917000 in /groups/igonin/ecastillo/UTDQuake_test/bank/GCI
2026-05-06 01:19:52,528 [INFO:utdquake.bank] Creating stations summary based on the events in the event bank at /groups/igonin/ecastillo/UTDQuake_test/bank/GCI/.stations
2026-05-06 01:19:52,547 [INFO:utdquake.bank.utils] Found 15000 station databases in /groups/igonin/ecastillo/UTDQuake_test/.utdquake/db/stations/.stations.
2026-05-06 01:28:10,068 [INFO:utdquake.bank] Updating stations summary in the event bank at /groups/igonin/ecastillo/UTDQuake_test/bank/GCI
2026-05-06 01:28:10,367 [INFO:utdquake.bank] Stations summary updated successfully.
2026-05-06 01:28:10,368 [INFO:utdquake.bank.utils] [1/10] Fetching events forward 2023-12-22T04:43:30.917000Z to 2023-12-23T04:43:30.917000Z...
2026-05-06 01:28:19,058 [INFO:utdquake.bank.utils] Restarting patience counter after successful fetch.
2026-05-06 01:28:19,531 [INFO:utdquake.bank] Chunk id: 0   initiated | Time range: 2023-12-22 04:43:30.917000 - 2023-12-23 04:43:30.917000 | Chunk creation time: 2026-05-06 01:28:19.531722
2026-05-06 01:28:19,532 [INFO:utdquake.bank.utils] Starting to process 1 events in catalog VIVo97dh. (This id is created just for logging purposes)
2026-05-06 01:28:19,533 [INFO:utdquake.bank.utils] Processing event smi:service.iris.edu/fdsnws/event/1/query?eventid=11782590 with origin smi:service.iris.edu/fdsnws/event/1/query?originid=49402020
2026-05-06 01:28:19,537 [WARNING:utdquake.bank.utils] Station GCI.KKFLS.100 not found in station metadata.
2026-05-06 01:28:19,586 [WARNING:utdquake.bank.utils] Station GCI.KKFLS.101 not found in station metadata.
2026-05-06 01:28:19,640 [WARNING:utdquake.bank.utils] Station GCI.KKFLS.102 not found in station metadata.
2026-05-06 01:28:19,683 [WARNING:utdquake.bank.utils] Station GCI.KKFLS.102 not found in station metadata.
2026-05-06 01:28:19,738 [WARNING:utdquake.bank.utils] Station GCI.KKFLS.103 not found in station metadata.
2026-05-06 01:28:19,782 [WARNING:utdquake.bank.utils] Station GCI.KKFLS.104 not found in station metadata.
2026-05-06 01:28:19,837 [WARNING:utdquake.bank.utils] Station GCI.KKFLS.105 not found in station metadata.
2026-05-06 01:28:19,882 [WARNING:utdquake.bank.utils] Station GCI.KKFLS.106 not found in station metadata.
2026-05-06 01:28:19,938 [WARNING:utdquake.bank.utils] Station GCI.KKFLS.107 not found in station metadata.
2026-05-06 01:28:19,983 [WARNING:utdquake.bank.utils] Station GCI.KKFLS.108 not found in station metadata.
2026-05-06 01:28:20,039 [WARNING:utdquake.bank.utils] Station GCI.KKFLS.109 not found in station metadata.
2026-05-06 01:28:20,085 [WARNING:utdquake.bank.utils] Station GCI.KKFLS.109 not found in station metadata.
2026-05-06 01:28:20,142 [WARNING:utdquake.bank.utils] Station GCI.KKFLS.110 not found in station metadata.
2026-05-06 01:28:20,186 [WARNING:utdquake.bank.utils] Station GCI.KKFLS.110 not found in station metadata.
2026-05-06 01:28:20,241 [WARNING:utdquake.bank.utils] Station GCI.KKFLS.111 not found in station metadata.
2026-05-06 01:28:20,323 [WARNING:utdquake.bank.utils] Station GCI.KKFLS.111 not found in station metadata.
2026-05-06 01:28:20,366 [WARNING:utdquake.bank.utils] Station GCI.KKFLS.112 not found in station metadata.
2026-05-06 01:28:20,418 [WARNING:utdquake.bank.utils] Station GCI.KKFLS.112 not found in station metadata.
2026-05-06 01:28:20,469 [WARNING:utdquake.bank.utils] Station GCI.KKFLS.113 not found in station metadata.
2026-05-06 01:28:20,520 [WARNING:utdquake.bank.utils] Station GCI.KKFLS.113 not found in station metadata.
2026-05-06 01:28:20,588 [WARNING:utdquake.bank.utils] Station GCI.KKFLS.114 not found in station metadata.
2026-05-06 01:28:20,642 [WARNING:utdquake.bank.utils] Station GCI.KKFLS.114 not found in station metadata.
2026-05-06 01:28:20,687 [WARNING:utdquake.bank.utils] Station GCI.KKFLS.115 not found in station metadata.
2026-05-06 01:28:20,742 [WARNING:utdquake.bank.utils] Station GCI.KKFLS.115 not found in station metadata.
2026-05-06 01:28:20,785 [WARNING:utdquake.bank.utils] Station GCI.KKFLS.116 not found in station metadata.
2026-05-06 01:28:20,841 [WARNING:utdquake.bank.utils] Station GCI.KKFLS.116 not found in station metadata.
2026-05-06 01:28:20,885 [WARNING:utdquake.bank.utils] Station GCI.KKFLS.117 not found in station metadata.
2026-05-06 01:28:20,937 [WARNING:utdquake.bank.utils] Station GCI.KKFLS.117 not found in station metadata.
2026-05-06 01:28:20,986 [WARNING:utdquake.bank.utils] Station GCI.KKFLS.118 not found in station metadata.
2026-05-06 01:28:21,043 [WARNING:utdquake.bank.utils] Station GCI.KKFLS.118 not found in station metadata.
2026-05-06 01:28:21,092 [WARNING:utdquake.bank.utils] Station GCI.KKFLS.119 not found in station metadata.
2026-05-06 01:28:21,181 [WARNING:utdquake.bank.utils] Station GCI.KKFLS.119 not found in station metadata.
2026-05-06 01:28:21,233 [WARNING:utdquake.bank.utils] Station GCI.KKFLS.120 not found in station metadata.
2026-05-06 01:28:21,283 [WARNING:utdquake.bank.utils] Station GCI.KKFLS.121 not found in station metadata.
2026-05-06 01:28:21,338 [WARNING:utdquake.bank.utils] Station GCI.KKFLS.122 not found in station metadata.
2026-05-06 01:28:21,385 [WARNING:utdquake.bank.utils] Station GCI.KKFLS.122 not found in station metadata.
2026-05-06 01:28:21,438 [WARNING:utdquake.bank.utils] Station GCI.KKFLS.123 not found in station metadata.
2026-05-06 01:28:21,486 [WARNING:utdquake.bank.utils] Station GCI.KKFLS.124 not found in station metadata.
2026-05-06 01:28:21,542 [WARNING:utdquake.bank.utils] Station GCI.KKFLS.125 not found in station metadata.
2026-05-06 01:28:21,590 [WARNING:utdquake.bank.utils] Station GCI.KKFLS.126 not found in station metadata.
2026-05-06 01:28:21,646 [WARNING:utdquake.bank.utils] Station GCI.KKFLS.127 not found in station metadata.
2026-05-06 01:28:21,690 [WARNING:utdquake.bank.utils] Station GCI.KKFLS.128 not found in station metadata.
2026-05-06 01:28:21,743 [WARNING:utdquake.bank.utils] Station GCI.KKFLS.129 not found in station metadata.
2026-05-06 01:28:21,787 [WARNING:utdquake.bank.utils] Station GCI.KKFLS.130 not found in station metadata.
2026-05-06 01:28:21,841 [WARNING:utdquake.bank.utils] Station GCI.KKFLS.131 not found in station metadata.
2026-05-06 01:28:21,885 [WARNING:utdquake.bank.utils] Station GCI.KKFLS.132 not found in station metadata.
2026-05-06 01:28:21,941 [WARNING:utdquake.bank.utils] Station GCI.KKFLS.134 not found in station metadata.
2026-05-06 01:28:22,023 [WARNING:utdquake.bank.utils] Station GCI.KKFLS.135 not found in station metadata.
2026-05-06 01:28:22,068 [WARNING:utdquake.bank.utils] Station GCI.KKFLS.136 not found in station metadata.
2026-05-06 01:28:22,118 [WARNING:utdquake.bank.utils] Station GCI.KKFLS.137 not found in station metadata.
2026-05-06 01:28:22,162 [WARNING:utdquake.bank.utils] Station GCI.KKFLS.138 not found in station metadata.
2026-05-06 01:45:16,714 [INFO:utdquake.bank.utils] Processed origin smi:service.iris.edu/fdsnws/event/1/query?originid=49402020. Ready to update quality metrics.
2026-05-06 01:45:16,716 [INFO:utdquake.bank.utils] Updating quality metrics for origin smi:service.iris.edu/fdsnws/event/1/query?originid=49402020.
2026-05-06 01:45:16,724 [INFO:utdquake.bank.utils] Quality metrics updated for origin smi:service.iris.edu/fdsnws/event/1/query?originid=49402020.
2026-05-06 01:45:16,725 [INFO:utdquake.bank.utils] Updated quality metrics for origin smi:service.iris.edu/fdsnws/event/1/query?originid=49402020.
2026-05-06 01:45:16,725 [INFO:utdquake.bank.utils] Finishing to process 1 events in catalog VIVo97dh.
2026-05-06 01:45:27,913 [INFO:utdquake.bank] Saved 1 events of 1 possible in chunk id 0   from 2023-12-22 04:43:30.917000 to 2023-12-23 04:43:30.917000 in /groups/igonin/ecastillo/UTDQuake_test/bank/GCI
2026-05-06 01:45:27,914 [INFO:utdquake.bank] Creating stations summary based on the events in the event bank at /groups/igonin/ecastillo/UTDQuake_test/bank/GCI/.stations
2026-05-06 01:45:27,933 [INFO:utdquake.bank.utils] Found 15000 station databases in /groups/igonin/ecastillo/UTDQuake_test/.utdquake/db/stations/.stations.
2026-05-06 01:53:33,448 [INFO:utdquake.bank] Updating stations summary in the event bank at /groups/igonin/ecastillo/UTDQuake_test/bank/GCI
2026-05-06 01:53:33,753 [INFO:utdquake.bank] Stations summary updated successfully.
2026-05-06 01:53:33,753 [INFO:utdquake.bank.utils] [1/10] Fetching events forward 2023-12-23T04:43:30.917000Z to 2023-12-24T04:43:30.917000Z...
2026-05-06 01:53:43,744 [INFO:utdquake.bank.utils] Restarting patience counter after successful fetch.
2026-05-06 01:53:43,930 [INFO:utdquake.bank] Chunk id: 0   initiated | Time range: 2023-12-23 04:43:30.917000 - 2023-12-24 04:43:30.917000 | Chunk creation time: 2026-05-06 01:53:43.930682
2026-05-06 01:53:43,931 [INFO:utdquake.bank.utils] Starting to process 1 events in catalog myIq091L. (This id is created just for logging purposes)
2026-05-06 01:53:43,932 [INFO:utdquake.bank.utils] Processing event smi:service.iris.edu/fdsnws/event/1/query?eventid=11783004 with origin smi:service.iris.edu/fdsnws/event/1/query?originid=49408320
2026-05-06 01:53:43,938 [WARNING:utdquake.bank.utils] Station GCI.KKFLS.100 not found in station metadata.
2026-05-06 01:53:43,992 [WARNING:utdquake.bank.utils] Station GCI.KKFLS.100 not found in station metadata.
2026-05-06 01:53:44,048 [WARNING:utdquake.bank.utils] Station GCI.KKFLS.103 not found in station metadata.
2026-05-06 01:53:44,096 [WARNING:utdquake.bank.utils] Station GCI.KKFLS.103 not found in station metadata.
2026-05-06 01:53:44,151 [WARNING:utdquake.bank.utils] Station GCI.KKFLS.105 not found in station metadata.
2026-05-06 01:53:44,198 [WARNING:utdquake.bank.utils] Station GCI.KKFLS.106 not found in station metadata.
2026-05-06 01:53:44,252 [WARNING:utdquake.bank.utils] Station GCI.KKFLS.106 not found in station metadata.
2026-05-06 01:53:44,299 [WARNING:utdquake.bank.utils] Station GCI.KKFLS.107 not found in station metadata.
2026-05-06 01:53:44,357 [WARNING:utdquake.bank.utils] Station GCI.KKFLS.107 not found in station metadata.
2026-05-06 01:53:44,414 [WARNING:utdquake.bank.utils] Station GCI.KKFLS.108 not found in station metadata.
2026-05-06 01:53:44,461 [WARNING:utdquake.bank.utils] Station GCI.KKFLS.108 not found in station metadata.
2026-05-06 01:53:44,517 [WARNING:utdquake.bank.utils] Station GCI.KKFLS.109 not found in station metadata.
2026-05-06 01:53:44,567 [WARNING:utdquake.bank.utils] Station GCI.KKFLS.109 not found in station metadata.
2026-05-06 01:53:44,620 [WARNING:utdquake.bank.utils] Station GCI.KKFLS.110 not found in station metadata.
2026-05-06 01:53:44,671 [WARNING:utdquake.bank.utils] Station GCI.KKFLS.110 not found in station metadata.
2026-05-06 01:53:44,753 [WARNING:utdquake.bank.utils] Station GCI.KKFLS.111 not found in station metadata.
2026-05-06 01:53:44,800 [WARNING:utdquake.bank.utils] Station GCI.KKFLS.111 not found in station metadata.
2026-05-06 01:53:44,851 [WARNING:utdquake.bank.utils] Station GCI.KKFLS.112 not found in station metadata.
2026-05-06 01:53:44,895 [WARNING:utdquake.bank.utils] Station GCI.KKFLS.112 not found in station metadata.
2026-05-06 01:53:44,947 [WARNING:utdquake.bank.utils] Station GCI.KKFLS.113 not found in station metadata.
2026-05-06 01:53:45,000 [WARNING:utdquake.bank.utils] Station GCI.KKFLS.113 not found in station metadata.
2026-05-06 01:53:45,053 [WARNING:utdquake.bank.utils] Station GCI.KKFLS.114 not found in station metadata.
2026-05-06 01:53:45,101 [WARNING:utdquake.bank.utils] Station GCI.KKFLS.114 not found in station metadata.
2026-05-06 01:53:45,154 [WARNING:utdquake.bank.utils] Station GCI.KKFLS.115 not found in station metadata.
2026-05-06 01:53:45,203 [WARNING:utdquake.bank.utils] Station GCI.KKFLS.115 not found in station metadata.
2026-05-06 01:53:45,253 [WARNING:utdquake.bank.utils] Station GCI.KKFLS.116 not found in station metadata.
2026-05-06 01:53:45,300 [WARNING:utdquake.bank.utils] Station GCI.KKFLS.116 not found in station metadata.
2026-05-06 01:53:45,355 [WARNING:utdquake.bank.utils] Station GCI.KKFLS.117 not found in station metadata.
2026-05-06 01:53:45,417 [WARNING:utdquake.bank.utils] Station GCI.KKFLS.117 not found in station metadata.
2026-05-06 01:53:45,463 [WARNING:utdquake.bank.utils] Station GCI.KKFLS.118 not found in station metadata.
2026-05-06 01:53:45,517 [WARNING:utdquake.bank.utils] Station GCI.KKFLS.118 not found in station metadata.
2026-05-06 01:53:45,592 [WARNING:utdquake.bank.utils] Station GCI.KKFLS.119 not found in station metadata.
2026-05-06 01:53:45,648 [WARNING:utdquake.bank.utils] Station GCI.KKFLS.119 not found in station metadata.
2026-05-06 01:53:45,694 [WARNING:utdquake.bank.utils] Station GCI.KKFLS.120 not found in station metadata.
2026-05-06 01:53:45,749 [WARNING:utdquake.bank.utils] Station GCI.KKFLS.120 not found in station metadata.
2026-05-06 01:53:45,794 [WARNING:utdquake.bank.utils] Station GCI.KKFLS.121 not found in station metadata.
2026-05-06 01:53:45,851 [WARNING:utdquake.bank.utils] Station GCI.KKFLS.121 not found in station metadata.
2026-05-06 01:53:45,899 [WARNING:utdquake.bank.utils] Station GCI.KKFLS.122 not found in station metadata.
2026-05-06 01:53:45,959 [WARNING:utdquake.bank.utils] Station GCI.KKFLS.122 not found in station metadata.
2026-05-06 01:53:46,017 [WARNING:utdquake.bank.utils] Station GCI.KKFLS.123 not found in station metadata.
2026-05-06 01:53:46,062 [WARNING:utdquake.bank.utils] Station GCI.KKFLS.123 not found in station metadata.
2026-05-06 01:53:46,114 [WARNING:utdquake.bank.utils] Station GCI.KKFLS.124 not found in station metadata.
2026-05-06 01:53:46,158 [WARNING:utdquake.bank.utils] Station GCI.KKFLS.124 not found in station metadata.
2026-05-06 01:53:46,203 [WARNING:utdquake.bank.utils] Station GCI.KKFLS.125 not found in station metadata.
2026-05-06 01:53:46,253 [WARNING:utdquake.bank.utils] Station GCI.KKFLS.125 not found in station metadata.
2026-05-06 01:53:46,298 [WARNING:utdquake.bank.utils] Station GCI.KKFLS.126 not found in station metadata.
2026-05-06 01:53:46,353 [WARNING:utdquake.bank.utils] Station GCI.KKFLS.126 not found in station metadata.
2026-05-06 01:53:46,398 [WARNING:utdquake.bank.utils] Station GCI.KKFLS.127 not found in station metadata.
2026-05-06 01:53:46,453 [WARNING:utdquake.bank.utils] Station GCI.KKFLS.127 not found in station metadata.
2026-05-06 01:53:46,499 [WARNING:utdquake.bank.utils] Station GCI.KKFLS.128 not found in station metadata.
2026-05-06 01:53:46,553 [WARNING:utdquake.bank.utils] Station GCI.KKFLS.128 not found in station metadata.
2026-05-06 01:53:46,598 [WARNING:utdquake.bank.utils] Station GCI.KKFLS.129 not found in station metadata.
2026-05-06 01:53:46,655 [WARNING:utdquake.bank.utils] Station GCI.KKFLS.129 not found in station metadata.
2026-05-06 01:53:46,715 [WARNING:utdquake.bank.utils] Station GCI.KKFLS.130 not found in station metadata.
2026-05-06 01:53:46,802 [WARNING:utdquake.bank.utils] Station GCI.KKFLS.130 not found in station metadata.
2026-05-06 01:53:46,853 [WARNING:utdquake.bank.utils] Station GCI.KKFLS.131 not found in station metadata.
2026-05-06 01:53:46,897 [WARNING:utdquake.bank.utils] Station GCI.KKFLS.131 not found in station metadata.
2026-05-06 01:53:46,950 [WARNING:utdquake.bank.utils] Station GCI.KKFLS.132 not found in station metadata.
2026-05-06 01:53:46,996 [WARNING:utdquake.bank.utils] Station GCI.KKFLS.132 not found in station metadata.
2026-05-06 01:53:47,053 [WARNING:utdquake.bank.utils] Station GCI.KKFLS.133 not found in station metadata.
2026-05-06 01:53:47,098 [WARNING:utdquake.bank.utils] Station GCI.KKFLS.133 not found in station metadata.
2026-05-06 01:53:47,150 [WARNING:utdquake.bank.utils] Station GCI.KKFLS.134 not found in station metadata.
2026-05-06 01:53:47,197 [WARNING:utdquake.bank.utils] Station GCI.KKFLS.135 not found in station metadata.
2026-05-06 01:53:47,258 [WARNING:utdquake.bank.utils] Station GCI.KKFLS.136 not found in station metadata.
2026-05-06 01:53:47,303 [WARNING:utdquake.bank.utils] Station GCI.KKFLS.136 not found in station metadata.
2026-05-06 01:53:47,352 [WARNING:utdquake.bank.utils] Station GCI.KKFLS.137 not found in station metadata.
2026-05-06 01:53:47,396 [WARNING:utdquake.bank.utils] Station GCI.KKFLS.137 not found in station metadata.
2026-05-06 01:53:47,448 [WARNING:utdquake.bank.utils] Station GCI.KKFLS.138 not found in station metadata.
2026-05-06 01:53:47,493 [WARNING:utdquake.bank.utils] Station GCI.KKFLS.138 not found in station metadata.
2026-05-06 02:15:00,285 [INFO:utdquake.bank.utils] Processed origin smi:service.iris.edu/fdsnws/event/1/query?originid=49408320. Ready to update quality metrics.
2026-05-06 02:15:00,288 [INFO:utdquake.bank.utils] Updating quality metrics for origin smi:service.iris.edu/fdsnws/event/1/query?originid=49408320.
2026-05-06 02:15:00,295 [INFO:utdquake.bank.utils] Quality metrics updated for origin smi:service.iris.edu/fdsnws/event/1/query?originid=49408320.
2026-05-06 02:15:00,297 [INFO:utdquake.bank.utils] Updated quality metrics for origin smi:service.iris.edu/fdsnws/event/1/query?originid=49408320.
2026-05-06 02:15:00,297 [INFO:utdquake.bank.utils] Finishing to process 1 events in catalog myIq091L.
2026-05-06 02:15:13,870 [INFO:utdquake.bank] Saved 1 events of 1 possible in chunk id 0   from 2023-12-23 04:43:30.917000 to 2023-12-24 04:43:30.917000 in /groups/igonin/ecastillo/UTDQuake_test/bank/GCI
2026-05-06 02:15:13,872 [INFO:utdquake.bank] Creating stations summary based on the events in the event bank at /groups/igonin/ecastillo/UTDQuake_test/bank/GCI/.stations
2026-05-06 02:15:13,892 [INFO:utdquake.bank.utils] Found 15000 station databases in /groups/igonin/ecastillo/UTDQuake_test/.utdquake/db/stations/.stations.
2026-05-06 02:23:24,261 [INFO:utdquake.bank] Updating stations summary in the event bank at /groups/igonin/ecastillo/UTDQuake_test/bank/GCI
2026-05-06 02:23:24,615 [INFO:utdquake.bank] Stations summary updated successfully.
2026-05-06 02:23:24,616 [INFO:utdquake.bank.utils] [1/10] Fetching events forward 2023-12-24T04:43:30.917000Z to 2023-12-25T04:43:30.917000Z...
2026-05-06 02:23:36,400 [INFO:utdquake.bank.utils] Restarting patience counter after successful fetch.
2026-05-06 02:23:36,627 [INFO:utdquake.bank] Chunk id: 0   initiated | Time range: 2023-12-24 04:43:30.917000 - 2023-12-25 04:43:30.917000 | Chunk creation time: 2026-05-06 02:23:36.627855
2026-05-06 02:23:36,629 [INFO:utdquake.bank.utils] Starting to process 1 events in catalog e9YKsa8C. (This id is created just for logging purposes)
2026-05-06 02:23:36,629 [INFO:utdquake.bank.utils] Processing event smi:service.iris.edu/fdsnws/event/1/query?eventid=11783314 with origin smi:service.iris.edu/fdsnws/event/1/query?originid=49414419
2026-05-06 02:23:36,636 [WARNING:utdquake.bank.utils] Station GCI.KKFLS.100 not found in station metadata.
2026-05-06 02:23:36,691 [WARNING:utdquake.bank.utils] Station GCI.KKFLS.101 not found in station metadata.
2026-05-06 02:23:36,746 [WARNING:utdquake.bank.utils] Station GCI.KKFLS.101 not found in station metadata.
2026-05-06 02:23:36,790 [WARNING:utdquake.bank.utils] Station GCI.KKFLS.102 not found in station metadata.
2026-05-06 02:23:36,847 [WARNING:utdquake.bank.utils] Station GCI.KKFLS.102 not found in station metadata.
2026-05-06 02:23:36,892 [WARNING:utdquake.bank.utils] Station GCI.KKFLS.103 not found in station metadata.
2026-05-06 02:23:36,947 [WARNING:utdquake.bank.utils] Station GCI.KKFLS.103 not found in station metadata.
2026-05-06 02:23:36,992 [WARNING:utdquake.bank.utils] Station GCI.KKFLS.104 not found in station metadata.
2026-05-06 02:23:37,046 [WARNING:utdquake.bank.utils] Station GCI.KKFLS.104 not found in station metadata.
2026-05-06 02:23:37,094 [WARNING:utdquake.bank.utils] Station GCI.KKFLS.105 not found in station metadata.
2026-05-06 02:23:37,149 [WARNING:utdquake.bank.utils] Station GCI.KKFLS.106 not found in station metadata.
2026-05-06 02:23:37,195 [WARNING:utdquake.bank.utils] Station GCI.KKFLS.106 not found in station metadata.
2026-05-06 02:23:37,251 [WARNING:utdquake.bank.utils] Station GCI.KKFLS.108 not found in station metadata.
2026-05-06 02:23:37,297 [WARNING:utdquake.bank.utils] Station GCI.KKFLS.108 not found in station metadata.
2026-05-06 02:23:37,352 [WARNING:utdquake.bank.utils] Station GCI.KKFLS.109 not found in station metadata.
2026-05-06 02:23:37,432 [WARNING:utdquake.bank.utils] Station GCI.KKFLS.109 not found in station metadata.
2026-05-06 02:23:37,484 [WARNING:utdquake.bank.utils] Station GCI.KKFLS.110 not found in station metadata.
2026-05-06 02:23:37,541 [WARNING:utdquake.bank.utils] Station GCI.KKFLS.110 not found in station metadata.
2026-05-06 02:23:37,590 [WARNING:utdquake.bank.utils] Station GCI.KKFLS.111 not found in station metadata.
2026-05-06 02:23:37,649 [WARNING:utdquake.bank.utils] Station GCI.KKFLS.111 not found in station metadata.
2026-05-06 02:23:37,705 [WARNING:utdquake.bank.utils] Station GCI.KKFLS.112 not found in station metadata.
2026-05-06 02:23:37,758 [WARNING:utdquake.bank.utils] Station GCI.KKFLS.112 not found in station metadata.
2026-05-06 02:23:37,803 [WARNING:utdquake.bank.utils] Station GCI.KKFLS.113 not found in station metadata.
2026-05-06 02:23:37,853 [WARNING:utdquake.bank.utils] Station GCI.KKFLS.113 not found in station metadata.
2026-05-06 02:23:37,902 [WARNING:utdquake.bank.utils] Station GCI.KKFLS.114 not found in station metadata.
2026-05-06 02:23:37,952 [WARNING:utdquake.bank.utils] Station GCI.KKFLS.114 not found in station metadata.
2026-05-06 02:23:37,998 [WARNING:utdquake.bank.utils] Station GCI.KKFLS.115 not found in station metadata.
2026-05-06 02:23:38,057 [WARNING:utdquake.bank.utils] Station GCI.KKFLS.115 not found in station metadata.
2026-05-06 02:23:38,102 [WARNING:utdquake.bank.utils] Station GCI.KKFLS.116 not found in station metadata.
2026-05-06 02:23:38,153 [WARNING:utdquake.bank.utils] Station GCI.KKFLS.116 not found in station metadata.
2026-05-06 02:23:38,198 [WARNING:utdquake.bank.utils] Station GCI.KKFLS.117 not found in station metadata.
2026-05-06 02:23:38,252 [WARNING:utdquake.bank.utils] Station GCI.KKFLS.117 not found in station metadata.
2026-05-06 02:23:38,298 [WARNING:utdquake.bank.utils] Station GCI.KKFLS.118 not found in station metadata.
2026-05-06 02:23:38,353 [WARNING:utdquake.bank.utils] Station GCI.KKFLS.118 not found in station metadata.
2026-05-06 02:23:38,398 [WARNING:utdquake.bank.utils] Station GCI.KKFLS.119 not found in station metadata.
2026-05-06 02:23:38,454 [WARNING:utdquake.bank.utils] Station GCI.KKFLS.119 not found in station metadata.
2026-05-06 02:23:38,501 [WARNING:utdquake.bank.utils] Station GCI.KKFLS.120 not found in station metadata.
2026-05-06 02:23:38,556 [WARNING:utdquake.bank.utils] Station GCI.KKFLS.120 not found in station metadata.
2026-05-06 02:23:38,600 [WARNING:utdquake.bank.utils] Station GCI.KKFLS.121 not found in station metadata.
2026-05-06 02:23:38,657 [WARNING:utdquake.bank.utils] Station GCI.KKFLS.121 not found in station metadata.
2026-05-06 02:23:38,704 [WARNING:utdquake.bank.utils] Station GCI.KKFLS.122 not found in station metadata.
2026-05-06 02:23:38,753 [WARNING:utdquake.bank.utils] Station GCI.KKFLS.122 not found in station metadata.
2026-05-06 02:23:38,798 [WARNING:utdquake.bank.utils] Station GCI.KKFLS.123 not found in station metadata.
2026-05-06 02:23:38,852 [WARNING:utdquake.bank.utils] Station GCI.KKFLS.123 not found in station metadata.
2026-05-06 02:23:38,962 [WARNING:utdquake.bank.utils] Station GCI.KKFLS.124 not found in station metadata.
2026-05-06 02:23:39,024 [WARNING:utdquake.bank.utils] Station GCI.KKFLS.124 not found in station metadata.
2026-05-06 02:23:39,071 [WARNING:utdquake.bank.utils] Station GCI.KKFLS.125 not found in station metadata.
2026-05-06 02:23:39,131 [WARNING:utdquake.bank.utils] Station GCI.KKFLS.125 not found in station metadata.
2026-05-06 02:23:39,178 [WARNING:utdquake.bank.utils] Station GCI.KKFLS.126 not found in station metadata.
2026-05-06 02:23:39,231 [WARNING:utdquake.bank.utils] Station GCI.KKFLS.126 not found in station metadata.
2026-05-06 02:23:39,277 [WARNING:utdquake.bank.utils] Station GCI.KKFLS.127 not found in station metadata.
2026-05-06 02:23:39,334 [WARNING:utdquake.bank.utils] Station GCI.KKFLS.127 not found in station metadata.
2026-05-06 02:23:39,379 [WARNING:utdquake.bank.utils] Station GCI.KKFLS.128 not found in station metadata.
2026-05-06 02:23:39,437 [WARNING:utdquake.bank.utils] Station GCI.KKFLS.128 not found in station metadata.
2026-05-06 02:23:39,483 [WARNING:utdquake.bank.utils] Station GCI.KKFLS.129 not found in station metadata.
2026-05-06 02:23:39,547 [WARNING:utdquake.bank.utils] Station GCI.KKFLS.129 not found in station metadata.
2026-05-06 02:23:39,596 [WARNING:utdquake.bank.utils] Station GCI.KKFLS.130 not found in station metadata.
2026-05-06 02:23:39,669 [WARNING:utdquake.bank.utils] Station GCI.KKFLS.130 not found in station metadata.
2026-05-06 02:23:39,727 [WARNING:utdquake.bank.utils] Station GCI.KKFLS.131 not found in station metadata.
2026-05-06 02:23:39,776 [WARNING:utdquake.bank.utils] Station GCI.KKFLS.131 not found in station metadata.
2026-05-06 02:23:39,833 [WARNING:utdquake.bank.utils] Station GCI.KKFLS.132 not found in station metadata.
2026-05-06 02:23:39,881 [WARNING:utdquake.bank.utils] Station GCI.KKFLS.132 not found in station metadata.
2026-05-06 02:23:39,934 [WARNING:utdquake.bank.utils] Station GCI.KKFLS.133 not found in station metadata.
2026-05-06 02:23:39,978 [WARNING:utdquake.bank.utils] Station GCI.KKFLS.133 not found in station metadata.
2026-05-06 02:23:40,037 [WARNING:utdquake.bank.utils] Station GCI.KKFLS.134 not found in station metadata.
2026-05-06 02:23:40,087 [WARNING:utdquake.bank.utils] Station GCI.KKFLS.134 not found in station metadata.
2026-05-06 02:23:40,142 [WARNING:utdquake.bank.utils] Station GCI.KKFLS.135 not found in station metadata.
2026-05-06 02:23:40,192 [WARNING:utdquake.bank.utils] Station GCI.KKFLS.135 not found in station metadata.
2026-05-06 02:23:40,244 [WARNING:utdquake.bank.utils] Station GCI.KKFLS.136 not found in station metadata.
2026-05-06 02:23:40,293 [WARNING:utdquake.bank.utils] Station GCI.KKFLS.137 not found in station metadata.
2026-05-06 02:23:40,348 [WARNING:utdquake.bank.utils] Station GCI.KKFLS.137 not found in station metadata.
2026-05-06 02:23:40,393 [WARNING:utdquake.bank.utils] Station GCI.KKFLS.138 not found in station metadata.
2026-05-06 02:23:40,449 [WARNING:utdquake.bank.utils] Station GCI.KKFLS.138 not found in station metadata.
2026-05-06 02:47:56,654 [INFO:utdquake.bank.utils] Processed origin smi:service.iris.edu/fdsnws/event/1/query?originid=49414419. Ready to update quality metrics.
2026-05-06 02:47:56,657 [INFO:utdquake.bank.utils] Updating quality metrics for origin smi:service.iris.edu/fdsnws/event/1/query?originid=49414419.
2026-05-06 02:47:56,665 [INFO:utdquake.bank.utils] Quality metrics updated for origin smi:service.iris.edu/fdsnws/event/1/query?originid=49414419.
2026-05-06 02:47:56,665 [INFO:utdquake.bank.utils] Updated quality metrics for origin smi:service.iris.edu/fdsnws/event/1/query?originid=49414419.
2026-05-06 02:47:56,666 [INFO:utdquake.bank.utils] Finishing to process 1 events in catalog e9YKsa8C.
2026-05-06 02:48:12,164 [INFO:utdquake.bank] Saved 1 events of 1 possible in chunk id 0   from 2023-12-24 04:43:30.917000 to 2023-12-25 04:43:30.917000 in /groups/igonin/ecastillo/UTDQuake_test/bank/GCI
2026-05-06 02:48:12,165 [INFO:utdquake.bank] Creating stations summary based on the events in the event bank at /groups/igonin/ecastillo/UTDQuake_test/bank/GCI/.stations
2026-05-06 02:48:12,184 [INFO:utdquake.bank.utils] Found 15000 station databases in /groups/igonin/ecastillo/UTDQuake_test/.utdquake/db/stations/.stations.
2026-05-06 02:56:00,479 [INFO:utdquake.bank] Updating stations summary in the event bank at /groups/igonin/ecastillo/UTDQuake_test/bank/GCI
2026-05-06 02:56:00,762 [INFO:utdquake.bank] Stations summary updated successfully.
2026-05-06 02:56:00,762 [INFO:utdquake.bank.utils] [1/10] Fetching events forward 2023-12-25T04:43:30.917000Z to 2023-12-26T04:43:30.917000Z...
2026-05-06 02:56:07,324 [INFO:utdquake.bank.utils] Restarting patience counter after successful fetch.
2026-05-06 02:56:07,585 [INFO:utdquake.bank] Chunk id: 0   initiated | Time range: 2023-12-25 04:43:30.917000 - 2023-12-26 04:43:30.917000 | Chunk creation time: 2026-05-06 02:56:07.585552
2026-05-06 02:56:07,586 [INFO:utdquake.bank.utils] Starting to process 1 events in catalog 28KlF42m. (This id is created just for logging purposes)
2026-05-06 02:56:07,587 [INFO:utdquake.bank.utils] Processing event smi:service.iris.edu/fdsnws/event/1/query?eventid=11783745 with origin smi:service.iris.edu/fdsnws/event/1/query?originid=49423820
2026-05-06 02:56:07,593 [WARNING:utdquake.bank.utils] Station GCI.KKFLS.100 not found in station metadata.
2026-05-06 02:56:07,666 [WARNING:utdquake.bank.utils] Station GCI.KKFLS.101 not found in station metadata.
2026-05-06 02:56:07,722 [WARNING:utdquake.bank.utils] Station GCI.KKFLS.102 not found in station metadata.
2026-05-06 02:56:07,770 [WARNING:utdquake.bank.utils] Station GCI.KKFLS.102 not found in station metadata.
2026-05-06 02:56:07,823 [WARNING:utdquake.bank.utils] Station GCI.KKFLS.103 not found in station metadata.
2026-05-06 02:56:07,869 [WARNING:utdquake.bank.utils] Station GCI.KKFLS.104 not found in station metadata.
2026-05-06 02:56:07,923 [WARNING:utdquake.bank.utils] Station GCI.KKFLS.105 not found in station metadata.
2026-05-06 02:56:07,971 [WARNING:utdquake.bank.utils] Station GCI.KKFLS.107 not found in station metadata.
2026-05-06 02:56:08,024 [WARNING:utdquake.bank.utils] Station GCI.KKFLS.109 not found in station metadata.
2026-05-06 02:56:08,070 [WARNING:utdquake.bank.utils] Station GCI.KKFLS.109 not found in station metadata.
2026-05-06 02:56:08,123 [WARNING:utdquake.bank.utils] Station GCI.KKFLS.110 not found in station metadata.
2026-05-06 02:56:08,169 [WARNING:utdquake.bank.utils] Station GCI.KKFLS.110 not found in station metadata.
2026-05-06 02:56:08,218 [WARNING:utdquake.bank.utils] Station GCI.KKFLS.111 not found in station metadata.
2026-05-06 02:56:08,264 [WARNING:utdquake.bank.utils] Station GCI.KKFLS.111 not found in station metadata.
2026-05-06 02:56:08,317 [WARNING:utdquake.bank.utils] Station GCI.KKFLS.112 not found in station metadata.
2026-05-06 02:56:08,363 [WARNING:utdquake.bank.utils] Station GCI.KKFLS.112 not found in station metadata.
2026-05-06 02:56:08,417 [WARNING:utdquake.bank.utils] Station GCI.KKFLS.113 not found in station metadata.
2026-05-06 02:56:08,463 [WARNING:utdquake.bank.utils] Station GCI.KKFLS.113 not found in station metadata.
2026-05-06 02:56:08,514 [WARNING:utdquake.bank.utils] Station GCI.KKFLS.114 not found in station metadata.
2026-05-06 02:56:08,559 [WARNING:utdquake.bank.utils] Station GCI.KKFLS.114 not found in station metadata.
2026-05-06 02:56:08,614 [WARNING:utdquake.bank.utils] Station GCI.KKFLS.115 not found in station metadata.
2026-05-06 02:56:08,680 [WARNING:utdquake.bank.utils] Station GCI.KKFLS.115 not found in station metadata.
2026-05-06 02:56:08,733 [WARNING:utdquake.bank.utils] Station GCI.KKFLS.116 not found in station metadata.
2026-05-06 02:56:08,827 [WARNING:utdquake.bank.utils] Station GCI.KKFLS.116 not found in station metadata.
2026-05-06 02:56:08,872 [WARNING:utdquake.bank.utils] Station GCI.KKFLS.117 not found in station metadata.
2026-05-06 02:56:08,923 [WARNING:utdquake.bank.utils] Station GCI.KKFLS.117 not found in station metadata.
2026-05-06 02:56:08,968 [WARNING:utdquake.bank.utils] Station GCI.KKFLS.118 not found in station metadata.
2026-05-06 02:56:09,024 [WARNING:utdquake.bank.utils] Station GCI.KKFLS.119 not found in station metadata.
2026-05-06 02:56:09,068 [WARNING:utdquake.bank.utils] Station GCI.KKFLS.119 not found in station metadata.
2026-05-06 02:56:09,122 [WARNING:utdquake.bank.utils] Station GCI.KKFLS.120 not found in station metadata.
2026-05-06 02:56:09,167 [WARNING:utdquake.bank.utils] Station GCI.KKFLS.121 not found in station metadata.
2026-05-06 02:56:09,219 [WARNING:utdquake.bank.utils] Station GCI.KKFLS.122 not found in station metadata.
2026-05-06 02:56:09,263 [WARNING:utdquake.bank.utils] Station GCI.KKFLS.123 not found in station metadata.
2026-05-06 02:56:09,318 [WARNING:utdquake.bank.utils] Station GCI.KKFLS.124 not found in station metadata.
2026-05-06 02:56:09,364 [WARNING:utdquake.bank.utils] Station GCI.KKFLS.125 not found in station metadata.
2026-05-06 02:56:09,416 [WARNING:utdquake.bank.utils] Station GCI.KKFLS.126 not found in station metadata.
2026-05-06 02:56:09,462 [WARNING:utdquake.bank.utils] Station GCI.KKFLS.127 not found in station metadata.
2026-05-06 02:56:09,517 [WARNING:utdquake.bank.utils] Station GCI.KKFLS.128 not found in station metadata.
2026-05-06 02:56:09,570 [WARNING:utdquake.bank.utils] Station GCI.KKFLS.129 not found in station metadata.
2026-05-06 02:56:09,662 [WARNING:utdquake.bank.utils] Station GCI.KKFLS.130 not found in station metadata.
2026-05-06 02:56:09,720 [WARNING:utdquake.bank.utils] Station GCI.KKFLS.131 not found in station metadata.
2026-05-06 02:56:09,769 [WARNING:utdquake.bank.utils] Station GCI.KKFLS.131 not found in station metadata.
2026-05-06 02:56:09,822 [WARNING:utdquake.bank.utils] Station GCI.KKFLS.132 not found in station metadata.
2026-05-06 02:56:09,879 [WARNING:utdquake.bank.utils] Station GCI.KKFLS.136 not found in station metadata.
2026-05-06 02:56:09,937 [WARNING:utdquake.bank.utils] Station GCI.KKFLS.138 not found in station metadata.
2026-05-06 03:09:58,913 [INFO:utdquake.bank.utils] Processed origin smi:service.iris.edu/fdsnws/event/1/query?originid=49423820. Ready to update quality metrics.
2026-05-06 03:09:58,914 [INFO:utdquake.bank.utils] Updating quality metrics for origin smi:service.iris.edu/fdsnws/event/1/query?originid=49423820.
2026-05-06 03:09:58,920 [INFO:utdquake.bank.utils] Quality metrics updated for origin smi:service.iris.edu/fdsnws/event/1/query?originid=49423820.
2026-05-06 03:09:58,921 [INFO:utdquake.bank.utils] Updated quality metrics for origin smi:service.iris.edu/fdsnws/event/1/query?originid=49423820.
2026-05-06 03:09:58,922 [INFO:utdquake.bank.utils] Finishing to process 1 events in catalog 28KlF42m.
2026-05-06 03:10:08,495 [INFO:utdquake.bank] Saved 1 events of 1 possible in chunk id 0   from 2023-12-25 04:43:30.917000 to 2023-12-26 04:43:30.917000 in /groups/igonin/ecastillo/UTDQuake_test/bank/GCI
2026-05-06 03:10:08,497 [INFO:utdquake.bank] Creating stations summary based on the events in the event bank at /groups/igonin/ecastillo/UTDQuake_test/bank/GCI/.stations
2026-05-06 03:10:08,523 [INFO:utdquake.bank.utils] Found 15000 station databases in /groups/igonin/ecastillo/UTDQuake_test/.utdquake/db/stations/.stations.
2026-05-06 03:17:59,857 [INFO:utdquake.bank] Updating stations summary in the event bank at /groups/igonin/ecastillo/UTDQuake_test/bank/GCI
2026-05-06 03:18:00,120 [INFO:utdquake.bank] Stations summary updated successfully.
2026-05-06 03:18:00,122 [INFO:utdquake.bank.utils] [1/10] Fetching events forward 2023-12-26T04:43:30.917000Z to 2023-12-27T04:43:30.917000Z...
2026-05-06 03:18:03,715 [INFO:utdquake.bank.utils] Restarting patience counter after successful fetch.
2026-05-06 03:18:03,850 [INFO:utdquake.bank] Chunk id: 0   initiated | Time range: 2023-12-26 04:43:30.917000 - 2023-12-27 04:43:30.917000 | Chunk creation time: 2026-05-06 03:18:03.850044
2026-05-06 03:18:03,850 [INFO:utdquake.bank.utils] Starting to process 1 events in catalog Dqhuvf3n. (This id is created just for logging purposes)
2026-05-06 03:18:03,851 [INFO:utdquake.bank.utils] Processing event smi:service.iris.edu/fdsnws/event/1/query?eventid=11783998 with origin smi:service.iris.edu/fdsnws/event/1/query?originid=49429319
2026-05-06 03:18:03,856 [WARNING:utdquake.bank.utils] Station GCI.KKFLS.105 not found in station metadata.
2026-05-06 03:18:03,921 [WARNING:utdquake.bank.utils] Station GCI.KKFLS.106 not found in station metadata.
2026-05-06 03:18:03,969 [WARNING:utdquake.bank.utils] Station GCI.KKFLS.109 not found in station metadata.
2026-05-06 03:18:04,024 [WARNING:utdquake.bank.utils] Station GCI.KKFLS.110 not found in station metadata.
2026-05-06 03:18:04,089 [WARNING:utdquake.bank.utils] Station GCI.KKFLS.111 not found in station metadata.
2026-05-06 03:18:04,144 [WARNING:utdquake.bank.utils] Station GCI.KKFLS.113 not found in station metadata.
2026-05-06 03:18:04,193 [WARNING:utdquake.bank.utils] Station GCI.KKFLS.114 not found in station metadata.
2026-05-06 03:18:04,249 [WARNING:utdquake.bank.utils] Station GCI.KKFLS.115 not found in station metadata.
2026-05-06 03:18:04,298 [WARNING:utdquake.bank.utils] Station GCI.KKFLS.116 not found in station metadata.
2026-05-06 03:18:04,354 [WARNING:utdquake.bank.utils] Station GCI.KKFLS.117 not found in station metadata.
2026-05-06 03:18:04,402 [WARNING:utdquake.bank.utils] Station GCI.KKFLS.118 not found in station metadata.
2026-05-06 03:18:04,456 [WARNING:utdquake.bank.utils] Station GCI.KKFLS.119 not found in station metadata.
2026-05-06 03:18:04,515 [WARNING:utdquake.bank.utils] Station GCI.KKFLS.121 not found in station metadata.
2026-05-06 03:18:04,566 [WARNING:utdquake.bank.utils] Station GCI.KKFLS.123 not found in station metadata.
2026-05-06 03:18:04,623 [WARNING:utdquake.bank.utils] Station GCI.KKFLS.124 not found in station metadata.
2026-05-06 03:18:04,704 [WARNING:utdquake.bank.utils] Station GCI.KKFLS.125 not found in station metadata.
2026-05-06 03:18:04,756 [WARNING:utdquake.bank.utils] Station GCI.KKFLS.126 not found in station metadata.
2026-05-06 03:18:04,814 [WARNING:utdquake.bank.utils] Station GCI.KKFLS.127 not found in station metadata.
2026-05-06 03:18:04,861 [WARNING:utdquake.bank.utils] Station GCI.KKFLS.128 not found in station metadata.
2026-05-06 03:18:04,927 [WARNING:utdquake.bank.utils] Station GCI.KKFLS.129 not found in station metadata.
2026-05-06 03:18:04,977 [WARNING:utdquake.bank.utils] Station GCI.KKFLS.132 not found in station metadata.
2026-05-06 03:18:05,033 [WARNING:utdquake.bank.utils] Station GCI.KKFLS.133 not found in station metadata.
2026-05-06 03:18:05,083 [WARNING:utdquake.bank.utils] Station GCI.KKFLS.134 not found in station metadata.
2026-05-06 03:18:05,139 [WARNING:utdquake.bank.utils] Station GCI.KKFLS.137 not found in station metadata.
2026-05-06 03:25:44,520 [INFO:utdquake.bank.utils] Processed origin smi:service.iris.edu/fdsnws/event/1/query?originid=49429319. Ready to update quality metrics.
2026-05-06 03:25:44,521 [INFO:utdquake.bank.utils] Updating quality metrics for origin smi:service.iris.edu/fdsnws/event/1/query?originid=49429319.
2026-05-06 03:25:44,525 [INFO:utdquake.bank.utils] Quality metrics updated for origin smi:service.iris.edu/fdsnws/event/1/query?originid=49429319.
2026-05-06 03:25:44,527 [INFO:utdquake.bank.utils] Updated quality metrics for origin smi:service.iris.edu/fdsnws/event/1/query?originid=49429319.
2026-05-06 03:25:44,527 [INFO:utdquake.bank.utils] Finishing to process 1 events in catalog Dqhuvf3n.
2026-05-06 03:25:50,055 [INFO:utdquake.bank] Saved 1 events of 1 possible in chunk id 0   from 2023-12-26 04:43:30.917000 to 2023-12-27 04:43:30.917000 in /groups/igonin/ecastillo/UTDQuake_test/bank/GCI
2026-05-06 03:25:50,056 [INFO:utdquake.bank] Creating stations summary based on the events in the event bank at /groups/igonin/ecastillo/UTDQuake_test/bank/GCI/.stations
2026-05-06 03:25:50,075 [INFO:utdquake.bank.utils] Found 15000 station databases in /groups/igonin/ecastillo/UTDQuake_test/.utdquake/db/stations/.stations.
2026-05-06 03:33:45,125 [INFO:utdquake.bank] Updating stations summary in the event bank at /groups/igonin/ecastillo/UTDQuake_test/bank/GCI
2026-05-06 03:33:45,329 [INFO:utdquake.bank] Stations summary updated successfully.
2026-05-06 03:33:45,330 [INFO:utdquake.bank.utils] [1/10] Fetching events forward 2023-12-27T04:43:30.917000Z to 2023-12-28T04:43:30.917000Z...
2026-05-06 03:33:54,935 [INFO:utdquake.bank.utils] Restarting patience counter after successful fetch.
2026-05-06 03:33:55,048 [INFO:utdquake.bank] Chunk id: 0   initiated | Time range: 2023-12-27 04:43:30.917000 - 2023-12-28 04:43:30.917000 | Chunk creation time: 2026-05-06 03:33:55.048418
2026-05-06 03:33:55,049 [INFO:utdquake.bank.utils] Starting to process 1 events in catalog VJjQ881O. (This id is created just for logging purposes)
2026-05-06 03:33:55,049 [INFO:utdquake.bank.utils] Processing event smi:service.iris.edu/fdsnws/event/1/query?eventid=11784142 with origin smi:service.iris.edu/fdsnws/event/1/query?originid=49432118
2026-05-06 03:33:55,054 [WARNING:utdquake.bank.utils] Station GCI.KKFLS.100 not found in station metadata.
2026-05-06 03:33:55,117 [WARNING:utdquake.bank.utils] Station GCI.KKFLS.100 not found in station metadata.
2026-05-06 03:33:55,168 [WARNING:utdquake.bank.utils] Station GCI.KKFLS.101 not found in station metadata.
2026-05-06 03:33:55,224 [WARNING:utdquake.bank.utils] Station GCI.KKFLS.102 not found in station metadata.
2026-05-06 03:33:55,274 [WARNING:utdquake.bank.utils] Station GCI.KKFLS.103 not found in station metadata.
2026-05-06 03:33:55,331 [WARNING:utdquake.bank.utils] Station GCI.KKFLS.104 not found in station metadata.
2026-05-06 03:33:55,379 [WARNING:utdquake.bank.utils] Station GCI.KKFLS.105 not found in station metadata.
2026-05-06 03:33:55,437 [WARNING:utdquake.bank.utils] Station GCI.KKFLS.106 not found in station metadata.
2026-05-06 03:33:55,487 [WARNING:utdquake.bank.utils] Station GCI.KKFLS.107 not found in station metadata.
2026-05-06 03:33:55,546 [WARNING:utdquake.bank.utils] Station GCI.KKFLS.108 not found in station metadata.
2026-05-06 03:33:55,595 [WARNING:utdquake.bank.utils] Station GCI.KKFLS.108 not found in station metadata.
2026-05-06 03:33:55,650 [WARNING:utdquake.bank.utils] Station GCI.KKFLS.109 not found in station metadata.
2026-05-06 03:33:55,696 [WARNING:utdquake.bank.utils] Station GCI.KKFLS.109 not found in station metadata.
2026-05-06 03:33:55,748 [WARNING:utdquake.bank.utils] Station GCI.KKFLS.110 not found in station metadata.
2026-05-06 03:33:55,798 [WARNING:utdquake.bank.utils] Station GCI.KKFLS.110 not found in station metadata.
2026-05-06 03:33:55,883 [WARNING:utdquake.bank.utils] Station GCI.KKFLS.111 not found in station metadata.
2026-05-06 03:33:55,939 [WARNING:utdquake.bank.utils] Station GCI.KKFLS.111 not found in station metadata.
2026-05-06 03:33:55,986 [WARNING:utdquake.bank.utils] Station GCI.KKFLS.112 not found in station metadata.
2026-05-06 03:33:56,059 [WARNING:utdquake.bank.utils] Station GCI.KKFLS.112 not found in station metadata.
2026-05-06 03:33:56,119 [WARNING:utdquake.bank.utils] Station GCI.KKFLS.113 not found in station metadata.
2026-05-06 03:33:56,167 [WARNING:utdquake.bank.utils] Station GCI.KKFLS.113 not found in station metadata.
2026-05-06 03:33:56,222 [WARNING:utdquake.bank.utils] Station GCI.KKFLS.114 not found in station metadata.
2026-05-06 03:33:56,271 [WARNING:utdquake.bank.utils] Station GCI.KKFLS.114 not found in station metadata.
2026-05-06 03:33:56,322 [WARNING:utdquake.bank.utils] Station GCI.KKFLS.115 not found in station metadata.
2026-05-06 03:33:56,367 [WARNING:utdquake.bank.utils] Station GCI.KKFLS.115 not found in station metadata.
2026-05-06 03:33:56,419 [WARNING:utdquake.bank.utils] Station GCI.KKFLS.116 not found in station metadata.
2026-05-06 03:33:56,465 [WARNING:utdquake.bank.utils] Station GCI.KKFLS.116 not found in station metadata.
2026-05-06 03:33:56,519 [WARNING:utdquake.bank.utils] Station GCI.KKFLS.117 not found in station metadata.
2026-05-06 03:33:56,563 [WARNING:utdquake.bank.utils] Station GCI.KKFLS.117 not found in station metadata.
2026-05-06 03:33:56,616 [WARNING:utdquake.bank.utils] Station GCI.KKFLS.118 not found in station metadata.
2026-05-06 03:33:56,663 [WARNING:utdquake.bank.utils] Station GCI.KKFLS.118 not found in station metadata.
2026-05-06 03:33:56,745 [WARNING:utdquake.bank.utils] Station GCI.KKFLS.119 not found in station metadata.
2026-05-06 03:33:56,799 [WARNING:utdquake.bank.utils] Station GCI.KKFLS.119 not found in station metadata.
2026-05-06 03:33:56,852 [WARNING:utdquake.bank.utils] Station GCI.KKFLS.120 not found in station metadata.
2026-05-06 03:33:56,898 [WARNING:utdquake.bank.utils] Station GCI.KKFLS.120 not found in station metadata.
2026-05-06 03:33:56,953 [WARNING:utdquake.bank.utils] Station GCI.KKFLS.121 not found in station metadata.
2026-05-06 03:33:56,997 [WARNING:utdquake.bank.utils] Station GCI.KKFLS.121 not found in station metadata.
2026-05-06 03:33:57,054 [WARNING:utdquake.bank.utils] Station GCI.KKFLS.122 not found in station metadata.
2026-05-06 03:33:57,113 [WARNING:utdquake.bank.utils] Station GCI.KKFLS.122 not found in station metadata.
2026-05-06 03:33:57,161 [WARNING:utdquake.bank.utils] Station GCI.KKFLS.123 not found in station metadata.
2026-05-06 03:33:57,216 [WARNING:utdquake.bank.utils] Station GCI.KKFLS.123 not found in station metadata.
2026-05-06 03:33:57,262 [WARNING:utdquake.bank.utils] Station GCI.KKFLS.124 not found in station metadata.
2026-05-06 03:33:57,315 [WARNING:utdquake.bank.utils] Station GCI.KKFLS.124 not found in station metadata.
2026-05-06 03:33:57,361 [WARNING:utdquake.bank.utils] Station GCI.KKFLS.125 not found in station metadata.
2026-05-06 03:33:57,416 [WARNING:utdquake.bank.utils] Station GCI.KKFLS.125 not found in station metadata.
2026-05-06 03:33:57,463 [WARNING:utdquake.bank.utils] Station GCI.KKFLS.126 not found in station metadata.
2026-05-06 03:33:57,518 [WARNING:utdquake.bank.utils] Station GCI.KKFLS.126 not found in station metadata.
2026-05-06 03:33:57,595 [WARNING:utdquake.bank.utils] Station GCI.KKFLS.127 not found in station metadata.
2026-05-06 03:33:57,649 [WARNING:utdquake.bank.utils] Station GCI.KKFLS.127 not found in station metadata.
2026-05-06 03:33:57,693 [WARNING:utdquake.bank.utils] Station GCI.KKFLS.128 not found in station metadata.
2026-05-06 03:33:57,751 [WARNING:utdquake.bank.utils] Station GCI.KKFLS.128 not found in station metadata.
2026-05-06 03:33:57,796 [WARNING:utdquake.bank.utils] Station GCI.KKFLS.129 not found in station metadata.
2026-05-06 03:33:57,851 [WARNING:utdquake.bank.utils] Station GCI.KKFLS.129 not found in station metadata.
2026-05-06 03:33:57,896 [WARNING:utdquake.bank.utils] Station GCI.KKFLS.130 not found in station metadata.
2026-05-06 03:33:57,949 [WARNING:utdquake.bank.utils] Station GCI.KKFLS.130 not found in station metadata.
2026-05-06 03:33:57,996 [WARNING:utdquake.bank.utils] Station GCI.KKFLS.131 not found in station metadata.
2026-05-06 03:33:58,053 [WARNING:utdquake.bank.utils] Station GCI.KKFLS.131 not found in station metadata.
2026-05-06 03:33:58,105 [WARNING:utdquake.bank.utils] Station GCI.KKFLS.132 not found in station metadata.
2026-05-06 03:33:58,159 [WARNING:utdquake.bank.utils] Station GCI.KKFLS.133 not found in station metadata.
2026-05-06 03:33:58,217 [WARNING:utdquake.bank.utils] Station GCI.KKFLS.133 not found in station metadata.
2026-05-06 03:33:58,267 [WARNING:utdquake.bank.utils] Station GCI.KKFLS.134 not found in station metadata.
2026-05-06 03:33:58,319 [WARNING:utdquake.bank.utils] Station GCI.KKFLS.134 not found in station metadata.
2026-05-06 03:33:58,364 [WARNING:utdquake.bank.utils] Station GCI.KKFLS.135 not found in station metadata.
2026-05-06 03:33:58,455 [WARNING:utdquake.bank.utils] Station GCI.KKFLS.135 not found in station metadata.
2026-05-06 03:33:58,498 [WARNING:utdquake.bank.utils] Station GCI.KKFLS.136 not found in station metadata.
2026-05-06 03:33:58,553 [WARNING:utdquake.bank.utils] Station GCI.KKFLS.136 not found in station metadata.
2026-05-06 03:33:58,599 [WARNING:utdquake.bank.utils] Station GCI.KKFLS.137 not found in station metadata.
2026-05-06 03:33:58,653 [WARNING:utdquake.bank.utils] Station GCI.KKFLS.137 not found in station metadata.
2026-05-06 03:33:58,699 [WARNING:utdquake.bank.utils] Station GCI.KKFLS.138 not found in station metadata.
2026-05-06 03:33:58,753 [WARNING:utdquake.bank.utils] Station GCI.KKFLS.138 not found in station metadata.
2026-05-06 03:54:13,773 [INFO:utdquake.bank.utils] Processed origin smi:service.iris.edu/fdsnws/event/1/query?originid=49432118. Ready to update quality metrics.
2026-05-06 03:54:13,774 [INFO:utdquake.bank.utils] Updating quality metrics for origin smi:service.iris.edu/fdsnws/event/1/query?originid=49432118.
2026-05-06 03:54:13,783 [INFO:utdquake.bank.utils] Quality metrics updated for origin smi:service.iris.edu/fdsnws/event/1/query?originid=49432118.
2026-05-06 03:54:13,784 [INFO:utdquake.bank.utils] Updated quality metrics for origin smi:service.iris.edu/fdsnws/event/1/query?originid=49432118.
2026-05-06 03:54:13,784 [INFO:utdquake.bank.utils] Finishing to process 1 events in catalog VJjQ881O.
2026-05-06 03:54:27,137 [INFO:utdquake.bank] Saved 1 events of 1 possible in chunk id 0   from 2023-12-27 04:43:30.917000 to 2023-12-28 04:43:30.917000 in /groups/igonin/ecastillo/UTDQuake_test/bank/GCI
2026-05-06 03:54:27,138 [INFO:utdquake.bank] Creating stations summary based on the events in the event bank at /groups/igonin/ecastillo/UTDQuake_test/bank/GCI/.stations
2026-05-06 03:54:27,157 [INFO:utdquake.bank.utils] Found 15000 station databases in /groups/igonin/ecastillo/UTDQuake_test/.utdquake/db/stations/.stations.
2026-05-06 04:02:49,459 [INFO:utdquake.bank] Updating stations summary in the event bank at /groups/igonin/ecastillo/UTDQuake_test/bank/GCI
2026-05-06 04:02:49,768 [INFO:utdquake.bank] Stations summary updated successfully.
2026-05-06 04:02:49,769 [INFO:utdquake.bank.utils] [1/10] Fetching events forward 2023-12-28T04:43:30.917000Z to 2023-12-29T04:43:30.917000Z...
2026-05-06 04:03:03,063 [INFO:utdquake.bank.utils] Restarting patience counter after successful fetch.
2026-05-06 04:03:03,283 [INFO:utdquake.bank] Chunk id: 0   initiated | Time range: 2023-12-28 04:43:30.917000 - 2023-12-29 04:43:30.917000 | Chunk creation time: 2026-05-06 04:03:03.283613
2026-05-06 04:03:03,284 [INFO:utdquake.bank.utils] Starting to process 1 events in catalog 66LJuo7c. (This id is created just for logging purposes)
2026-05-06 04:03:03,285 [INFO:utdquake.bank.utils] Processing event smi:service.iris.edu/fdsnws/event/1/query?eventid=11784946 with origin smi:service.iris.edu/fdsnws/event/1/query?originid=49444222
2026-05-06 04:03:03,289 [WARNING:utdquake.bank.utils] Station GCI.KKFLS.100 not found in station metadata.
2026-05-06 04:03:03,354 [WARNING:utdquake.bank.utils] Station GCI.KKFLS.100 not found in station metadata.
2026-05-06 04:03:03,401 [WARNING:utdquake.bank.utils] Station GCI.KKFLS.101 not found in station metadata.
2026-05-06 04:03:03,456 [WARNING:utdquake.bank.utils] Station GCI.KKFLS.101 not found in station metadata.
2026-05-06 04:03:03,504 [WARNING:utdquake.bank.utils] Station GCI.KKFLS.102 not found in station metadata.
2026-05-06 04:03:03,556 [WARNING:utdquake.bank.utils] Station GCI.KKFLS.102 not found in station metadata.
2026-05-06 04:03:03,602 [WARNING:utdquake.bank.utils] Station GCI.KKFLS.103 not found in station metadata.
2026-05-06 04:03:03,656 [WARNING:utdquake.bank.utils] Station GCI.KKFLS.103 not found in station metadata.
2026-05-06 04:03:03,701 [WARNING:utdquake.bank.utils] Station GCI.KKFLS.104 not found in station metadata.
2026-05-06 04:03:03,756 [WARNING:utdquake.bank.utils] Station GCI.KKFLS.104 not found in station metadata.
2026-05-06 04:03:03,803 [WARNING:utdquake.bank.utils] Station GCI.KKFLS.105 not found in station metadata.
2026-05-06 04:03:03,858 [WARNING:utdquake.bank.utils] Station GCI.KKFLS.105 not found in station metadata.
2026-05-06 04:03:03,914 [WARNING:utdquake.bank.utils] Station GCI.KKFLS.106 not found in station metadata.
2026-05-06 04:03:03,962 [WARNING:utdquake.bank.utils] Station GCI.KKFLS.106 not found in station metadata.
2026-05-06 04:03:04,018 [WARNING:utdquake.bank.utils] Station GCI.KKFLS.107 not found in station metadata.
2026-05-06 04:03:04,092 [WARNING:utdquake.bank.utils] Station GCI.KKFLS.107 not found in station metadata.
2026-05-06 04:03:04,146 [WARNING:utdquake.bank.utils] Station GCI.KKFLS.108 not found in station metadata.
2026-05-06 04:03:04,194 [WARNING:utdquake.bank.utils] Station GCI.KKFLS.108 not found in station metadata.
2026-05-06 04:03:04,248 [WARNING:utdquake.bank.utils] Station GCI.KKFLS.109 not found in station metadata.
2026-05-06 04:03:04,297 [WARNING:utdquake.bank.utils] Station GCI.KKFLS.109 not found in station metadata.
2026-05-06 04:03:04,361 [WARNING:utdquake.bank.utils] Station GCI.KKFLS.110 not found in station metadata.
2026-05-06 04:03:04,419 [WARNING:utdquake.bank.utils] Station GCI.KKFLS.110 not found in station metadata.
2026-05-06 04:03:04,466 [WARNING:utdquake.bank.utils] Station GCI.KKFLS.111 not found in station metadata.
2026-05-06 04:03:04,523 [WARNING:utdquake.bank.utils] Station GCI.KKFLS.111 not found in station metadata.
2026-05-06 04:03:04,571 [WARNING:utdquake.bank.utils] Station GCI.KKFLS.112 not found in station metadata.
2026-05-06 04:03:04,627 [WARNING:utdquake.bank.utils] Station GCI.KKFLS.112 not found in station metadata.
2026-05-06 04:03:04,676 [WARNING:utdquake.bank.utils] Station GCI.KKFLS.113 not found in station metadata.
2026-05-06 04:03:04,753 [WARNING:utdquake.bank.utils] Station GCI.KKFLS.113 not found in station metadata.
2026-05-06 04:03:04,801 [WARNING:utdquake.bank.utils] Station GCI.KKFLS.114 not found in station metadata.
2026-05-06 04:03:04,856 [WARNING:utdquake.bank.utils] Station GCI.KKFLS.114 not found in station metadata.
2026-05-06 04:03:04,919 [WARNING:utdquake.bank.utils] Station GCI.KKFLS.115 not found in station metadata.
2026-05-06 04:03:05,003 [WARNING:utdquake.bank.utils] Station GCI.KKFLS.115 not found in station metadata.
2026-05-06 04:03:05,062 [WARNING:utdquake.bank.utils] Station GCI.KKFLS.116 not found in station metadata.
2026-05-06 04:03:05,121 [WARNING:utdquake.bank.utils] Station GCI.KKFLS.116 not found in station metadata.
2026-05-06 04:03:05,171 [WARNING:utdquake.bank.utils] Station GCI.KKFLS.117 not found in station metadata.
2026-05-06 04:03:05,231 [WARNING:utdquake.bank.utils] Station GCI.KKFLS.117 not found in station metadata.
2026-05-06 04:03:05,278 [WARNING:utdquake.bank.utils] Station GCI.KKFLS.118 not found in station metadata.
2026-05-06 04:03:05,338 [WARNING:utdquake.bank.utils] Station GCI.KKFLS.118 not found in station metadata.
2026-05-06 04:03:05,385 [WARNING:utdquake.bank.utils] Station GCI.KKFLS.119 not found in station metadata.
2026-05-06 04:03:05,442 [WARNING:utdquake.bank.utils] Station GCI.KKFLS.119 not found in station metadata.
2026-05-06 04:03:05,488 [WARNING:utdquake.bank.utils] Station GCI.KKFLS.120 not found in station metadata.
2026-05-06 04:03:05,546 [WARNING:utdquake.bank.utils] Station GCI.KKFLS.120 not found in station metadata.
2026-05-06 04:03:05,593 [WARNING:utdquake.bank.utils] Station GCI.KKFLS.121 not found in station metadata.
2026-05-06 04:03:05,649 [WARNING:utdquake.bank.utils] Station GCI.KKFLS.121 not found in station metadata.
2026-05-06 04:03:05,698 [WARNING:utdquake.bank.utils] Station GCI.KKFLS.122 not found in station metadata.
2026-05-06 04:03:05,757 [WARNING:utdquake.bank.utils] Station GCI.KKFLS.122 not found in station metadata.
2026-05-06 04:03:05,814 [WARNING:utdquake.bank.utils] Station GCI.KKFLS.123 not found in station metadata.
2026-05-06 04:03:05,863 [WARNING:utdquake.bank.utils] Station GCI.KKFLS.123 not found in station metadata.
2026-05-06 04:03:05,920 [WARNING:utdquake.bank.utils] Station GCI.KKFLS.124 not found in station metadata.
2026-05-06 04:03:05,968 [WARNING:utdquake.bank.utils] Station GCI.KKFLS.124 not found in station metadata.
2026-05-06 04:03:06,026 [WARNING:utdquake.bank.utils] Station GCI.KKFLS.125 not found in station metadata.
2026-05-06 04:03:06,077 [WARNING:utdquake.bank.utils] Station GCI.KKFLS.125 not found in station metadata.
2026-05-06 04:03:06,136 [WARNING:utdquake.bank.utils] Station GCI.KKFLS.126 not found in station metadata.
2026-05-06 04:03:06,188 [WARNING:utdquake.bank.utils] Station GCI.KKFLS.126 not found in station metadata.
2026-05-06 04:03:06,247 [WARNING:utdquake.bank.utils] Station GCI.KKFLS.127 not found in station metadata.
2026-05-06 04:03:06,298 [WARNING:utdquake.bank.utils] Station GCI.KKFLS.127 not found in station metadata.
2026-05-06 04:03:06,360 [WARNING:utdquake.bank.utils] Station GCI.KKFLS.128 not found in station metadata.
2026-05-06 04:03:06,473 [WARNING:utdquake.bank.utils] Station GCI.KKFLS.128 not found in station metadata.
2026-05-06 04:03:06,531 [WARNING:utdquake.bank.utils] Station GCI.KKFLS.129 not found in station metadata.
2026-05-06 04:03:06,579 [WARNING:utdquake.bank.utils] Station GCI.KKFLS.129 not found in station metadata.
2026-05-06 04:03:06,635 [WARNING:utdquake.bank.utils] Station GCI.KKFLS.130 not found in station metadata.
2026-05-06 04:03:06,683 [WARNING:utdquake.bank.utils] Station GCI.KKFLS.130 not found in station metadata.
2026-05-06 04:03:06,741 [WARNING:utdquake.bank.utils] Station GCI.KKFLS.131 not found in station metadata.
2026-05-06 04:03:06,792 [WARNING:utdquake.bank.utils] Station GCI.KKFLS.131 not found in station metadata.
2026-05-06 04:03:06,850 [WARNING:utdquake.bank.utils] Station GCI.KKFLS.132 not found in station metadata.
2026-05-06 04:03:06,902 [WARNING:utdquake.bank.utils] Station GCI.KKFLS.132 not found in station metadata.
2026-05-06 04:03:06,958 [WARNING:utdquake.bank.utils] Station GCI.KKFLS.133 not found in station metadata.
2026-05-06 04:03:07,018 [WARNING:utdquake.bank.utils] Station GCI.KKFLS.133 not found in station metadata.
2026-05-06 04:03:07,077 [WARNING:utdquake.bank.utils] Station GCI.KKFLS.134 not found in station metadata.
2026-05-06 04:03:07,134 [WARNING:utdquake.bank.utils] Station GCI.KKFLS.134 not found in station metadata.
2026-05-06 04:03:07,185 [WARNING:utdquake.bank.utils] Station GCI.KKFLS.135 not found in station metadata.
2026-05-06 04:03:07,240 [WARNING:utdquake.bank.utils] Station GCI.KKFLS.136 not found in station metadata.
2026-05-06 04:03:07,291 [WARNING:utdquake.bank.utils] Station GCI.KKFLS.136 not found in station metadata.
2026-05-06 04:03:07,353 [WARNING:utdquake.bank.utils] Station GCI.KKFLS.137 not found in station metadata.
2026-05-06 04:03:07,404 [WARNING:utdquake.bank.utils] Station GCI.KKFLS.137 not found in station metadata.
2026-05-06 04:03:07,464 [WARNING:utdquake.bank.utils] Station GCI.KKFLS.138 not found in station metadata.
2026-05-06 04:03:07,519 [WARNING:utdquake.bank.utils] Station GCI.KKFLS.138 not found in station metadata.
2026-05-06 04:30:47,473 [INFO:utdquake.bank.utils] Processed origin smi:service.iris.edu/fdsnws/event/1/query?originid=49444222. Ready to update quality metrics.
2026-05-06 04:30:47,475 [INFO:utdquake.bank.utils] Updating quality metrics for origin smi:service.iris.edu/fdsnws/event/1/query?originid=49444222.
2026-05-06 04:30:47,485 [INFO:utdquake.bank.utils] Quality metrics updated for origin smi:service.iris.edu/fdsnws/event/1/query?originid=49444222.
2026-05-06 04:30:47,486 [INFO:utdquake.bank.utils] Updated quality metrics for origin smi:service.iris.edu/fdsnws/event/1/query?originid=49444222.
2026-05-06 04:30:47,487 [INFO:utdquake.bank.utils] Finishing to process 1 events in catalog 66LJuo7c.
2026-05-06 04:31:04,372 [INFO:utdquake.bank] Saved 1 events of 1 possible in chunk id 0   from 2023-12-28 04:43:30.917000 to 2023-12-29 04:43:30.917000 in /groups/igonin/ecastillo/UTDQuake_test/bank/GCI
2026-05-06 04:31:04,373 [INFO:utdquake.bank] Creating stations summary based on the events in the event bank at /groups/igonin/ecastillo/UTDQuake_test/bank/GCI/.stations
2026-05-06 04:31:04,393 [INFO:utdquake.bank.utils] Found 15000 station databases in /groups/igonin/ecastillo/UTDQuake_test/.utdquake/db/stations/.stations.
2026-05-06 04:39:38,811 [INFO:utdquake.bank] Updating stations summary in the event bank at /groups/igonin/ecastillo/UTDQuake_test/bank/GCI
2026-05-06 04:39:39,137 [INFO:utdquake.bank] Stations summary updated successfully.
2026-05-06 04:39:39,138 [INFO:utdquake.bank.utils] [1/10] Fetching events forward 2023-12-29T04:43:30.917000Z to 2023-12-30T04:43:30.917000Z...
2026-05-06 04:39:39,189 [INFO:utdquake.bank.utils] Restarting patience counter after successful fetch.
2026-05-06 04:39:39,422 [INFO:utdquake.bank] Chunk id: 0   initiated | Time range: 2023-12-29 04:43:30.917000 - 2023-12-30 04:43:30.917000 | Chunk creation time: 2026-05-06 04:39:39.421998
2026-05-06 04:39:39,422 [INFO:utdquake.bank.utils] Starting to process 0 events in catalog qaYuXUHd. (This id is created just for logging purposes)
2026-05-06 04:39:39,423 [INFO:utdquake.bank.utils] Finishing to process 0 events in catalog qaYuXUHd.
2026-05-06 04:39:40,353 [INFO:utdquake.bank] Saved 0 events of 0 possible in chunk id 0   from 2023-12-29 04:43:30.917000 to 2023-12-30 04:43:30.917000 in /groups/igonin/ecastillo/UTDQuake_test/bank/GCI
2026-05-06 04:39:40,354 [INFO:utdquake.bank] Creating stations summary based on the events in the event bank at /groups/igonin/ecastillo/UTDQuake_test/bank/GCI/.stations
2026-05-06 04:39:40,373 [INFO:utdquake.bank.utils] Found 15000 station databases in /groups/igonin/ecastillo/UTDQuake_test/.utdquake/db/stations/.stations.
2026-05-06 04:48:09,331 [INFO:utdquake.bank] Updating stations summary in the event bank at /groups/igonin/ecastillo/UTDQuake_test/bank/GCI
2026-05-06 04:48:09,552 [INFO:utdquake.bank] Stations summary updated successfully.
2026-05-06 04:48:09,553 [INFO:utdquake.bank.utils] [1/10] Fetching events forward 2023-12-30T04:43:30.917000Z to 2023-12-31T04:43:30.917000Z...
2026-05-06 04:48:20,708 [INFO:utdquake.bank.utils] Restarting patience counter after successful fetch.
2026-05-06 04:48:20,763 [INFO:utdquake.bank] Chunk id: 0   initiated | Time range: 2023-12-30 04:43:30.917000 - 2023-12-31 04:43:30.917000 | Chunk creation time: 2026-05-06 04:48:20.763408
2026-05-06 04:48:20,764 [INFO:utdquake.bank.utils] Starting to process 1 events in catalog 9r5SLebe. (This id is created just for logging purposes)
2026-05-06 04:48:20,765 [INFO:utdquake.bank.utils] Processing event smi:service.iris.edu/fdsnws/event/1/query?eventid=11785812 with origin smi:service.iris.edu/fdsnws/event/1/query?originid=49455819
2026-05-06 04:48:20,769 [WARNING:utdquake.bank.utils] Station GCI.KKFLS.100 not found in station metadata.
2026-05-06 04:48:20,831 [WARNING:utdquake.bank.utils] Station GCI.KKFLS.101 not found in station metadata.
2026-05-06 04:48:20,892 [WARNING:utdquake.bank.utils] Station GCI.KKFLS.102 not found in station metadata.
2026-05-06 04:48:20,951 [WARNING:utdquake.bank.utils] Station GCI.KKFLS.103 not found in station metadata.
2026-05-06 04:48:21,012 [WARNING:utdquake.bank.utils] Station GCI.KKFLS.104 not found in station metadata.
2026-05-06 04:48:21,057 [WARNING:utdquake.bank.utils] Station GCI.KKFLS.105 not found in station metadata.
2026-05-06 04:48:21,103 [WARNING:utdquake.bank.utils] Station GCI.KKFLS.106 not found in station metadata.
2026-05-06 04:48:21,155 [WARNING:utdquake.bank.utils] Station GCI.KKFLS.107 not found in station metadata.
2026-05-06 04:48:21,201 [WARNING:utdquake.bank.utils] Station GCI.KKFLS.108 not found in station metadata.
2026-05-06 04:48:21,253 [WARNING:utdquake.bank.utils] Station GCI.KKFLS.108 not found in station metadata.
2026-05-06 04:48:21,298 [WARNING:utdquake.bank.utils] Station GCI.KKFLS.109 not found in station metadata.
2026-05-06 04:48:21,356 [WARNING:utdquake.bank.utils] Station GCI.KKFLS.109 not found in station metadata.
2026-05-06 04:48:21,401 [WARNING:utdquake.bank.utils] Station GCI.KKFLS.110 not found in station metadata.
2026-05-06 04:48:21,475 [WARNING:utdquake.bank.utils] Station GCI.KKFLS.110 not found in station metadata.
2026-05-06 04:48:21,531 [WARNING:utdquake.bank.utils] Station GCI.KKFLS.111 not found in station metadata.
2026-05-06 04:48:21,577 [WARNING:utdquake.bank.utils] Station GCI.KKFLS.111 not found in station metadata.
2026-05-06 04:48:21,632 [WARNING:utdquake.bank.utils] Station GCI.KKFLS.112 not found in station metadata.
2026-05-06 04:48:21,680 [WARNING:utdquake.bank.utils] Station GCI.KKFLS.112 not found in station metadata.
2026-05-06 04:48:21,732 [WARNING:utdquake.bank.utils] Station GCI.KKFLS.113 not found in station metadata.
2026-05-06 04:48:21,784 [WARNING:utdquake.bank.utils] Station GCI.KKFLS.113 not found in station metadata.
2026-05-06 04:48:21,842 [WARNING:utdquake.bank.utils] Station GCI.KKFLS.114 not found in station metadata.
2026-05-06 04:48:21,892 [WARNING:utdquake.bank.utils] Station GCI.KKFLS.114 not found in station metadata.
2026-05-06 04:48:21,945 [WARNING:utdquake.bank.utils] Station GCI.KKFLS.115 not found in station metadata.
2026-05-06 04:48:22,022 [WARNING:utdquake.bank.utils] Station GCI.KKFLS.115 not found in station metadata.
2026-05-06 04:48:22,068 [WARNING:utdquake.bank.utils] Station GCI.KKFLS.116 not found in station metadata.
2026-05-06 04:48:22,123 [WARNING:utdquake.bank.utils] Station GCI.KKFLS.116 not found in station metadata.
2026-05-06 04:48:22,168 [WARNING:utdquake.bank.utils] Station GCI.KKFLS.117 not found in station metadata.
2026-05-06 04:48:22,222 [WARNING:utdquake.bank.utils] Station GCI.KKFLS.117 not found in station metadata.
2026-05-06 04:48:22,270 [WARNING:utdquake.bank.utils] Station GCI.KKFLS.118 not found in station metadata.
2026-05-06 04:48:22,325 [WARNING:utdquake.bank.utils] Station GCI.KKFLS.118 not found in station metadata.
2026-05-06 04:48:22,370 [WARNING:utdquake.bank.utils] Station GCI.KKFLS.119 not found in station metadata.
2026-05-06 04:48:22,426 [WARNING:utdquake.bank.utils] Station GCI.KKFLS.119 not found in station metadata.
2026-05-06 04:48:22,474 [WARNING:utdquake.bank.utils] Station GCI.KKFLS.120 not found in station metadata.
2026-05-06 04:48:22,551 [WARNING:utdquake.bank.utils] Station GCI.KKFLS.120 not found in station metadata.
2026-05-06 04:48:22,595 [WARNING:utdquake.bank.utils] Station GCI.KKFLS.121 not found in station metadata.
2026-05-06 04:48:22,668 [WARNING:utdquake.bank.utils] Station GCI.KKFLS.121 not found in station metadata.
2026-05-06 04:48:22,721 [WARNING:utdquake.bank.utils] Station GCI.KKFLS.122 not found in station metadata.
2026-05-06 04:48:22,765 [WARNING:utdquake.bank.utils] Station GCI.KKFLS.123 not found in station metadata.
2026-05-06 04:48:22,821 [WARNING:utdquake.bank.utils] Station GCI.KKFLS.124 not found in station metadata.
2026-05-06 04:48:22,868 [WARNING:utdquake.bank.utils] Station GCI.KKFLS.125 not found in station metadata.
2026-05-06 04:48:22,921 [WARNING:utdquake.bank.utils] Station GCI.KKFLS.125 not found in station metadata.
2026-05-06 04:48:22,967 [WARNING:utdquake.bank.utils] Station GCI.KKFLS.126 not found in station metadata.
2026-05-06 04:48:23,022 [WARNING:utdquake.bank.utils] Station GCI.KKFLS.127 not found in station metadata.
2026-05-06 04:48:23,086 [WARNING:utdquake.bank.utils] Station GCI.KKFLS.128 not found in station metadata.
2026-05-06 04:48:23,141 [WARNING:utdquake.bank.utils] Station GCI.KKFLS.128 not found in station metadata.
2026-05-06 04:48:23,183 [WARNING:utdquake.bank.utils] Station GCI.KKFLS.129 not found in station metadata.
2026-05-06 04:48:23,242 [WARNING:utdquake.bank.utils] Station GCI.KKFLS.130 not found in station metadata.
2026-05-06 04:48:23,290 [WARNING:utdquake.bank.utils] Station GCI.KKFLS.131 not found in station metadata.
2026-05-06 04:48:23,343 [WARNING:utdquake.bank.utils] Station GCI.KKFLS.132 not found in station metadata.
2026-05-06 04:48:23,389 [WARNING:utdquake.bank.utils] Station GCI.KKFLS.133 not found in station metadata.
2026-05-06 04:48:23,443 [WARNING:utdquake.bank.utils] Station GCI.KKFLS.134 not found in station metadata.
2026-05-06 04:48:23,488 [WARNING:utdquake.bank.utils] Station GCI.KKFLS.135 not found in station metadata.
2026-05-06 04:48:23,541 [WARNING:utdquake.bank.utils] Station GCI.KKFLS.136 not found in station metadata.
2026-05-06 04:48:23,615 [WARNING:utdquake.bank.utils] Station GCI.KKFLS.137 not found in station metadata.
2026-05-06 04:48:23,662 [WARNING:utdquake.bank.utils] Station GCI.KKFLS.138 not found in station metadata.
2026-05-06 05:13:49,685 [INFO:utdquake.bank.utils] Processed origin smi:service.iris.edu/fdsnws/event/1/query?originid=49455819. Ready to update quality metrics.
2026-05-06 05:13:49,687 [INFO:utdquake.bank.utils] Updating quality metrics for origin smi:service.iris.edu/fdsnws/event/1/query?originid=49455819.
2026-05-06 05:13:49,695 [INFO:utdquake.bank.utils] Quality metrics updated for origin smi:service.iris.edu/fdsnws/event/1/query?originid=49455819.
2026-05-06 05:13:49,697 [INFO:utdquake.bank.utils] Updated quality metrics for origin smi:service.iris.edu/fdsnws/event/1/query?originid=49455819.
2026-05-06 05:13:49,697 [INFO:utdquake.bank.utils] Finishing to process 1 events in catalog 9r5SLebe.
2026-05-06 05:14:04,763 [INFO:utdquake.bank] Saved 1 events of 1 possible in chunk id 0   from 2023-12-30 04:43:30.917000 to 2023-12-31 04:43:30.917000 in /groups/igonin/ecastillo/UTDQuake_test/bank/GCI
2026-05-06 05:14:04,764 [INFO:utdquake.bank] Creating stations summary based on the events in the event bank at /groups/igonin/ecastillo/UTDQuake_test/bank/GCI/.stations
2026-05-06 05:14:04,783 [INFO:utdquake.bank.utils] Found 15000 station databases in /groups/igonin/ecastillo/UTDQuake_test/.utdquake/db/stations/.stations.
2026-05-06 05:22:35,617 [INFO:utdquake.bank] Updating stations summary in the event bank at /groups/igonin/ecastillo/UTDQuake_test/bank/GCI
2026-05-06 05:22:35,974 [INFO:utdquake.bank] Stations summary updated successfully.
2026-05-06 05:22:35,974 [INFO:utdquake.bank.utils] [1/10] Fetching events forward 2023-12-31T04:43:30.917000Z to 2024-01-01T04:43:30.917000Z...
2026-05-06 05:22:46,570 [INFO:utdquake.bank.utils] Restarting patience counter after successful fetch.
2026-05-06 05:22:46,776 [INFO:utdquake.bank] Chunk id: 0   initiated | Time range: 2023-12-31 04:43:30.917000 - 2024-01-01 04:43:30.917000 | Chunk creation time: 2026-05-06 05:22:46.776820
2026-05-06 05:22:46,777 [INFO:utdquake.bank.utils] Starting to process 2 events in catalog XX0qzsUf. (This id is created just for logging purposes)
2026-05-06 05:22:46,778 [INFO:utdquake.bank.utils] Processing event smi:service.iris.edu/fdsnws/event/1/query?eventid=11785968 with origin smi:service.iris.edu/fdsnws/event/1/query?originid=49458618
2026-05-06 05:22:46,783 [WARNING:utdquake.bank.utils] Station GCI.KKFLS.100 not found in station metadata.
2026-05-06 05:22:46,844 [WARNING:utdquake.bank.utils] Station GCI.KKFLS.102 not found in station metadata.
2026-05-06 05:22:46,894 [WARNING:utdquake.bank.utils] Station GCI.KKFLS.104 not found in station metadata.
2026-05-06 05:22:46,951 [WARNING:utdquake.bank.utils] Station GCI.KKFLS.105 not found in station metadata.
2026-05-06 05:22:46,997 [WARNING:utdquake.bank.utils] Station GCI.KKFLS.107 not found in station metadata.
2026-05-06 05:22:47,057 [WARNING:utdquake.bank.utils] Station GCI.KKFLS.108 not found in station metadata.
2026-05-06 05:22:47,113 [WARNING:utdquake.bank.utils] Station GCI.KKFLS.109 not found in station metadata.
2026-05-06 05:22:47,161 [WARNING:utdquake.bank.utils] Station GCI.KKFLS.110 not found in station metadata.
2026-05-06 05:22:47,217 [WARNING:utdquake.bank.utils] Station GCI.KKFLS.111 not found in station metadata.
2026-05-06 05:22:47,266 [WARNING:utdquake.bank.utils] Station GCI.KKFLS.112 not found in station metadata.
2026-05-06 05:22:47,321 [WARNING:utdquake.bank.utils] Station GCI.KKFLS.113 not found in station metadata.
2026-05-06 05:22:47,370 [WARNING:utdquake.bank.utils] Station GCI.KKFLS.114 not found in station metadata.
2026-05-06 05:22:47,426 [WARNING:utdquake.bank.utils] Station GCI.KKFLS.115 not found in station metadata.
2026-05-06 05:22:47,473 [WARNING:utdquake.bank.utils] Station GCI.KKFLS.116 not found in station metadata.
2026-05-06 05:22:47,526 [WARNING:utdquake.bank.utils] Station GCI.KKFLS.117 not found in station metadata.
2026-05-06 05:22:47,603 [WARNING:utdquake.bank.utils] Station GCI.KKFLS.118 not found in station metadata.
2026-05-06 05:22:47,655 [WARNING:utdquake.bank.utils] Station GCI.KKFLS.119 not found in station metadata.
2026-05-06 05:22:47,703 [WARNING:utdquake.bank.utils] Station GCI.KKFLS.120 not found in station metadata.
2026-05-06 05:22:47,753 [WARNING:utdquake.bank.utils] Station GCI.KKFLS.121 not found in station metadata.
2026-05-06 05:22:47,804 [WARNING:utdquake.bank.utils] Station GCI.KKFLS.122 not found in station metadata.
2026-05-06 05:22:47,858 [WARNING:utdquake.bank.utils] Station GCI.KKFLS.123 not found in station metadata.
2026-05-06 05:22:47,912 [WARNING:utdquake.bank.utils] Station GCI.KKFLS.124 not found in station metadata.
2026-05-06 05:22:47,961 [WARNING:utdquake.bank.utils] Station GCI.KKFLS.125 not found in station metadata.
2026-05-06 05:22:48,018 [WARNING:utdquake.bank.utils] Station GCI.KKFLS.126 not found in station metadata.
2026-05-06 05:22:48,066 [WARNING:utdquake.bank.utils] Station GCI.KKFLS.127 not found in station metadata.
2026-05-06 05:22:48,122 [WARNING:utdquake.bank.utils] Station GCI.KKFLS.128 not found in station metadata.
2026-05-06 05:22:48,168 [WARNING:utdquake.bank.utils] Station GCI.KKFLS.129 not found in station metadata.
2026-05-06 05:22:48,225 [WARNING:utdquake.bank.utils] Station GCI.KKFLS.130 not found in station metadata.
2026-05-06 05:22:48,275 [WARNING:utdquake.bank.utils] Station GCI.KKFLS.131 not found in station metadata.
2026-05-06 05:22:48,328 [WARNING:utdquake.bank.utils] Station GCI.KKFLS.132 not found in station metadata.
2026-05-06 05:22:48,378 [WARNING:utdquake.bank.utils] Station GCI.KKFLS.133 not found in station metadata.
2026-05-06 05:22:48,463 [WARNING:utdquake.bank.utils] Station GCI.KKFLS.136 not found in station metadata.
2026-05-06 05:22:48,518 [WARNING:utdquake.bank.utils] Station GCI.KKFLS.137 not found in station metadata.
2026-05-06 05:22:48,566 [WARNING:utdquake.bank.utils] Station GCI.KKFLS.138 not found in station metadata.
2026-05-06 05:31:53,437 [INFO:utdquake.bank.utils] Processed origin smi:service.iris.edu/fdsnws/event/1/query?originid=49458618. Ready to update quality metrics.
2026-05-06 05:31:53,438 [INFO:utdquake.bank.utils] Updating quality metrics for origin smi:service.iris.edu/fdsnws/event/1/query?originid=49458618.
2026-05-06 05:31:53,443 [INFO:utdquake.bank.utils] Quality metrics updated for origin smi:service.iris.edu/fdsnws/event/1/query?originid=49458618.
2026-05-06 05:31:53,444 [INFO:utdquake.bank.utils] Updated quality metrics for origin smi:service.iris.edu/fdsnws/event/1/query?originid=49458618.
2026-05-06 05:31:53,444 [INFO:utdquake.bank.utils] Processing event smi:service.iris.edu/fdsnws/event/1/query?eventid=11785966 with origin smi:service.iris.edu/fdsnws/event/1/query?originid=49458518
2026-05-06 05:31:53,450 [WARNING:utdquake.bank.utils] Station GCI.KKFLS.100 not found in station metadata.
2026-05-06 05:31:53,500 [WARNING:utdquake.bank.utils] Station GCI.KKFLS.101 not found in station metadata.
2026-05-06 05:31:53,557 [WARNING:utdquake.bank.utils] Station GCI.KKFLS.102 not found in station metadata.
2026-05-06 05:31:53,628 [WARNING:utdquake.bank.utils] Station GCI.KKFLS.103 not found in station metadata.
2026-05-06 05:31:53,676 [WARNING:utdquake.bank.utils] Station GCI.KKFLS.104 not found in station metadata.
2026-05-06 05:31:53,744 [WARNING:utdquake.bank.utils] Station GCI.KKFLS.105 not found in station metadata.
2026-05-06 05:31:53,791 [WARNING:utdquake.bank.utils] Station GCI.KKFLS.107 not found in station metadata.
2026-05-06 05:31:53,846 [WARNING:utdquake.bank.utils] Station GCI.KKFLS.108 not found in station metadata.
2026-05-06 05:31:53,893 [WARNING:utdquake.bank.utils] Station GCI.KKFLS.109 not found in station metadata.
2026-05-06 05:31:53,952 [WARNING:utdquake.bank.utils] Station GCI.KKFLS.109 not found in station metadata.
2026-05-06 05:31:54,003 [WARNING:utdquake.bank.utils] Station GCI.KKFLS.110 not found in station metadata.
2026-05-06 05:31:54,062 [WARNING:utdquake.bank.utils] Station GCI.KKFLS.110 not found in station metadata.
2026-05-06 05:31:54,116 [WARNING:utdquake.bank.utils] Station GCI.KKFLS.111 not found in station metadata.
2026-05-06 05:31:54,165 [WARNING:utdquake.bank.utils] Station GCI.KKFLS.111 not found in station metadata.
2026-05-06 05:31:54,216 [WARNING:utdquake.bank.utils] Station GCI.KKFLS.112 not found in station metadata.
2026-05-06 05:31:54,266 [WARNING:utdquake.bank.utils] Station GCI.KKFLS.112 not found in station metadata.
2026-05-06 05:31:54,318 [WARNING:utdquake.bank.utils] Station GCI.KKFLS.113 not found in station metadata.
2026-05-06 05:31:54,377 [WARNING:utdquake.bank.utils] Station GCI.KKFLS.113 not found in station metadata.
2026-05-06 05:31:54,431 [WARNING:utdquake.bank.utils] Station GCI.KKFLS.114 not found in station metadata.
2026-05-06 05:31:54,481 [WARNING:utdquake.bank.utils] Station GCI.KKFLS.114 not found in station metadata.
2026-05-06 05:31:54,542 [WARNING:utdquake.bank.utils] Station GCI.KKFLS.115 not found in station metadata.
2026-05-06 05:31:54,647 [WARNING:utdquake.bank.utils] Station GCI.KKFLS.115 not found in station metadata.
2026-05-06 05:31:54,698 [WARNING:utdquake.bank.utils] Station GCI.KKFLS.116 not found in station metadata.
2026-05-06 05:31:54,756 [WARNING:utdquake.bank.utils] Station GCI.KKFLS.116 not found in station metadata.
2026-05-06 05:31:54,802 [WARNING:utdquake.bank.utils] Station GCI.KKFLS.117 not found in station metadata.
2026-05-06 05:31:54,859 [WARNING:utdquake.bank.utils] Station GCI.KKFLS.117 not found in station metadata.
2026-05-06 05:31:54,914 [WARNING:utdquake.bank.utils] Station GCI.KKFLS.118 not found in station metadata.
2026-05-06 05:31:54,963 [WARNING:utdquake.bank.utils] Station GCI.KKFLS.118 not found in station metadata.
2026-05-06 05:31:55,021 [WARNING:utdquake.bank.utils] Station GCI.KKFLS.119 not found in station metadata.
2026-05-06 05:31:55,073 [WARNING:utdquake.bank.utils] Station GCI.KKFLS.119 not found in station metadata.
2026-05-06 05:31:55,132 [WARNING:utdquake.bank.utils] Station GCI.KKFLS.120 not found in station metadata.
2026-05-06 05:31:55,184 [WARNING:utdquake.bank.utils] Station GCI.KKFLS.120 not found in station metadata.
2026-05-06 05:31:55,241 [WARNING:utdquake.bank.utils] Station GCI.KKFLS.121 not found in station metadata.
2026-05-06 05:31:55,295 [WARNING:utdquake.bank.utils] Station GCI.KKFLS.121 not found in station metadata.
2026-05-06 05:31:55,352 [WARNING:utdquake.bank.utils] Station GCI.KKFLS.122 not found in station metadata.
2026-05-06 05:31:55,403 [WARNING:utdquake.bank.utils] Station GCI.KKFLS.122 not found in station metadata.
2026-05-06 05:31:55,463 [WARNING:utdquake.bank.utils] Station GCI.KKFLS.123 not found in station metadata.
2026-05-06 05:31:55,523 [WARNING:utdquake.bank.utils] Station GCI.KKFLS.123 not found in station metadata.
2026-05-06 05:31:55,572 [WARNING:utdquake.bank.utils] Station GCI.KKFLS.124 not found in station metadata.
2026-05-06 05:31:55,633 [WARNING:utdquake.bank.utils] Station GCI.KKFLS.124 not found in station metadata.
2026-05-06 05:31:55,683 [WARNING:utdquake.bank.utils] Station GCI.KKFLS.125 not found in station metadata.
2026-05-06 05:31:55,749 [WARNING:utdquake.bank.utils] Station GCI.KKFLS.125 not found in station metadata.
2026-05-06 05:31:55,802 [WARNING:utdquake.bank.utils] Station GCI.KKFLS.126 not found in station metadata.
2026-05-06 05:31:55,938 [WARNING:utdquake.bank.utils] Station GCI.KKFLS.126 not found in station metadata.
2026-05-06 05:31:55,986 [WARNING:utdquake.bank.utils] Station GCI.KKFLS.127 not found in station metadata.
2026-05-06 05:31:56,058 [WARNING:utdquake.bank.utils] Station GCI.KKFLS.127 not found in station metadata.
2026-05-06 05:31:56,115 [WARNING:utdquake.bank.utils] Station GCI.KKFLS.128 not found in station metadata.
2026-05-06 05:31:56,189 [WARNING:utdquake.bank.utils] Station GCI.KKFLS.128 not found in station metadata.
2026-05-06 05:31:56,243 [WARNING:utdquake.bank.utils] Station GCI.KKFLS.129 not found in station metadata.
2026-05-06 05:31:56,325 [WARNING:utdquake.bank.utils] Station GCI.KKFLS.129 not found in station metadata.
2026-05-06 05:31:56,375 [WARNING:utdquake.bank.utils] Station GCI.KKFLS.130 not found in station metadata.
2026-05-06 05:31:56,434 [WARNING:utdquake.bank.utils] Station GCI.KKFLS.130 not found in station metadata.
2026-05-06 05:31:56,486 [WARNING:utdquake.bank.utils] Station GCI.KKFLS.131 not found in station metadata.
2026-05-06 05:31:56,543 [WARNING:utdquake.bank.utils] Station GCI.KKFLS.131 not found in station metadata.
2026-05-06 05:31:56,592 [WARNING:utdquake.bank.utils] Station GCI.KKFLS.132 not found in station metadata.
2026-05-06 05:31:56,647 [WARNING:utdquake.bank.utils] Station GCI.KKFLS.133 not found in station metadata.
2026-05-06 05:31:56,696 [WARNING:utdquake.bank.utils] Station GCI.KKFLS.133 not found in station metadata.
2026-05-06 05:31:56,748 [WARNING:utdquake.bank.utils] Station GCI.KKFLS.134 not found in station metadata.
2026-05-06 05:31:56,797 [WARNING:utdquake.bank.utils] Station GCI.KKFLS.135 not found in station metadata.
2026-05-06 05:31:56,857 [WARNING:utdquake.bank.utils] Station GCI.KKFLS.136 not found in station metadata.
2026-05-06 05:31:56,917 [WARNING:utdquake.bank.utils] Station GCI.KKFLS.137 not found in station metadata.
2026-05-06 05:31:56,973 [WARNING:utdquake.bank.utils] Station GCI.KKFLS.138 not found in station metadata.
2026-05-06 05:44:40,553 [INFO:utdquake.bank.utils] Processed origin smi:service.iris.edu/fdsnws/event/1/query?originid=49458518. Ready to update quality metrics.
2026-05-06 05:44:40,554 [INFO:utdquake.bank.utils] Updating quality metrics for origin smi:service.iris.edu/fdsnws/event/1/query?originid=49458518.
2026-05-06 05:44:40,561 [INFO:utdquake.bank.utils] Quality metrics updated for origin smi:service.iris.edu/fdsnws/event/1/query?originid=49458518.
2026-05-06 05:44:40,562 [INFO:utdquake.bank.utils] Updated quality metrics for origin smi:service.iris.edu/fdsnws/event/1/query?originid=49458518.
2026-05-06 05:44:40,563 [INFO:utdquake.bank.utils] Finishing to process 2 events in catalog XX0qzsUf.
2026-05-06 05:44:55,186 [INFO:utdquake.bank] Saved 2 events of 2 possible in chunk id 0   from 2023-12-31 04:43:30.917000 to 2024-01-01 04:43:30.917000 in /groups/igonin/ecastillo/UTDQuake_test/bank/GCI
2026-05-06 05:44:55,187 [INFO:utdquake.bank] Creating stations summary based on the events in the event bank at /groups/igonin/ecastillo/UTDQuake_test/bank/GCI/.stations
2026-05-06 05:44:55,208 [INFO:utdquake.bank.utils] Found 15000 station databases in /groups/igonin/ecastillo/UTDQuake_test/.utdquake/db/stations/.stations.
2026-05-06 05:53:29,584 [INFO:utdquake.bank] Updating stations summary in the event bank at /groups/igonin/ecastillo/UTDQuake_test/bank/GCI
2026-05-06 05:53:29,882 [INFO:utdquake.bank] Stations summary updated successfully.
2026-05-06 05:53:29,882 [INFO:utdquake.bank.utils] [1/10] Fetching events forward 2024-01-01T04:43:30.917000Z to 2024-01-02T04:43:30.917000Z...
2026-05-06 05:53:29,936 [INFO:utdquake.bank.utils] Restarting patience counter after successful fetch.
2026-05-06 05:53:30,174 [INFO:utdquake.bank] Chunk id: 0   initiated | Time range: 2024-01-01 04:43:30.917000 - 2024-01-02 04:43:30.917000 | Chunk creation time: 2026-05-06 05:53:30.174261
2026-05-06 05:53:30,175 [INFO:utdquake.bank.utils] Starting to process 0 events in catalog 4l2n8rXq. (This id is created just for logging purposes)
2026-05-06 05:53:30,175 [INFO:utdquake.bank.utils] Finishing to process 0 events in catalog 4l2n8rXq.
2026-05-06 05:53:31,091 [INFO:utdquake.bank] Saved 0 events of 0 possible in chunk id 0   from 2024-01-01 04:43:30.917000 to 2024-01-02 04:43:30.917000 in /groups/igonin/ecastillo/UTDQuake_test/bank/GCI
2026-05-06 05:53:31,091 [INFO:utdquake.bank] Creating stations summary based on the events in the event bank at /groups/igonin/ecastillo/UTDQuake_test/bank/GCI/.stations
2026-05-06 05:53:31,111 [INFO:utdquake.bank.utils] Found 15000 station databases in /groups/igonin/ecastillo/UTDQuake_test/.utdquake/db/stations/.stations.
2026-05-06 06:02:02,884 [INFO:utdquake.bank] Updating stations summary in the event bank at /groups/igonin/ecastillo/UTDQuake_test/bank/GCI
2026-05-06 06:02:03,079 [INFO:utdquake.bank] Stations summary updated successfully.
2026-05-06 06:02:03,079 [INFO:utdquake.bank.utils] [1/10] Fetching events forward 2024-01-02T04:43:30.917000Z to 2024-01-03T04:43:30.917000Z...
2026-05-06 06:02:03,136 [INFO:utdquake.bank.utils] Restarting patience counter after successful fetch.
2026-05-06 06:02:03,137 [INFO:utdquake.bank] Chunk id: 0   initiated | Time range: 2024-01-02 04:43:30.917000 - 2024-01-03 04:43:30.917000 | Chunk creation time: 2026-05-06 06:02:03.137753
2026-05-06 06:02:03,138 [INFO:utdquake.bank.utils] Starting to process 0 events in catalog MSu3h8zz. (This id is created just for logging purposes)
2026-05-06 06:02:03,138 [INFO:utdquake.bank.utils] Finishing to process 0 events in catalog MSu3h8zz.
2026-05-06 06:02:04,147 [INFO:utdquake.bank] Saved 0 events of 0 possible in chunk id 0   from 2024-01-02 04:43:30.917000 to 2024-01-03 04:43:30.917000 in /groups/igonin/ecastillo/UTDQuake_test/bank/GCI
2026-05-06 06:02:04,148 [INFO:utdquake.bank] Creating stations summary based on the events in the event bank at /groups/igonin/ecastillo/UTDQuake_test/bank/GCI/.stations
2026-05-06 06:02:04,169 [INFO:utdquake.bank.utils] Found 15000 station databases in /groups/igonin/ecastillo/UTDQuake_test/.utdquake/db/stations/.stations.
2026-05-06 06:10:40,813 [INFO:utdquake.bank] Updating stations summary in the event bank at /groups/igonin/ecastillo/UTDQuake_test/bank/GCI
2026-05-06 06:10:41,019 [INFO:utdquake.bank] Stations summary updated successfully.
2026-05-06 06:10:41,020 [INFO:utdquake.bank.utils] [1/10] Fetching events forward 2024-01-03T04:43:30.917000Z to 2024-01-04T04:43:30.917000Z...
2026-05-06 06:10:41,066 [INFO:utdquake.bank.utils] Restarting patience counter after successful fetch.
2026-05-06 06:10:41,067 [INFO:utdquake.bank] Chunk id: 0   initiated | Time range: 2024-01-03 04:43:30.917000 - 2024-01-04 04:43:30.917000 | Chunk creation time: 2026-05-06 06:10:41.067665
2026-05-06 06:10:41,069 [INFO:utdquake.bank.utils] Starting to process 0 events in catalog iIprQqcM. (This id is created just for logging purposes)
2026-05-06 06:10:41,069 [INFO:utdquake.bank.utils] Finishing to process 0 events in catalog iIprQqcM.
2026-05-06 06:10:41,973 [INFO:utdquake.bank] Saved 0 events of 0 possible in chunk id 0   from 2024-01-03 04:43:30.917000 to 2024-01-04 04:43:30.917000 in /groups/igonin/ecastillo/UTDQuake_test/bank/GCI
2026-05-06 06:10:41,974 [INFO:utdquake.bank] Creating stations summary based on the events in the event bank at /groups/igonin/ecastillo/UTDQuake_test/bank/GCI/.stations
2026-05-06 06:10:41,995 [INFO:utdquake.bank.utils] Found 15000 station databases in /groups/igonin/ecastillo/UTDQuake_test/.utdquake/db/stations/.stations.
2026-05-06 06:19:15,500 [INFO:utdquake.bank] Updating stations summary in the event bank at /groups/igonin/ecastillo/UTDQuake_test/bank/GCI
2026-05-06 06:19:15,719 [INFO:utdquake.bank] Stations summary updated successfully.
2026-05-06 06:19:15,720 [INFO:utdquake.bank.utils] [1/10] Fetching events forward 2024-01-04T04:43:30.917000Z to 2024-01-05T04:43:30.917000Z...
2026-05-06 06:19:15,766 [INFO:utdquake.bank.utils] Restarting patience counter after successful fetch.
2026-05-06 06:19:15,767 [INFO:utdquake.bank] Chunk id: 0   initiated | Time range: 2024-01-04 04:43:30.917000 - 2024-01-05 04:43:30.917000 | Chunk creation time: 2026-05-06 06:19:15.767398
2026-05-06 06:19:15,767 [INFO:utdquake.bank.utils] Starting to process 0 events in catalog XBbFaVML. (This id is created just for logging purposes)
2026-05-06 06:19:15,768 [INFO:utdquake.bank.utils] Finishing to process 0 events in catalog XBbFaVML.
2026-05-06 06:19:16,681 [INFO:utdquake.bank] Saved 0 events of 0 possible in chunk id 0   from 2024-01-04 04:43:30.917000 to 2024-01-05 04:43:30.917000 in /groups/igonin/ecastillo/UTDQuake_test/bank/GCI
2026-05-06 06:19:16,682 [INFO:utdquake.bank] Creating stations summary based on the events in the event bank at /groups/igonin/ecastillo/UTDQuake_test/bank/GCI/.stations
2026-05-06 06:19:16,702 [INFO:utdquake.bank.utils] Found 15000 station databases in /groups/igonin/ecastillo/UTDQuake_test/.utdquake/db/stations/.stations.
2026-05-06 06:27:51,240 [INFO:utdquake.bank] Updating stations summary in the event bank at /groups/igonin/ecastillo/UTDQuake_test/bank/GCI
2026-05-06 06:27:51,450 [INFO:utdquake.bank] Stations summary updated successfully.
2026-05-06 06:27:51,450 [INFO:utdquake.bank.utils] [1/10] Fetching events forward 2024-01-05T04:43:30.917000Z to 2024-01-06T04:43:30.917000Z...
2026-05-06 06:28:02,083 [INFO:utdquake.bank.utils] Restarting patience counter after successful fetch.
2026-05-06 06:28:02,111 [INFO:utdquake.bank] Chunk id: 0   initiated | Time range: 2024-01-05 04:43:30.917000 - 2024-01-06 04:43:30.917000 | Chunk creation time: 2026-05-06 06:28:02.111950
2026-05-06 06:28:02,112 [INFO:utdquake.bank.utils] Starting to process 2 events in catalog 6ZIvKUlJ. (This id is created just for logging purposes)
2026-05-06 06:28:02,113 [INFO:utdquake.bank.utils] Processing event smi:service.iris.edu/fdsnws/event/1/query?eventid=11788015 with origin smi:service.iris.edu/fdsnws/event/1/query?originid=49487320
2026-05-06 06:41:48,883 [INFO:utdquake.bank.utils] Processed origin smi:service.iris.edu/fdsnws/event/1/query?originid=49487320. Ready to update quality metrics.
2026-05-06 06:41:48,884 [INFO:utdquake.bank.utils] Updating quality metrics for origin smi:service.iris.edu/fdsnws/event/1/query?originid=49487320.
2026-05-06 06:41:48,890 [INFO:utdquake.bank.utils] Quality metrics updated for origin smi:service.iris.edu/fdsnws/event/1/query?originid=49487320.
2026-05-06 06:41:48,890 [INFO:utdquake.bank.utils] Updated quality metrics for origin smi:service.iris.edu/fdsnws/event/1/query?originid=49487320.
2026-05-06 06:41:48,892 [INFO:utdquake.bank.utils] Processing event smi:service.iris.edu/fdsnws/event/1/query?eventid=11787972 with origin smi:service.iris.edu/fdsnws/event/1/query?originid=49486948
2026-05-06 06:53:43,419 [INFO:utdquake.bank.utils] Processed origin smi:service.iris.edu/fdsnws/event/1/query?originid=49486948. Ready to update quality metrics.
2026-05-06 06:53:43,421 [INFO:utdquake.bank.utils] Updating quality metrics for origin smi:service.iris.edu/fdsnws/event/1/query?originid=49486948.
2026-05-06 06:53:43,426 [INFO:utdquake.bank.utils] Quality metrics updated for origin smi:service.iris.edu/fdsnws/event/1/query?originid=49486948.
2026-05-06 06:53:43,427 [INFO:utdquake.bank.utils] Updated quality metrics for origin smi:service.iris.edu/fdsnws/event/1/query?originid=49486948.
2026-05-06 06:53:43,428 [INFO:utdquake.bank.utils] Finishing to process 2 events in catalog 6ZIvKUlJ.
2026-05-06 06:53:57,727 [INFO:utdquake.bank] Saved 2 events of 2 possible in chunk id 0   from 2024-01-05 04:43:30.917000 to 2024-01-06 04:43:30.917000 in /groups/igonin/ecastillo/UTDQuake_test/bank/GCI
2026-05-06 06:53:57,728 [INFO:utdquake.bank] Creating stations summary based on the events in the event bank at /groups/igonin/ecastillo/UTDQuake_test/bank/GCI/.stations
2026-05-06 06:53:57,753 [INFO:utdquake.bank.utils] Found 21300 station databases in /groups/igonin/ecastillo/UTDQuake_test/.utdquake/db/stations/.stations.
2026-05-06 07:03:05,846 [INFO:utdquake.bank] Updating stations summary in the event bank at /groups/igonin/ecastillo/UTDQuake_test/bank/GCI
2026-05-06 07:03:06,138 [INFO:utdquake.bank] Stations summary updated successfully.
2026-05-06 07:03:06,138 [INFO:utdquake.bank.utils] [1/10] Fetching events forward 2024-01-06T04:43:30.917000Z to 2024-01-07T04:43:30.917000Z...
2026-05-06 07:03:16,849 [INFO:utdquake.bank.utils] Restarting patience counter after successful fetch.
2026-05-06 07:03:17,077 [INFO:utdquake.bank] Chunk id: 0   initiated | Time range: 2024-01-06 04:43:30.917000 - 2024-01-07 04:43:30.917000 | Chunk creation time: 2026-05-06 07:03:17.077946
2026-05-06 07:03:17,078 [INFO:utdquake.bank.utils] Starting to process 1 events in catalog pcNMV5Kq. (This id is created just for logging purposes)
2026-05-06 07:03:17,079 [INFO:utdquake.bank.utils] Processing event smi:service.iris.edu/fdsnws/event/1/query?eventid=11788305 with origin smi:service.iris.edu/fdsnws/event/1/query?originid=49492168
2026-05-06 07:27:59,855 [INFO:utdquake.bank.utils] Processed origin smi:service.iris.edu/fdsnws/event/1/query?originid=49492168. Ready to update quality metrics.
2026-05-06 07:27:59,857 [INFO:utdquake.bank.utils] Updating quality metrics for origin smi:service.iris.edu/fdsnws/event/1/query?originid=49492168.
2026-05-06 07:27:59,867 [INFO:utdquake.bank.utils] Quality metrics updated for origin smi:service.iris.edu/fdsnws/event/1/query?originid=49492168.
2026-05-06 07:27:59,868 [INFO:utdquake.bank.utils] Updated quality metrics for origin smi:service.iris.edu/fdsnws/event/1/query?originid=49492168.
2026-05-06 07:27:59,869 [INFO:utdquake.bank.utils] Finishing to process 1 events in catalog pcNMV5Kq.
2026-05-06 07:28:15,084 [INFO:utdquake.bank] Saved 1 events of 1 possible in chunk id 0   from 2024-01-06 04:43:30.917000 to 2024-01-07 04:43:30.917000 in /groups/igonin/ecastillo/UTDQuake_test/bank/GCI
2026-05-06 07:28:15,084 [INFO:utdquake.bank] Creating stations summary based on the events in the event bank at /groups/igonin/ecastillo/UTDQuake_test/bank/GCI/.stations
2026-05-06 07:28:15,111 [INFO:utdquake.bank.utils] Found 22286 station databases in /groups/igonin/ecastillo/UTDQuake_test/.utdquake/db/stations/.stations.
2026-05-06 07:37:34,542 [INFO:utdquake.bank] Updating stations summary in the event bank at /groups/igonin/ecastillo/UTDQuake_test/bank/GCI
2026-05-06 07:37:34,819 [INFO:utdquake.bank] Stations summary updated successfully.
2026-05-06 07:37:34,820 [INFO:utdquake.bank.utils] [1/10] Fetching events forward 2024-01-07T04:43:30.917000Z to 2024-01-08T04:43:30.917000Z...
2026-05-06 07:37:48,587 [INFO:utdquake.bank.utils] Restarting patience counter after successful fetch.
2026-05-06 07:37:48,888 [INFO:utdquake.bank] Chunk id: 0   initiated | Time range: 2024-01-07 04:43:30.917000 - 2024-01-08 04:43:30.917000 | Chunk creation time: 2026-05-06 07:37:48.888927
2026-05-06 07:37:48,889 [INFO:utdquake.bank.utils] Starting to process 1 events in catalog 25IYTYwA. (This id is created just for logging purposes)
2026-05-06 07:37:48,890 [INFO:utdquake.bank.utils] Processing event smi:service.iris.edu/fdsnws/event/1/query?eventid=11788379 with origin smi:service.iris.edu/fdsnws/event/1/query?originid=49493168
2026-05-06 08:07:34,177 [INFO:utdquake.bank.utils] Processed origin smi:service.iris.edu/fdsnws/event/1/query?originid=49493168. Ready to update quality metrics.
2026-05-06 08:07:34,179 [INFO:utdquake.bank.utils] Updating quality metrics for origin smi:service.iris.edu/fdsnws/event/1/query?originid=49493168.
2026-05-06 08:07:34,189 [INFO:utdquake.bank.utils] Quality metrics updated for origin smi:service.iris.edu/fdsnws/event/1/query?originid=49493168.
2026-05-06 08:07:34,190 [INFO:utdquake.bank.utils] Updated quality metrics for origin smi:service.iris.edu/fdsnws/event/1/query?originid=49493168.
2026-05-06 08:07:34,190 [INFO:utdquake.bank.utils] Finishing to process 1 events in catalog 25IYTYwA.
2026-05-06 08:07:51,704 [INFO:utdquake.bank] Saved 1 events of 1 possible in chunk id 0   from 2024-01-07 04:43:30.917000 to 2024-01-08 04:43:30.917000 in /groups/igonin/ecastillo/UTDQuake_test/bank/GCI
2026-05-06 08:07:51,708 [INFO:utdquake.bank] Creating stations summary based on the events in the event bank at /groups/igonin/ecastillo/UTDQuake_test/bank/GCI/.stations
2026-05-06 08:07:51,735 [INFO:utdquake.bank.utils] Found 22500 station databases in /groups/igonin/ecastillo/UTDQuake_test/.utdquake/db/stations/.stations.
2026-05-06 08:17:11,354 [INFO:utdquake.bank] Updating stations summary in the event bank at /groups/igonin/ecastillo/UTDQuake_test/bank/GCI
2026-05-06 08:17:11,626 [INFO:utdquake.bank] Stations summary updated successfully.
2026-05-06 08:17:11,627 [INFO:utdquake.bank.utils] [1/10] Fetching events forward 2024-01-08T04:43:30.917000Z to 2024-01-09T04:43:30.917000Z...
2026-05-06 08:17:11,677 [INFO:utdquake.bank.utils] Restarting patience counter after successful fetch.
2026-05-06 08:17:11,934 [INFO:utdquake.bank] Chunk id: 0   initiated | Time range: 2024-01-08 04:43:30.917000 - 2024-01-09 04:43:30.917000 | Chunk creation time: 2026-05-06 08:17:11.934183
2026-05-06 08:17:11,935 [INFO:utdquake.bank.utils] Starting to process 0 events in catalog Q1oPxDEf. (This id is created just for logging purposes)
2026-05-06 08:17:11,935 [INFO:utdquake.bank.utils] Finishing to process 0 events in catalog Q1oPxDEf.
2026-05-06 08:17:12,936 [INFO:utdquake.bank] Saved 0 events of 0 possible in chunk id 0   from 2024-01-08 04:43:30.917000 to 2024-01-09 04:43:30.917000 in /groups/igonin/ecastillo/UTDQuake_test/bank/GCI
2026-05-06 08:17:12,937 [INFO:utdquake.bank] Creating stations summary based on the events in the event bank at /groups/igonin/ecastillo/UTDQuake_test/bank/GCI/.stations
2026-05-06 08:17:12,964 [INFO:utdquake.bank.utils] Found 22500 station databases in /groups/igonin/ecastillo/UTDQuake_test/.utdquake/db/stations/.stations.
2026-05-06 08:26:29,665 [INFO:utdquake.bank] Updating stations summary in the event bank at /groups/igonin/ecastillo/UTDQuake_test/bank/GCI
2026-05-06 08:26:29,916 [INFO:utdquake.bank] Stations summary updated successfully.
2026-05-06 08:26:29,917 [INFO:utdquake.bank.utils] [1/10] Fetching events forward 2024-01-09T04:43:30.917000Z to 2024-01-10T04:43:30.917000Z...
2026-05-06 08:26:37,445 [INFO:utdquake.bank.utils] Restarting patience counter after successful fetch.
2026-05-06 08:26:37,482 [INFO:utdquake.bank] Chunk id: 0   initiated | Time range: 2024-01-09 04:43:30.917000 - 2024-01-10 04:43:30.917000 | Chunk creation time: 2026-05-06 08:26:37.482296
2026-05-06 08:26:37,482 [INFO:utdquake.bank.utils] Starting to process 1 events in catalog Q6phzRD2. (This id is created just for logging purposes)
2026-05-06 08:26:37,483 [INFO:utdquake.bank.utils] Processing event smi:service.iris.edu/fdsnws/event/1/query?eventid=11789069 with origin smi:service.iris.edu/fdsnws/event/1/query?originid=49504419
2026-05-06 08:45:11,630 [INFO:utdquake.bank.utils] Processed origin smi:service.iris.edu/fdsnws/event/1/query?originid=49504419. Ready to update quality metrics.
2026-05-06 08:45:11,633 [INFO:utdquake.bank.utils] Updating quality metrics for origin smi:service.iris.edu/fdsnws/event/1/query?originid=49504419.
2026-05-06 08:45:11,640 [INFO:utdquake.bank.utils] Quality metrics updated for origin smi:service.iris.edu/fdsnws/event/1/query?originid=49504419.
2026-05-06 08:45:11,641 [INFO:utdquake.bank.utils] Updated quality metrics for origin smi:service.iris.edu/fdsnws/event/1/query?originid=49504419.
2026-05-06 08:45:11,642 [INFO:utdquake.bank.utils] Finishing to process 1 events in catalog Q6phzRD2.
2026-05-06 08:45:22,760 [INFO:utdquake.bank] Saved 1 events of 1 possible in chunk id 0   from 2024-01-09 04:43:30.917000 to 2024-01-10 04:43:30.917000 in /groups/igonin/ecastillo/UTDQuake_test/bank/GCI
2026-05-06 08:45:22,762 [INFO:utdquake.bank] Creating stations summary based on the events in the event bank at /groups/igonin/ecastillo/UTDQuake_test/bank/GCI/.stations
2026-05-06 08:45:22,789 [INFO:utdquake.bank.utils] Found 22500 station databases in /groups/igonin/ecastillo/UTDQuake_test/.utdquake/db/stations/.stations.
2026-05-06 08:54:40,453 [INFO:utdquake.bank] Updating stations summary in the event bank at /groups/igonin/ecastillo/UTDQuake_test/bank/GCI
2026-05-06 08:54:40,715 [INFO:utdquake.bank] Stations summary updated successfully.
2026-05-06 08:54:40,716 [INFO:utdquake.bank.utils] [1/10] Fetching events forward 2024-01-10T04:43:30.917000Z to 2024-01-11T04:43:30.917000Z...
2026-05-06 08:54:40,764 [INFO:utdquake.bank.utils] Restarting patience counter after successful fetch.
2026-05-06 08:54:40,920 [INFO:utdquake.bank] Chunk id: 0   initiated | Time range: 2024-01-10 04:43:30.917000 - 2024-01-11 04:43:30.917000 | Chunk creation time: 2026-05-06 08:54:40.920023
2026-05-06 08:54:40,921 [INFO:utdquake.bank.utils] Starting to process 0 events in catalog xLlFO03G. (This id is created just for logging purposes)
2026-05-06 08:54:40,922 [INFO:utdquake.bank.utils] Finishing to process 0 events in catalog xLlFO03G.
2026-05-06 08:54:41,830 [INFO:utdquake.bank] Saved 0 events of 0 possible in chunk id 0   from 2024-01-10 04:43:30.917000 to 2024-01-11 04:43:30.917000 in /groups/igonin/ecastillo/UTDQuake_test/bank/GCI
2026-05-06 08:54:41,831 [INFO:utdquake.bank] Creating stations summary based on the events in the event bank at /groups/igonin/ecastillo/UTDQuake_test/bank/GCI/.stations
2026-05-06 08:54:41,860 [INFO:utdquake.bank.utils] Found 22500 station databases in /groups/igonin/ecastillo/UTDQuake_test/.utdquake/db/stations/.stations.
2026-05-06 09:03:54,207 [INFO:utdquake.bank] Updating stations summary in the event bank at /groups/igonin/ecastillo/UTDQuake_test/bank/GCI
2026-05-06 09:03:54,431 [INFO:utdquake.bank] Stations summary updated successfully.
2026-05-06 09:03:54,432 [INFO:utdquake.bank.utils] [1/10] Fetching events forward 2024-01-11T04:43:30.917000Z to 2024-01-12T04:43:30.917000Z...
2026-05-06 09:03:56,987 [INFO:utdquake.bank.utils] Restarting patience counter after successful fetch.
2026-05-06 09:03:56,995 [INFO:utdquake.bank] Chunk id: 0   initiated | Time range: 2024-01-11 04:43:30.917000 - 2024-01-12 04:43:30.917000 | Chunk creation time: 2026-05-06 09:03:56.995287
2026-05-06 09:03:56,995 [INFO:utdquake.bank.utils] Starting to process 1 events in catalog 28ZVzeOR. (This id is created just for logging purposes)
2026-05-06 09:03:56,996 [INFO:utdquake.bank.utils] Processing event smi:service.iris.edu/fdsnws/event/1/query?eventid=11789926 with origin smi:service.iris.edu/fdsnws/event/1/query?originid=49512869
2026-05-06 09:09:25,118 [INFO:utdquake.bank.utils] Processed origin smi:service.iris.edu/fdsnws/event/1/query?originid=49512869. Ready to update quality metrics.
2026-05-06 09:09:25,119 [INFO:utdquake.bank.utils] Updating quality metrics for origin smi:service.iris.edu/fdsnws/event/1/query?originid=49512869.
2026-05-06 09:09:25,122 [INFO:utdquake.bank.utils] Quality metrics updated for origin smi:service.iris.edu/fdsnws/event/1/query?originid=49512869.
2026-05-06 09:09:25,123 [INFO:utdquake.bank.utils] Updated quality metrics for origin smi:service.iris.edu/fdsnws/event/1/query?originid=49512869.
2026-05-06 09:09:25,124 [INFO:utdquake.bank.utils] Finishing to process 1 events in catalog 28ZVzeOR.
2026-05-06 09:09:29,382 [INFO:utdquake.bank] Saved 1 events of 1 possible in chunk id 0   from 2024-01-11 04:43:30.917000 to 2024-01-12 04:43:30.917000 in /groups/igonin/ecastillo/UTDQuake_test/bank/GCI
2026-05-06 09:09:29,383 [INFO:utdquake.bank] Creating stations summary based on the events in the event bank at /groups/igonin/ecastillo/UTDQuake_test/bank/GCI/.stations
2026-05-06 09:09:29,409 [INFO:utdquake.bank.utils] Found 22500 station databases in /groups/igonin/ecastillo/UTDQuake_test/.utdquake/db/stations/.stations.
2026-05-06 09:18:16,992 [INFO:utdquake.bank] Updating stations summary in the event bank at /groups/igonin/ecastillo/UTDQuake_test/bank/GCI
2026-05-06 09:18:17,256 [INFO:utdquake.bank] Stations summary updated successfully.
2026-05-06 09:18:17,257 [INFO:utdquake.bank.utils] [1/10] Fetching events forward 2024-01-12T04:43:30.917000Z to 2024-01-13T04:43:30.917000Z...
2026-05-06 09:18:17,281 [INFO:utdquake.bank.utils] Restarting patience counter after successful fetch.
2026-05-06 09:18:17,335 [INFO:utdquake.bank] Chunk id: 0   initiated | Time range: 2024-01-12 04:43:30.917000 - 2024-01-13 04:43:30.917000 | Chunk creation time: 2026-05-06 09:18:17.335290
2026-05-06 09:18:17,337 [INFO:utdquake.bank.utils] Starting to process 0 events in catalog GIDuKDTB. (This id is created just for logging purposes)
2026-05-06 09:18:17,338 [INFO:utdquake.bank.utils] Finishing to process 0 events in catalog GIDuKDTB.
2026-05-06 09:18:18,356 [INFO:utdquake.bank] Saved 0 events of 0 possible in chunk id 0   from 2024-01-12 04:43:30.917000 to 2024-01-13 04:43:30.917000 in /groups/igonin/ecastillo/UTDQuake_test/bank/GCI
2026-05-06 09:18:18,357 [INFO:utdquake.bank] Creating stations summary based on the events in the event bank at /groups/igonin/ecastillo/UTDQuake_test/bank/GCI/.stations
2026-05-06 09:18:18,386 [INFO:utdquake.bank.utils] Found 22500 station databases in /groups/igonin/ecastillo/UTDQuake_test/.utdquake/db/stations/.stations.
2026-05-06 09:27:22,025 [INFO:utdquake.bank] Updating stations summary in the event bank at /groups/igonin/ecastillo/UTDQuake_test/bank/GCI
2026-05-06 09:27:22,257 [INFO:utdquake.bank] Stations summary updated successfully.
2026-05-06 09:27:22,257 [INFO:utdquake.bank.utils] [1/10] Fetching events forward 2024-01-13T04:43:30.917000Z to 2024-01-14T04:43:30.917000Z...
2026-05-06 09:27:22,280 [INFO:utdquake.bank.utils] Restarting patience counter after successful fetch.
2026-05-06 09:27:22,282 [INFO:utdquake.bank] Chunk id: 0   initiated | Time range: 2024-01-13 04:43:30.917000 - 2024-01-14 04:43:30.917000 | Chunk creation time: 2026-05-06 09:27:22.282039
2026-05-06 09:27:22,282 [INFO:utdquake.bank.utils] Starting to process 0 events in catalog U6kcEKOA. (This id is created just for logging purposes)
2026-05-06 09:27:22,283 [INFO:utdquake.bank.utils] Finishing to process 0 events in catalog U6kcEKOA.
2026-05-06 09:27:23,173 [INFO:utdquake.bank] Saved 0 events of 0 possible in chunk id 0   from 2024-01-13 04:43:30.917000 to 2024-01-14 04:43:30.917000 in /groups/igonin/ecastillo/UTDQuake_test/bank/GCI
2026-05-06 09:27:23,174 [INFO:utdquake.bank] Creating stations summary based on the events in the event bank at /groups/igonin/ecastillo/UTDQuake_test/bank/GCI/.stations
2026-05-06 09:27:23,203 [INFO:utdquake.bank.utils] Found 22500 station databases in /groups/igonin/ecastillo/UTDQuake_test/.utdquake/db/stations/.stations.
2026-05-06 09:36:27,042 [INFO:utdquake.bank] Updating stations summary in the event bank at /groups/igonin/ecastillo/UTDQuake_test/bank/GCI
2026-05-06 09:36:27,275 [INFO:utdquake.bank] Stations summary updated successfully.
2026-05-06 09:36:27,275 [INFO:utdquake.bank.utils] [1/10] Fetching events forward 2024-01-14T04:43:30.917000Z to 2024-01-15T04:43:30.917000Z...
2026-05-06 09:36:33,492 [INFO:utdquake.bank.utils] Restarting patience counter after successful fetch.
2026-05-06 09:36:33,529 [INFO:utdquake.bank] Chunk id: 0   initiated | Time range: 2024-01-14 04:43:30.917000 - 2024-01-15 04:43:30.917000 | Chunk creation time: 2026-05-06 09:36:33.529358
2026-05-06 09:36:33,530 [INFO:utdquake.bank.utils] Starting to process 1 events in catalog GDhxTdSL. (This id is created just for logging purposes)
2026-05-06 09:36:33,531 [INFO:utdquake.bank.utils] Processing event smi:service.iris.edu/fdsnws/event/1/query?eventid=11790874 with origin smi:service.iris.edu/fdsnws/event/1/query?originid=49524318
2026-05-06 09:50:51,213 [INFO:utdquake.bank.utils] Processed origin smi:service.iris.edu/fdsnws/event/1/query?originid=49524318. Ready to update quality metrics.
2026-05-06 09:50:51,214 [INFO:utdquake.bank.utils] Updating quality metrics for origin smi:service.iris.edu/fdsnws/event/1/query?originid=49524318.
2026-05-06 09:50:51,220 [INFO:utdquake.bank.utils] Quality metrics updated for origin smi:service.iris.edu/fdsnws/event/1/query?originid=49524318.
2026-05-06 09:50:51,221 [INFO:utdquake.bank.utils] Updated quality metrics for origin smi:service.iris.edu/fdsnws/event/1/query?originid=49524318.
2026-05-06 09:50:51,222 [INFO:utdquake.bank.utils] Finishing to process 1 events in catalog GDhxTdSL.
2026-05-06 09:51:00,474 [INFO:utdquake.bank] Saved 1 events of 1 possible in chunk id 0   from 2024-01-14 04:43:30.917000 to 2024-01-15 04:43:30.917000 in /groups/igonin/ecastillo/UTDQuake_test/bank/GCI
2026-05-06 09:51:00,475 [INFO:utdquake.bank] Creating stations summary based on the events in the event bank at /groups/igonin/ecastillo/UTDQuake_test/bank/GCI/.stations
2026-05-06 09:51:00,502 [INFO:utdquake.bank.utils] Found 22500 station databases in /groups/igonin/ecastillo/UTDQuake_test/.utdquake/db/stations/.stations.
2026-05-06 10:00:15,073 [INFO:utdquake.bank] Updating stations summary in the event bank at /groups/igonin/ecastillo/UTDQuake_test/bank/GCI
2026-05-06 10:00:15,398 [INFO:utdquake.bank] Stations summary updated successfully.
2026-05-06 10:00:15,399 [INFO:utdquake.bank.utils] [1/10] Fetching events forward 2024-01-15T04:43:30.917000Z to 2024-01-16T04:43:30.917000Z...
2026-05-06 10:00:15,451 [INFO:utdquake.bank.utils] Restarting patience counter after successful fetch.
2026-05-06 10:00:15,577 [INFO:utdquake.bank] Chunk id: 0   initiated | Time range: 2024-01-15 04:43:30.917000 - 2024-01-16 04:43:30.917000 | Chunk creation time: 2026-05-06 10:00:15.577508
2026-05-06 10:00:15,578 [INFO:utdquake.bank.utils] Starting to process 0 events in catalog 67ELkjNU. (This id is created just for logging purposes)
2026-05-06 10:00:15,579 [INFO:utdquake.bank.utils] Finishing to process 0 events in catalog 67ELkjNU.
2026-05-06 10:00:16,518 [INFO:utdquake.bank] Saved 0 events of 0 possible in chunk id 0   from 2024-01-15 04:43:30.917000 to 2024-01-16 04:43:30.917000 in /groups/igonin/ecastillo/UTDQuake_test/bank/GCI
2026-05-06 10:00:16,519 [INFO:utdquake.bank] Creating stations summary based on the events in the event bank at /groups/igonin/ecastillo/UTDQuake_test/bank/GCI/.stations
2026-05-06 10:00:16,550 [INFO:utdquake.bank.utils] Found 22500 station databases in /groups/igonin/ecastillo/UTDQuake_test/.utdquake/db/stations/.stations.
2026-05-06 10:09:23,495 [INFO:utdquake.bank] Updating stations summary in the event bank at /groups/igonin/ecastillo/UTDQuake_test/bank/GCI
2026-05-06 10:09:23,722 [INFO:utdquake.bank] Stations summary updated successfully.
2026-05-06 10:09:23,722 [INFO:utdquake.bank.utils] [1/10] Fetching events forward 2024-01-16T04:43:30.917000Z to 2024-01-17T04:43:30.917000Z...
2026-05-06 10:09:23,744 [INFO:utdquake.bank.utils] Restarting patience counter after successful fetch.
2026-05-06 10:09:23,744 [INFO:utdquake.bank] Chunk id: 0   initiated | Time range: 2024-01-16 04:43:30.917000 - 2024-01-17 04:43:30.917000 | Chunk creation time: 2026-05-06 10:09:23.744804
2026-05-06 10:09:23,745 [INFO:utdquake.bank.utils] Starting to process 0 events in catalog RTkNTd3a. (This id is created just for logging purposes)
2026-05-06 10:09:23,746 [INFO:utdquake.bank.utils] Finishing to process 0 events in catalog RTkNTd3a.
2026-05-06 10:09:24,620 [INFO:utdquake.bank] Saved 0 events of 0 possible in chunk id 0   from 2024-01-16 04:43:30.917000 to 2024-01-17 04:43:30.917000 in /groups/igonin/ecastillo/UTDQuake_test/bank/GCI
2026-05-06 10:09:24,621 [INFO:utdquake.bank] Creating stations summary based on the events in the event bank at /groups/igonin/ecastillo/UTDQuake_test/bank/GCI/.stations
2026-05-06 10:09:24,647 [INFO:utdquake.bank.utils] Found 22500 station databases in /groups/igonin/ecastillo/UTDQuake_test/.utdquake/db/stations/.stations.
2026-05-06 10:18:43,553 [INFO:utdquake.bank] Updating stations summary in the event bank at /groups/igonin/ecastillo/UTDQuake_test/bank/GCI
2026-05-06 10:18:43,789 [INFO:utdquake.bank] Stations summary updated successfully.
2026-05-06 10:18:43,790 [INFO:utdquake.bank.utils] [1/10] Fetching events forward 2024-01-17T04:43:30.917000Z to 2024-01-18T04:43:30.917000Z...
2026-05-06 10:18:43,846 [INFO:utdquake.bank.utils] Restarting patience counter after successful fetch.
2026-05-06 10:18:43,847 [INFO:utdquake.bank] Chunk id: 0   initiated | Time range: 2024-01-17 04:43:30.917000 - 2024-01-18 04:43:30.917000 | Chunk creation time: 2026-05-06 10:18:43.847250
2026-05-06 10:18:43,847 [INFO:utdquake.bank.utils] Starting to process 0 events in catalog MSciZBHe. (This id is created just for logging purposes)
2026-05-06 10:18:43,848 [INFO:utdquake.bank.utils] Finishing to process 0 events in catalog MSciZBHe.
2026-05-06 10:18:44,748 [INFO:utdquake.bank] Saved 0 events of 0 possible in chunk id 0   from 2024-01-17 04:43:30.917000 to 2024-01-18 04:43:30.917000 in /groups/igonin/ecastillo/UTDQuake_test/bank/GCI
2026-05-06 10:18:44,749 [INFO:utdquake.bank] Creating stations summary based on the events in the event bank at /groups/igonin/ecastillo/UTDQuake_test/bank/GCI/.stations
2026-05-06 10:18:44,777 [INFO:utdquake.bank.utils] Found 22500 station databases in /groups/igonin/ecastillo/UTDQuake_test/.utdquake/db/stations/.stations.
2026-05-06 10:28:06,773 [INFO:utdquake.bank] Updating stations summary in the event bank at /groups/igonin/ecastillo/UTDQuake_test/bank/GCI
2026-05-06 10:28:06,991 [INFO:utdquake.bank] Stations summary updated successfully.
2026-05-06 10:28:06,992 [INFO:utdquake.bank.utils] [1/10] Fetching events forward 2024-01-18T04:43:30.917000Z to 2024-01-19T04:43:30.917000Z...
2026-05-06 10:28:26,466 [INFO:utdquake.bank.utils] Restarting patience counter after successful fetch.
2026-05-06 10:28:26,511 [INFO:utdquake.bank] Chunk id: 0   initiated | Time range: 2024-01-18 04:43:30.917000 - 2024-01-19 04:43:30.917000 | Chunk creation time: 2026-05-06 10:28:26.511514
2026-05-06 10:28:26,512 [INFO:utdquake.bank.utils] Starting to process 2 events in catalog HSihT8mE. (This id is created just for logging purposes)
2026-05-06 10:28:26,512 [INFO:utdquake.bank.utils] Processing event smi:service.iris.edu/fdsnws/event/1/query?eventid=11792099 with origin smi:service.iris.edu/fdsnws/event/1/query?originid=49540821
2026-05-06 10:50:10,689 [INFO:utdquake.bank.utils] Processed origin smi:service.iris.edu/fdsnws/event/1/query?originid=49540821. Ready to update quality metrics.
2026-05-06 10:50:10,693 [INFO:utdquake.bank.utils] Updating quality metrics for origin smi:service.iris.edu/fdsnws/event/1/query?originid=49540821.
2026-05-06 10:50:10,700 [INFO:utdquake.bank.utils] Quality metrics updated for origin smi:service.iris.edu/fdsnws/event/1/query?originid=49540821.
2026-05-06 10:50:10,708 [INFO:utdquake.bank.utils] Updated quality metrics for origin smi:service.iris.edu/fdsnws/event/1/query?originid=49540821.
2026-05-06 10:50:10,710 [INFO:utdquake.bank.utils] Processing event smi:service.iris.edu/fdsnws/event/1/query?eventid=11791965 with origin smi:service.iris.edu/fdsnws/event/1/query?originid=49539169
2026-05-06 11:13:17,017 [INFO:utdquake.bank.utils] Processed origin smi:service.iris.edu/fdsnws/event/1/query?originid=49539169. Ready to update quality metrics.
2026-05-06 11:13:17,019 [INFO:utdquake.bank.utils] Updating quality metrics for origin smi:service.iris.edu/fdsnws/event/1/query?originid=49539169.
2026-05-06 11:13:17,028 [INFO:utdquake.bank.utils] Quality metrics updated for origin smi:service.iris.edu/fdsnws/event/1/query?originid=49539169.
2026-05-06 11:13:17,029 [INFO:utdquake.bank.utils] Updated quality metrics for origin smi:service.iris.edu/fdsnws/event/1/query?originid=49539169.
2026-05-06 11:13:17,029 [INFO:utdquake.bank.utils] Finishing to process 2 events in catalog HSihT8mE.
2026-05-06 11:13:41,664 [INFO:utdquake.bank] Saved 2 events of 2 possible in chunk id 0   from 2024-01-18 04:43:30.917000 to 2024-01-19 04:43:30.917000 in /groups/igonin/ecastillo/UTDQuake_test/bank/GCI
2026-05-06 11:13:41,665 [INFO:utdquake.bank] Creating stations summary based on the events in the event bank at /groups/igonin/ecastillo/UTDQuake_test/bank/GCI/.stations
2026-05-06 11:13:41,691 [INFO:utdquake.bank.utils] Found 22500 station databases in /groups/igonin/ecastillo/UTDQuake_test/.utdquake/db/stations/.stations.
2026-05-06 11:23:12,319 [INFO:utdquake.bank] Updating stations summary in the event bank at /groups/igonin/ecastillo/UTDQuake_test/bank/GCI
2026-05-06 11:23:12,647 [INFO:utdquake.bank] Stations summary updated successfully.
2026-05-06 11:23:12,647 [INFO:utdquake.bank.utils] [1/10] Fetching events forward 2024-01-19T04:43:30.917000Z to 2024-01-20T04:43:30.917000Z...
2026-05-06 11:23:30,776 [INFO:utdquake.bank.utils] Restarting patience counter after successful fetch.
2026-05-06 11:23:31,141 [INFO:utdquake.bank] Chunk id: 0   initiated | Time range: 2024-01-19 04:43:30.917000 - 2024-01-20 04:43:30.917000 | Chunk creation time: 2026-05-06 11:23:31.141537
2026-05-06 11:23:31,142 [INFO:utdquake.bank.utils] Starting to process 3 events in catalog jAKwPdz0. (This id is created just for logging purposes)
2026-05-06 11:23:31,143 [INFO:utdquake.bank.utils] Processing event smi:service.iris.edu/fdsnws/event/1/query?eventid=11792392 with origin smi:service.iris.edu/fdsnws/event/1/query?originid=49543469
2026-05-06 11:34:06,614 [INFO:utdquake.bank.utils] Processed origin smi:service.iris.edu/fdsnws/event/1/query?originid=49543469. Ready to update quality metrics.
2026-05-06 11:34:06,616 [INFO:utdquake.bank.utils] Updating quality metrics for origin smi:service.iris.edu/fdsnws/event/1/query?originid=49543469.
2026-05-06 11:34:06,622 [INFO:utdquake.bank.utils] Quality metrics updated for origin smi:service.iris.edu/fdsnws/event/1/query?originid=49543469.
2026-05-06 11:34:06,623 [INFO:utdquake.bank.utils] Updated quality metrics for origin smi:service.iris.edu/fdsnws/event/1/query?originid=49543469.
2026-05-06 11:34:06,623 [INFO:utdquake.bank.utils] Processing event smi:service.iris.edu/fdsnws/event/1/query?eventid=11792394 with origin smi:service.iris.edu/fdsnws/event/1/query?originid=49543518
2026-05-06 11:48:57,070 [INFO:utdquake.bank.utils] Processed origin smi:service.iris.edu/fdsnws/event/1/query?originid=49543518. Ready to update quality metrics.
2026-05-06 11:48:57,072 [INFO:utdquake.bank.utils] Updating quality metrics for origin smi:service.iris.edu/fdsnws/event/1/query?originid=49543518.
2026-05-06 11:48:57,078 [INFO:utdquake.bank.utils] Quality metrics updated for origin smi:service.iris.edu/fdsnws/event/1/query?originid=49543518.
2026-05-06 11:48:57,079 [INFO:utdquake.bank.utils] Updated quality metrics for origin smi:service.iris.edu/fdsnws/event/1/query?originid=49543518.
2026-05-06 11:48:57,079 [INFO:utdquake.bank.utils] Processing event smi:service.iris.edu/fdsnws/event/1/query?eventid=11792640 with origin smi:service.iris.edu/fdsnws/event/1/query?originid=49545579
2026-05-06 12:04:44,067 [INFO:utdquake.bank.utils] Processed origin smi:service.iris.edu/fdsnws/event/1/query?originid=49545579. Ready to update quality metrics.
2026-05-06 12:04:44,068 [INFO:utdquake.bank.utils] Updating quality metrics for origin smi:service.iris.edu/fdsnws/event/1/query?originid=49545579.
2026-05-06 12:04:44,075 [INFO:utdquake.bank.utils] Quality metrics updated for origin smi:service.iris.edu/fdsnws/event/1/query?originid=49545579.
2026-05-06 12:04:44,077 [INFO:utdquake.bank.utils] Updated quality metrics for origin smi:service.iris.edu/fdsnws/event/1/query?originid=49545579.
2026-05-06 12:04:44,078 [INFO:utdquake.bank.utils] Finishing to process 3 events in catalog jAKwPdz0.
2026-05-06 12:05:07,443 [INFO:utdquake.bank] Saved 3 events of 3 possible in chunk id 0   from 2024-01-19 04:43:30.917000 to 2024-01-20 04:43:30.917000 in /groups/igonin/ecastillo/UTDQuake_test/bank/GCI
2026-05-06 12:05:07,444 [INFO:utdquake.bank] Creating stations summary based on the events in the event bank at /groups/igonin/ecastillo/UTDQuake_test/bank/GCI/.stations
2026-05-06 12:05:07,471 [INFO:utdquake.bank.utils] Found 22500 station databases in /groups/igonin/ecastillo/UTDQuake_test/.utdquake/db/stations/.stations.
2026-05-06 12:14:39,402 [INFO:utdquake.bank] Updating stations summary in the event bank at /groups/igonin/ecastillo/UTDQuake_test/bank/GCI
2026-05-06 12:14:39,694 [INFO:utdquake.bank] Stations summary updated successfully.
2026-05-06 12:14:39,694 [INFO:utdquake.bank.utils] [1/10] Fetching events forward 2024-01-20T04:43:30.917000Z to 2024-01-21T04:43:30.917000Z...
2026-05-06 12:14:48,786 [INFO:utdquake.bank.utils] Restarting patience counter after successful fetch.
2026-05-06 12:14:49,175 [INFO:utdquake.bank] Chunk id: 0   initiated | Time range: 2024-01-20 04:43:30.917000 - 2024-01-21 04:43:30.917000 | Chunk creation time: 2026-05-06 12:14:49.175511
2026-05-06 12:14:49,176 [INFO:utdquake.bank.utils] Starting to process 1 events in catalog BywO2IgC. (This id is created just for logging purposes)
2026-05-06 12:14:49,177 [INFO:utdquake.bank.utils] Processing event smi:service.iris.edu/fdsnws/event/1/query?eventid=11793218 with origin smi:service.iris.edu/fdsnws/event/1/query?originid=49549821
2026-05-06 12:34:24,923 [INFO:utdquake.bank.utils] Processed origin smi:service.iris.edu/fdsnws/event/1/query?originid=49549821. Ready to update quality metrics.
2026-05-06 12:34:24,925 [INFO:utdquake.bank.utils] Updating quality metrics for origin smi:service.iris.edu/fdsnws/event/1/query?originid=49549821.
2026-05-06 12:34:24,933 [INFO:utdquake.bank.utils] Quality metrics updated for origin smi:service.iris.edu/fdsnws/event/1/query?originid=49549821.
2026-05-06 12:34:24,934 [INFO:utdquake.bank.utils] Updated quality metrics for origin smi:service.iris.edu/fdsnws/event/1/query?originid=49549821.
2026-05-06 12:34:24,934 [INFO:utdquake.bank.utils] Finishing to process 1 events in catalog BywO2IgC.
2026-05-06 12:34:36,510 [INFO:utdquake.bank] Saved 1 events of 1 possible in chunk id 0   from 2024-01-20 04:43:30.917000 to 2024-01-21 04:43:30.917000 in /groups/igonin/ecastillo/UTDQuake_test/bank/GCI
2026-05-06 12:34:36,511 [INFO:utdquake.bank] Creating stations summary based on the events in the event bank at /groups/igonin/ecastillo/UTDQuake_test/bank/GCI/.stations
2026-05-06 12:34:36,538 [INFO:utdquake.bank.utils] Found 22500 station databases in /groups/igonin/ecastillo/UTDQuake_test/.utdquake/db/stations/.stations.
2026-05-06 12:44:15,585 [INFO:utdquake.bank] Updating stations summary in the event bank at /groups/igonin/ecastillo/UTDQuake_test/bank/GCI
2026-05-06 12:44:15,881 [INFO:utdquake.bank] Stations summary updated successfully.
2026-05-06 12:44:15,882 [INFO:utdquake.bank.utils] [1/10] Fetching events forward 2024-01-21T04:43:30.917000Z to 2024-01-22T04:43:30.917000Z...
2026-05-06 12:44:15,936 [INFO:utdquake.bank.utils] Restarting patience counter after successful fetch.
2026-05-06 12:44:16,134 [INFO:utdquake.bank] Chunk id: 0   initiated | Time range: 2024-01-21 04:43:30.917000 - 2024-01-22 04:43:30.917000 | Chunk creation time: 2026-05-06 12:44:16.134081
2026-05-06 12:44:16,134 [INFO:utdquake.bank.utils] Starting to process 0 events in catalog qvfUKChp. (This id is created just for logging purposes)
2026-05-06 12:44:16,135 [INFO:utdquake.bank.utils] Finishing to process 0 events in catalog qvfUKChp.
2026-05-06 12:44:17,133 [INFO:utdquake.bank] Saved 0 events of 0 possible in chunk id 0   from 2024-01-21 04:43:30.917000 to 2024-01-22 04:43:30.917000 in /groups/igonin/ecastillo/UTDQuake_test/bank/GCI
2026-05-06 12:44:17,134 [INFO:utdquake.bank] Creating stations summary based on the events in the event bank at /groups/igonin/ecastillo/UTDQuake_test/bank/GCI/.stations
2026-05-06 12:44:17,163 [INFO:utdquake.bank.utils] Found 22500 station databases in /groups/igonin/ecastillo/UTDQuake_test/.utdquake/db/stations/.stations.
2026-05-06 12:53:57,388 [INFO:utdquake.bank] Updating stations summary in the event bank at /groups/igonin/ecastillo/UTDQuake_test/bank/GCI
2026-05-06 12:53:57,625 [INFO:utdquake.bank] Stations summary updated successfully.
2026-05-06 12:53:57,627 [INFO:utdquake.bank.utils] [1/10] Fetching events forward 2024-01-22T04:43:30.917000Z to 2024-01-23T04:43:30.917000Z...
2026-05-06 12:53:57,654 [INFO:utdquake.bank.utils] Restarting patience counter after successful fetch.
2026-05-06 12:53:57,655 [INFO:utdquake.bank] Chunk id: 0   initiated | Time range: 2024-01-22 04:43:30.917000 - 2024-01-23 04:43:30.917000 | Chunk creation time: 2026-05-06 12:53:57.655882
2026-05-06 12:53:57,656 [INFO:utdquake.bank.utils] Starting to process 0 events in catalog LpAoCEIs. (This id is created just for logging purposes)
2026-05-06 12:53:57,657 [INFO:utdquake.bank.utils] Finishing to process 0 events in catalog LpAoCEIs.
2026-05-06 12:53:58,594 [INFO:utdquake.bank] Saved 0 events of 0 possible in chunk id 0   from 2024-01-22 04:43:30.917000 to 2024-01-23 04:43:30.917000 in /groups/igonin/ecastillo/UTDQuake_test/bank/GCI
2026-05-06 12:53:58,595 [INFO:utdquake.bank] Creating stations summary based on the events in the event bank at /groups/igonin/ecastillo/UTDQuake_test/bank/GCI/.stations
2026-05-06 12:53:58,622 [INFO:utdquake.bank.utils] Found 22500 station databases in /groups/igonin/ecastillo/UTDQuake_test/.utdquake/db/stations/.stations.
2026-05-06 13:03:40,194 [INFO:utdquake.bank] Updating stations summary in the event bank at /groups/igonin/ecastillo/UTDQuake_test/bank/GCI
2026-05-06 13:03:40,438 [INFO:utdquake.bank] Stations summary updated successfully.
2026-05-06 13:03:40,438 [INFO:utdquake.bank.utils] [1/10] Fetching events forward 2024-01-23T04:43:30.917000Z to 2024-01-24T04:43:30.917000Z...
2026-05-06 13:03:40,464 [INFO:utdquake.bank.utils] Restarting patience counter after successful fetch.
2026-05-06 13:03:40,465 [INFO:utdquake.bank] Chunk id: 0   initiated | Time range: 2024-01-23 04:43:30.917000 - 2024-01-24 04:43:30.917000 | Chunk creation time: 2026-05-06 13:03:40.465401
2026-05-06 13:03:40,465 [INFO:utdquake.bank.utils] Starting to process 0 events in catalog v3ZkCtrO. (This id is created just for logging purposes)
2026-05-06 13:03:40,467 [INFO:utdquake.bank.utils] Finishing to process 0 events in catalog v3ZkCtrO.
2026-05-06 13:03:41,457 [INFO:utdquake.bank] Saved 0 events of 0 possible in chunk id 0   from 2024-01-23 04:43:30.917000 to 2024-01-24 04:43:30.917000 in /groups/igonin/ecastillo/UTDQuake_test/bank/GCI
2026-05-06 13:03:41,458 [INFO:utdquake.bank] Creating stations summary based on the events in the event bank at /groups/igonin/ecastillo/UTDQuake_test/bank/GCI/.stations
2026-05-06 13:03:41,486 [INFO:utdquake.bank.utils] Found 22500 station databases in /groups/igonin/ecastillo/UTDQuake_test/.utdquake/db/stations/.stations.
2026-05-06 13:13:14,629 [INFO:utdquake.bank] Updating stations summary in the event bank at /groups/igonin/ecastillo/UTDQuake_test/bank/GCI
2026-05-06 13:13:14,910 [INFO:utdquake.bank] Stations summary updated successfully.
2026-05-06 13:13:14,910 [INFO:utdquake.bank.utils] [1/10] Fetching events forward 2024-01-24T04:43:30.917000Z to 2024-01-25T04:43:30.917000Z...
2026-05-06 13:13:20,173 [INFO:utdquake.bank.utils] Restarting patience counter after successful fetch.
2026-05-06 13:13:20,198 [INFO:utdquake.bank] Chunk id: 0   initiated | Time range: 2024-01-24 04:43:30.917000 - 2024-01-25 04:43:30.917000 | Chunk creation time: 2026-05-06 13:13:20.198694
2026-05-06 13:13:20,199 [INFO:utdquake.bank.utils] Starting to process 1 events in catalog tQOBoEWB. (This id is created just for logging purposes)
2026-05-06 13:13:20,200 [INFO:utdquake.bank.utils] Processing event smi:service.iris.edu/fdsnws/event/1/query?eventid=11794758 with origin smi:service.iris.edu/fdsnws/event/1/query?originid=49570768
2026-05-06 13:26:47,691 [INFO:utdquake.bank.utils] Processed origin smi:service.iris.edu/fdsnws/event/1/query?originid=49570768. Ready to update quality metrics.
2026-05-06 13:26:47,693 [INFO:utdquake.bank.utils] Updating quality metrics for origin smi:service.iris.edu/fdsnws/event/1/query?originid=49570768.
2026-05-06 13:26:47,699 [INFO:utdquake.bank.utils] Quality metrics updated for origin smi:service.iris.edu/fdsnws/event/1/query?originid=49570768.
2026-05-06 13:26:47,700 [INFO:utdquake.bank.utils] Updated quality metrics for origin smi:service.iris.edu/fdsnws/event/1/query?originid=49570768.
2026-05-06 13:26:47,701 [INFO:utdquake.bank.utils] Finishing to process 1 events in catalog tQOBoEWB.
2026-05-06 13:26:55,842 [INFO:utdquake.bank] Saved 1 events of 1 possible in chunk id 0   from 2024-01-24 04:43:30.917000 to 2024-01-25 04:43:30.917000 in /groups/igonin/ecastillo/UTDQuake_test/bank/GCI
2026-05-06 13:26:55,843 [INFO:utdquake.bank] Creating stations summary based on the events in the event bank at /groups/igonin/ecastillo/UTDQuake_test/bank/GCI/.stations
2026-05-06 13:26:55,871 [INFO:utdquake.bank.utils] Found 22500 station databases in /groups/igonin/ecastillo/UTDQuake_test/.utdquake/db/stations/.stations.
2026-05-06 13:36:25,425 [INFO:utdquake.bank] Updating stations summary in the event bank at /groups/igonin/ecastillo/UTDQuake_test/bank/GCI
2026-05-06 13:36:25,733 [INFO:utdquake.bank] Stations summary updated successfully.
2026-05-06 13:36:25,734 [INFO:utdquake.bank.utils] [1/10] Fetching events forward 2024-01-25T04:43:30.917000Z to 2024-01-26T04:43:30.917000Z...
2026-05-06 13:36:29,486 [INFO:utdquake.bank.utils] Restarting patience counter after successful fetch.
2026-05-06 13:36:29,601 [INFO:utdquake.bank] Chunk id: 0   initiated | Time range: 2024-01-25 04:43:30.917000 - 2024-01-26 04:43:30.917000 | Chunk creation time: 2026-05-06 13:36:29.601574
2026-05-06 13:36:29,608 [INFO:utdquake.bank.utils] Starting to process 1 events in catalog z73uQ9jm. (This id is created just for logging purposes)
2026-05-06 13:36:29,610 [INFO:utdquake.bank.utils] Processing event smi:service.iris.edu/fdsnws/event/1/query?eventid=11794975 with origin smi:service.iris.edu/fdsnws/event/1/query?originid=49573868
2026-05-06 13:45:30,234 [INFO:utdquake.bank.utils] Processed origin smi:service.iris.edu/fdsnws/event/1/query?originid=49573868. Ready to update quality metrics.
2026-05-06 13:45:30,236 [INFO:utdquake.bank.utils] Updating quality metrics for origin smi:service.iris.edu/fdsnws/event/1/query?originid=49573868.
2026-05-06 13:45:30,241 [INFO:utdquake.bank.utils] Quality metrics updated for origin smi:service.iris.edu/fdsnws/event/1/query?originid=49573868.
2026-05-06 13:45:30,242 [INFO:utdquake.bank.utils] Updated quality metrics for origin smi:service.iris.edu/fdsnws/event/1/query?originid=49573868.
2026-05-06 13:45:30,242 [INFO:utdquake.bank.utils] Finishing to process 1 events in catalog z73uQ9jm.
2026-05-06 13:45:35,956 [INFO:utdquake.bank] Saved 1 events of 1 possible in chunk id 0   from 2024-01-25 04:43:30.917000 to 2024-01-26 04:43:30.917000 in /groups/igonin/ecastillo/UTDQuake_test/bank/GCI
2026-05-06 13:45:35,957 [INFO:utdquake.bank] Creating stations summary based on the events in the event bank at /groups/igonin/ecastillo/UTDQuake_test/bank/GCI/.stations
2026-05-06 13:45:35,985 [INFO:utdquake.bank.utils] Found 22500 station databases in /groups/igonin/ecastillo/UTDQuake_test/.utdquake/db/stations/.stations.
2026-05-06 13:55:08,620 [INFO:utdquake.bank] Updating stations summary in the event bank at /groups/igonin/ecastillo/UTDQuake_test/bank/GCI
2026-05-06 13:55:08,875 [INFO:utdquake.bank] Stations summary updated successfully.
2026-05-06 13:55:08,875 [INFO:utdquake.bank.utils] [1/10] Fetching events forward 2024-01-26T04:43:30.917000Z to 2024-01-27T04:43:30.917000Z...
2026-05-06 13:55:12,536 [INFO:utdquake.bank.utils] Restarting patience counter after successful fetch.
2026-05-06 13:55:12,620 [INFO:utdquake.bank] Chunk id: 0   initiated | Time range: 2024-01-26 04:43:30.917000 - 2024-01-27 04:43:30.917000 | Chunk creation time: 2026-05-06 13:55:12.620226
2026-05-06 13:55:12,622 [INFO:utdquake.bank.utils] Starting to process 1 events in catalog wHAdYaYb. (This id is created just for logging purposes)
2026-05-06 13:55:12,623 [INFO:utdquake.bank.utils] Processing event smi:service.iris.edu/fdsnws/event/1/query?eventid=11795706 with origin smi:service.iris.edu/fdsnws/event/1/query?originid=49583718
2026-05-06 14:03:49,054 [INFO:utdquake.bank.utils] Processed origin smi:service.iris.edu/fdsnws/event/1/query?originid=49583718. Ready to update quality metrics.
2026-05-06 14:03:49,056 [INFO:utdquake.bank.utils] Updating quality metrics for origin smi:service.iris.edu/fdsnws/event/1/query?originid=49583718.
2026-05-06 14:03:49,060 [INFO:utdquake.bank.utils] Quality metrics updated for origin smi:service.iris.edu/fdsnws/event/1/query?originid=49583718.
2026-05-06 14:03:49,060 [INFO:utdquake.bank.utils] Updated quality metrics for origin smi:service.iris.edu/fdsnws/event/1/query?originid=49583718.
2026-05-06 14:03:49,062 [INFO:utdquake.bank.utils] Finishing to process 1 events in catalog wHAdYaYb.
2026-05-06 14:03:54,762 [INFO:utdquake.bank] Saved 1 events of 1 possible in chunk id 0   from 2024-01-26 04:43:30.917000 to 2024-01-27 04:43:30.917000 in /groups/igonin/ecastillo/UTDQuake_test/bank/GCI
2026-05-06 14:03:54,763 [INFO:utdquake.bank] Creating stations summary based on the events in the event bank at /groups/igonin/ecastillo/UTDQuake_test/bank/GCI/.stations
2026-05-06 14:03:54,790 [INFO:utdquake.bank.utils] Found 22500 station databases in /groups/igonin/ecastillo/UTDQuake_test/.utdquake/db/stations/.stations.
2026-05-06 14:13:33,924 [INFO:utdquake.bank] Updating stations summary in the event bank at /groups/igonin/ecastillo/UTDQuake_test/bank/GCI
2026-05-06 14:13:34,200 [INFO:utdquake.bank] Stations summary updated successfully.
2026-05-06 14:13:34,200 [INFO:utdquake.bank.utils] [1/10] Fetching events forward 2024-01-27T04:43:30.917000Z to 2024-01-28T04:43:30.917000Z...
2026-05-06 14:13:43,024 [INFO:utdquake.bank.utils] Restarting patience counter after successful fetch.
2026-05-06 14:13:43,101 [INFO:utdquake.bank] Chunk id: 0   initiated | Time range: 2024-01-27 04:43:30.917000 - 2024-01-28 04:43:30.917000 | Chunk creation time: 2026-05-06 14:13:43.101326
2026-05-06 14:13:43,108 [INFO:utdquake.bank.utils] Starting to process 1 events in catalog 8nOJjpbK. (This id is created just for logging purposes)
2026-05-06 14:13:43,109 [INFO:utdquake.bank.utils] Processing event smi:service.iris.edu/fdsnws/event/1/query?eventid=11796187 with origin smi:service.iris.edu/fdsnws/event/1/query?originid=49591674
2026-05-06 14:33:05,649 [INFO:utdquake.bank.utils] Processed origin smi:service.iris.edu/fdsnws/event/1/query?originid=49591674. Ready to update quality metrics.
2026-05-06 14:33:05,651 [INFO:utdquake.bank.utils] Updating quality metrics for origin smi:service.iris.edu/fdsnws/event/1/query?originid=49591674.
2026-05-06 14:33:05,660 [INFO:utdquake.bank.utils] Quality metrics updated for origin smi:service.iris.edu/fdsnws/event/1/query?originid=49591674.
2026-05-06 14:33:05,661 [INFO:utdquake.bank.utils] Updated quality metrics for origin smi:service.iris.edu/fdsnws/event/1/query?originid=49591674.
2026-05-06 14:33:05,663 [INFO:utdquake.bank.utils] Finishing to process 1 events in catalog 8nOJjpbK.
2026-05-06 14:33:17,737 [INFO:utdquake.bank] Saved 1 events of 1 possible in chunk id 0   from 2024-01-27 04:43:30.917000 to 2024-01-28 04:43:30.917000 in /groups/igonin/ecastillo/UTDQuake_test/bank/GCI
2026-05-06 14:33:17,738 [INFO:utdquake.bank] Creating stations summary based on the events in the event bank at /groups/igonin/ecastillo/UTDQuake_test/bank/GCI/.stations
2026-05-06 14:33:17,765 [INFO:utdquake.bank.utils] Found 22500 station databases in /groups/igonin/ecastillo/UTDQuake_test/.utdquake/db/stations/.stations.
2026-05-06 14:42:47,353 [INFO:utdquake.bank] Updating stations summary in the event bank at /groups/igonin/ecastillo/UTDQuake_test/bank/GCI
2026-05-06 14:42:47,665 [INFO:utdquake.bank] Stations summary updated successfully.
2026-05-06 14:42:47,667 [INFO:utdquake.bank.utils] [1/10] Fetching events forward 2024-01-28T04:43:30.917000Z to 2024-01-29T04:43:30.917000Z...
2026-05-06 14:42:47,722 [INFO:utdquake.bank.utils] Restarting patience counter after successful fetch.
2026-05-06 14:42:47,894 [INFO:utdquake.bank] Chunk id: 0   initiated | Time range: 2024-01-28 04:43:30.917000 - 2024-01-29 04:43:30.917000 | Chunk creation time: 2026-05-06 14:42:47.894292
2026-05-06 14:42:47,895 [INFO:utdquake.bank.utils] Starting to process 0 events in catalog TivebPeZ. (This id is created just for logging purposes)
2026-05-06 14:42:47,895 [INFO:utdquake.bank.utils] Finishing to process 0 events in catalog TivebPeZ.
2026-05-06 14:42:48,940 [INFO:utdquake.bank] Saved 0 events of 0 possible in chunk id 0   from 2024-01-28 04:43:30.917000 to 2024-01-29 04:43:30.917000 in /groups/igonin/ecastillo/UTDQuake_test/bank/GCI
2026-05-06 14:42:48,942 [INFO:utdquake.bank] Creating stations summary based on the events in the event bank at /groups/igonin/ecastillo/UTDQuake_test/bank/GCI/.stations
2026-05-06 14:42:48,970 [INFO:utdquake.bank.utils] Found 22500 station databases in /groups/igonin/ecastillo/UTDQuake_test/.utdquake/db/stations/.stations.
2026-05-06 14:52:25,225 [INFO:utdquake.bank] Updating stations summary in the event bank at /groups/igonin/ecastillo/UTDQuake_test/bank/GCI
2026-05-06 14:52:25,454 [INFO:utdquake.bank] Stations summary updated successfully.
2026-05-06 14:52:25,454 [INFO:utdquake.bank.utils] [1/10] Fetching events forward 2024-01-29T04:43:30.917000Z to 2024-01-30T04:43:30.917000Z...
2026-05-06 14:52:25,479 [INFO:utdquake.bank.utils] Restarting patience counter after successful fetch.
2026-05-06 14:52:25,479 [INFO:utdquake.bank] Chunk id: 0   initiated | Time range: 2024-01-29 04:43:30.917000 - 2024-01-30 04:43:30.917000 | Chunk creation time: 2026-05-06 14:52:25.479923
2026-05-06 14:52:25,480 [INFO:utdquake.bank.utils] Starting to process 0 events in catalog UnQRjlAd. (This id is created just for logging purposes)
2026-05-06 14:52:25,481 [INFO:utdquake.bank.utils] Finishing to process 0 events in catalog UnQRjlAd.
2026-05-06 14:52:26,442 [INFO:utdquake.bank] Saved 0 events of 0 possible in chunk id 0   from 2024-01-29 04:43:30.917000 to 2024-01-30 04:43:30.917000 in /groups/igonin/ecastillo/UTDQuake_test/bank/GCI
2026-05-06 14:52:26,442 [INFO:utdquake.bank] Creating stations summary based on the events in the event bank at /groups/igonin/ecastillo/UTDQuake_test/bank/GCI/.stations
2026-05-06 14:52:26,470 [INFO:utdquake.bank.utils] Found 22500 station databases in /groups/igonin/ecastillo/UTDQuake_test/.utdquake/db/stations/.stations.
2026-05-06 15:01:58,385 [INFO:utdquake.bank] Updating stations summary in the event bank at /groups/igonin/ecastillo/UTDQuake_test/bank/GCI
2026-05-06 15:01:58,620 [INFO:utdquake.bank] Stations summary updated successfully.
2026-05-06 15:01:58,622 [INFO:utdquake.bank.utils] [1/10] Fetching events forward 2024-01-30T04:43:30.917000Z to 2024-01-31T04:43:30.917000Z...
2026-05-06 15:01:58,650 [INFO:utdquake.bank.utils] Restarting patience counter after successful fetch.
2026-05-06 15:01:58,651 [INFO:utdquake.bank] Chunk id: 0   initiated | Time range: 2024-01-30 04:43:30.917000 - 2024-01-31 04:43:30.917000 | Chunk creation time: 2026-05-06 15:01:58.651662
2026-05-06 15:01:58,652 [INFO:utdquake.bank.utils] Starting to process 0 events in catalog B89Hzw7o. (This id is created just for logging purposes)
2026-05-06 15:01:58,652 [INFO:utdquake.bank.utils] Finishing to process 0 events in catalog B89Hzw7o.
2026-05-06 15:01:59,594 [INFO:utdquake.bank] Saved 0 events of 0 possible in chunk id 0   from 2024-01-30 04:43:30.917000 to 2024-01-31 04:43:30.917000 in /groups/igonin/ecastillo/UTDQuake_test/bank/GCI
2026-05-06 15:01:59,595 [INFO:utdquake.bank] Creating stations summary based on the events in the event bank at /groups/igonin/ecastillo/UTDQuake_test/bank/GCI/.stations
2026-05-06 15:01:59,622 [INFO:utdquake.bank.utils] Found 22500 station databases in /groups/igonin/ecastillo/UTDQuake_test/.utdquake/db/stations/.stations.
2026-05-06 15:11:43,478 [INFO:utdquake.bank] Updating stations summary in the event bank at /groups/igonin/ecastillo/UTDQuake_test/bank/GCI
2026-05-06 15:11:43,709 [INFO:utdquake.bank] Stations summary updated successfully.
2026-05-06 15:11:43,710 [INFO:utdquake.bank.utils] [1/10] Fetching events forward 2024-01-31T04:43:30.917000Z to 2024-02-01T04:43:30.917000Z...
2026-05-06 15:11:54,499 [INFO:utdquake.bank.utils] Restarting patience counter after successful fetch.
2026-05-06 15:11:54,530 [INFO:utdquake.bank] Chunk id: 0   initiated | Time range: 2024-01-31 04:43:30.917000 - 2024-02-01 04:43:30.917000 | Chunk creation time: 2026-05-06 15:11:54.530814
2026-05-06 15:11:54,532 [INFO:utdquake.bank.utils] Starting to process 2 events in catalog e8fCLpZb. (This id is created just for logging purposes)
2026-05-06 15:11:54,532 [INFO:utdquake.bank.utils] Processing event smi:service.iris.edu/fdsnws/event/1/query?eventid=11798393 with origin smi:service.iris.edu/fdsnws/event/1/query?originid=49613270
2026-05-06 15:20:13,590 [INFO:utdquake.bank.utils] Processed origin smi:service.iris.edu/fdsnws/event/1/query?originid=49613270. Ready to update quality metrics.
2026-05-06 15:20:13,592 [INFO:utdquake.bank.utils] Updating quality metrics for origin smi:service.iris.edu/fdsnws/event/1/query?originid=49613270.
2026-05-06 15:20:13,596 [INFO:utdquake.bank.utils] Quality metrics updated for origin smi:service.iris.edu/fdsnws/event/1/query?originid=49613270.
2026-05-06 15:20:13,597 [INFO:utdquake.bank.utils] Updated quality metrics for origin smi:service.iris.edu/fdsnws/event/1/query?originid=49613270.
2026-05-06 15:20:13,597 [INFO:utdquake.bank.utils] Processing event smi:service.iris.edu/fdsnws/event/1/query?eventid=11797613 with origin smi:service.iris.edu/fdsnws/event/1/query?originid=49608419
2026-05-06 15:36:30,853 [INFO:utdquake.bank.utils] Processed origin smi:service.iris.edu/fdsnws/event/1/query?originid=49608419. Ready to update quality metrics.
2026-05-06 15:36:30,854 [INFO:utdquake.bank.utils] Updating quality metrics for origin smi:service.iris.edu/fdsnws/event/1/query?originid=49608419.
2026-05-06 15:36:30,860 [INFO:utdquake.bank.utils] Quality metrics updated for origin smi:service.iris.edu/fdsnws/event/1/query?originid=49608419.
2026-05-06 15:36:30,861 [INFO:utdquake.bank.utils] Updated quality metrics for origin smi:service.iris.edu/fdsnws/event/1/query?originid=49608419.
2026-05-06 15:36:30,862 [INFO:utdquake.bank.utils] Finishing to process 2 events in catalog e8fCLpZb.
2026-05-06 15:36:46,062 [INFO:utdquake.bank] Saved 2 events of 2 possible in chunk id 0   from 2024-01-31 04:43:30.917000 to 2024-02-01 04:43:30.917000 in /groups/igonin/ecastillo/UTDQuake_test/bank/GCI
2026-05-06 15:36:46,063 [INFO:utdquake.bank] Creating stations summary based on the events in the event bank at /groups/igonin/ecastillo/UTDQuake_test/bank/GCI/.stations
2026-05-06 15:36:46,089 [INFO:utdquake.bank.utils] Found 22500 station databases in /groups/igonin/ecastillo/UTDQuake_test/.utdquake/db/stations/.stations.
2026-05-06 15:45:42,292 [INFO:utdquake.bank] Updating stations summary in the event bank at /groups/igonin/ecastillo/UTDQuake_test/bank/GCI
2026-05-06 15:45:42,597 [INFO:utdquake.bank] Stations summary updated successfully.
2026-05-06 15:45:42,598 [INFO:utdquake.bank.utils] [1/10] Fetching events forward 2024-02-01T04:43:30.917000Z to 2024-02-02T04:43:30.917000Z...
2026-05-06 15:45:58,176 [INFO:utdquake.bank.utils] Restarting patience counter after successful fetch.
2026-05-06 15:45:58,397 [INFO:utdquake.bank] Chunk id: 0   initiated | Time range: 2024-02-01 04:43:30.917000 - 2024-02-02 04:43:30.917000 | Chunk creation time: 2026-05-06 15:45:58.397095
2026-05-06 15:45:58,398 [INFO:utdquake.bank.utils] Starting to process 2 events in catalog 3gOlsKpY. (This id is created just for logging purposes)
2026-05-06 15:45:58,399 [INFO:utdquake.bank.utils] Processing event smi:service.iris.edu/fdsnws/event/1/query?eventid=11798618 with origin smi:service.iris.edu/fdsnws/event/1/query?originid=49615519
2026-05-06 16:02:25,762 [INFO:utdquake.bank.utils] Processed origin smi:service.iris.edu/fdsnws/event/1/query?originid=49615519. Ready to update quality metrics.
2026-05-06 16:02:25,763 [INFO:utdquake.bank.utils] Updating quality metrics for origin smi:service.iris.edu/fdsnws/event/1/query?originid=49615519.
2026-05-06 16:02:25,770 [INFO:utdquake.bank.utils] Quality metrics updated for origin smi:service.iris.edu/fdsnws/event/1/query?originid=49615519.
2026-05-06 16:02:25,771 [INFO:utdquake.bank.utils] Updated quality metrics for origin smi:service.iris.edu/fdsnws/event/1/query?originid=49615519.
2026-05-06 16:02:25,772 [INFO:utdquake.bank.utils] Processing event smi:service.iris.edu/fdsnws/event/1/query?eventid=11798539 with origin smi:service.iris.edu/fdsnws/event/1/query?originid=49614621
2026-05-06 16:22:06,200 [INFO:utdquake.bank.utils] Processed origin smi:service.iris.edu/fdsnws/event/1/query?originid=49614621. Ready to update quality metrics.
2026-05-06 16:22:06,210 [INFO:utdquake.bank.utils] Updating quality metrics for origin smi:service.iris.edu/fdsnws/event/1/query?originid=49614621.
2026-05-06 16:22:06,219 [INFO:utdquake.bank.utils] Quality metrics updated for origin smi:service.iris.edu/fdsnws/event/1/query?originid=49614621.
2026-05-06 16:22:06,220 [INFO:utdquake.bank.utils] Updated quality metrics for origin smi:service.iris.edu/fdsnws/event/1/query?originid=49614621.
2026-05-06 16:22:06,221 [INFO:utdquake.bank.utils] Finishing to process 2 events in catalog 3gOlsKpY.
2026-05-06 16:22:26,601 [INFO:utdquake.bank] Saved 2 events of 2 possible in chunk id 0   from 2024-02-01 04:43:30.917000 to 2024-02-02 04:43:30.917000 in /groups/igonin/ecastillo/UTDQuake_test/bank/GCI
2026-05-06 16:22:26,609 [INFO:utdquake.bank] Creating stations summary based on the events in the event bank at /groups/igonin/ecastillo/UTDQuake_test/bank/GCI/.stations
2026-05-06 16:22:26,638 [INFO:utdquake.bank.utils] Found 22500 station databases in /groups/igonin/ecastillo/UTDQuake_test/.utdquake/db/stations/.stations.
2026-05-06 16:31:37,272 [INFO:utdquake.bank] Updating stations summary in the event bank at /groups/igonin/ecastillo/UTDQuake_test/bank/GCI
2026-05-06 16:31:37,539 [INFO:utdquake.bank] Stations summary updated successfully.
2026-05-06 16:31:37,540 [INFO:utdquake.bank.utils] [1/10] Fetching events forward 2024-02-02T04:43:30.917000Z to 2024-02-03T04:43:30.917000Z...
2026-05-06 16:31:37,584 [INFO:utdquake.bank.utils] Restarting patience counter after successful fetch.
2026-05-06 16:31:37,886 [INFO:utdquake.bank] Chunk id: 0   initiated | Time range: 2024-02-02 04:43:30.917000 - 2024-02-03 04:43:30.917000 | Chunk creation time: 2026-05-06 16:31:37.886574
2026-05-06 16:31:37,887 [INFO:utdquake.bank.utils] Starting to process 0 events in catalog CW0jhFIj. (This id is created just for logging purposes)
2026-05-06 16:31:37,888 [INFO:utdquake.bank.utils] Finishing to process 0 events in catalog CW0jhFIj.
2026-05-06 16:31:38,861 [INFO:utdquake.bank] Saved 0 events of 0 possible in chunk id 0   from 2024-02-02 04:43:30.917000 to 2024-02-03 04:43:30.917000 in /groups/igonin/ecastillo/UTDQuake_test/bank/GCI
2026-05-06 16:31:38,862 [INFO:utdquake.bank] Creating stations summary based on the events in the event bank at /groups/igonin/ecastillo/UTDQuake_test/bank/GCI/.stations
2026-05-06 16:31:38,891 [INFO:utdquake.bank.utils] Found 22500 station databases in /groups/igonin/ecastillo/UTDQuake_test/.utdquake/db/stations/.stations.
2026-05-06 16:41:05,597 [INFO:utdquake.bank] Updating stations summary in the event bank at /groups/igonin/ecastillo/UTDQuake_test/bank/GCI
2026-05-06 16:41:05,832 [INFO:utdquake.bank] Stations summary updated successfully.
2026-05-06 16:41:05,833 [INFO:utdquake.bank.utils] [1/10] Fetching events forward 2024-02-03T04:43:30.917000Z to 2024-02-04T04:43:30.917000Z...
2026-05-06 16:41:05,857 [INFO:utdquake.bank.utils] Restarting patience counter after successful fetch.
2026-05-06 16:41:05,857 [INFO:utdquake.bank] Chunk id: 0   initiated | Time range: 2024-02-03 04:43:30.917000 - 2024-02-04 04:43:30.917000 | Chunk creation time: 2026-05-06 16:41:05.857803
2026-05-06 16:41:05,858 [INFO:utdquake.bank.utils] Starting to process 0 events in catalog TLdVM5QW. (This id is created just for logging purposes)
2026-05-06 16:41:05,859 [INFO:utdquake.bank.utils] Finishing to process 0 events in catalog TLdVM5QW.
2026-05-06 16:41:06,819 [INFO:utdquake.bank] Saved 0 events of 0 possible in chunk id 0   from 2024-02-03 04:43:30.917000 to 2024-02-04 04:43:30.917000 in /groups/igonin/ecastillo/UTDQuake_test/bank/GCI
2026-05-06 16:41:06,820 [INFO:utdquake.bank] Creating stations summary based on the events in the event bank at /groups/igonin/ecastillo/UTDQuake_test/bank/GCI/.stations
2026-05-06 16:41:06,848 [INFO:utdquake.bank.utils] Found 22500 station databases in /groups/igonin/ecastillo/UTDQuake_test/.utdquake/db/stations/.stations.
2026-05-06 16:50:41,933 [INFO:utdquake.bank] Updating stations summary in the event bank at /groups/igonin/ecastillo/UTDQuake_test/bank/GCI
2026-05-06 16:50:42,163 [INFO:utdquake.bank] Stations summary updated successfully.
2026-05-06 16:50:42,163 [INFO:utdquake.bank.utils] [1/10] Fetching events forward 2024-02-04T04:43:30.917000Z to 2024-02-05T04:43:30.917000Z...
2026-05-06 16:50:42,187 [INFO:utdquake.bank.utils] Restarting patience counter after successful fetch.
2026-05-06 16:50:42,188 [INFO:utdquake.bank] Chunk id: 0   initiated | Time range: 2024-02-04 04:43:30.917000 - 2024-02-05 04:43:30.917000 | Chunk creation time: 2026-05-06 16:50:42.188404
2026-05-06 16:50:42,188 [INFO:utdquake.bank.utils] Starting to process 0 events in catalog 18LKw6ye. (This id is created just for logging purposes)
2026-05-06 16:50:42,189 [INFO:utdquake.bank.utils] Finishing to process 0 events in catalog 18LKw6ye.
2026-05-06 16:50:43,182 [INFO:utdquake.bank] Saved 0 events of 0 possible in chunk id 0   from 2024-02-04 04:43:30.917000 to 2024-02-05 04:43:30.917000 in /groups/igonin/ecastillo/UTDQuake_test/bank/GCI
2026-05-06 16:50:43,183 [INFO:utdquake.bank] Creating stations summary based on the events in the event bank at /groups/igonin/ecastillo/UTDQuake_test/bank/GCI/.stations
2026-05-06 16:50:43,211 [INFO:utdquake.bank.utils] Found 22500 station databases in /groups/igonin/ecastillo/UTDQuake_test/.utdquake/db/stations/.stations.
2026-05-06 17:00:15,986 [INFO:utdquake.bank] Updating stations summary in the event bank at /groups/igonin/ecastillo/UTDQuake_test/bank/GCI
2026-05-06 17:00:16,260 [INFO:utdquake.bank] Stations summary updated successfully.
2026-05-06 17:00:16,262 [INFO:utdquake.bank.utils] [1/10] Fetching events forward 2024-02-05T04:43:30.917000Z to 2024-02-06T04:43:30.917000Z...
2026-05-06 17:00:24,713 [INFO:utdquake.bank.utils] Restarting patience counter after successful fetch.
2026-05-06 17:00:24,752 [INFO:utdquake.bank] Chunk id: 0   initiated | Time range: 2024-02-05 04:43:30.917000 - 2024-02-06 04:43:30.917000 | Chunk creation time: 2026-05-06 17:00:24.752155
2026-05-06 17:00:24,752 [INFO:utdquake.bank.utils] Starting to process 1 events in catalog 0Lg8CNAm. (This id is created just for logging purposes)
2026-05-06 17:00:24,753 [INFO:utdquake.bank.utils] Processing event smi:service.iris.edu/fdsnws/event/1/query?eventid=11800579 with origin smi:service.iris.edu/fdsnws/event/1/query?originid=49638818
2026-05-06 17:21:15,670 [INFO:utdquake.bank.utils] Processed origin smi:service.iris.edu/fdsnws/event/1/query?originid=49638818. Ready to update quality metrics.
2026-05-06 17:21:15,672 [INFO:utdquake.bank.utils] Updating quality metrics for origin smi:service.iris.edu/fdsnws/event/1/query?originid=49638818.
2026-05-06 17:21:15,680 [INFO:utdquake.bank.utils] Quality metrics updated for origin smi:service.iris.edu/fdsnws/event/1/query?originid=49638818.
2026-05-06 17:21:15,681 [INFO:utdquake.bank.utils] Updated quality metrics for origin smi:service.iris.edu/fdsnws/event/1/query?originid=49638818.
2026-05-06 17:21:15,682 [INFO:utdquake.bank.utils] Finishing to process 1 events in catalog 0Lg8CNAm.
2026-05-06 17:21:27,964 [INFO:utdquake.bank] Saved 1 events of 1 possible in chunk id 0   from 2024-02-05 04:43:30.917000 to 2024-02-06 04:43:30.917000 in /groups/igonin/ecastillo/UTDQuake_test/bank/GCI
2026-05-06 17:21:27,965 [INFO:utdquake.bank] Creating stations summary based on the events in the event bank at /groups/igonin/ecastillo/UTDQuake_test/bank/GCI/.stations
2026-05-06 17:21:27,993 [INFO:utdquake.bank.utils] Found 22500 station databases in /groups/igonin/ecastillo/UTDQuake_test/.utdquake/db/stations/.stations.
2026-05-06 17:31:06,893 [INFO:utdquake.bank] Updating stations summary in the event bank at /groups/igonin/ecastillo/UTDQuake_test/bank/GCI
2026-05-06 17:31:07,235 [INFO:utdquake.bank] Stations summary updated successfully.
2026-05-06 17:31:07,237 [INFO:utdquake.bank.utils] [1/10] Fetching events forward 2024-02-06T04:43:30.917000Z to 2024-02-07T04:43:30.917000Z...
2026-05-06 17:31:22,228 [INFO:utdquake.bank.utils] Restarting patience counter after successful fetch.
2026-05-06 17:31:22,433 [INFO:utdquake.bank] Chunk id: 0   initiated | Time range: 2024-02-06 04:43:30.917000 - 2024-02-07 04:43:30.917000 | Chunk creation time: 2026-05-06 17:31:22.433307
2026-05-06 17:31:22,434 [INFO:utdquake.bank.utils] Starting to process 2 events in catalog DdRCN1T9. (This id is created just for logging purposes)
2026-05-06 17:31:22,434 [INFO:utdquake.bank.utils] Processing event smi:service.iris.edu/fdsnws/event/1/query?eventid=11801045 with origin smi:service.iris.edu/fdsnws/event/1/query?originid=49646869
2026-05-06 17:46:47,288 [INFO:utdquake.bank.utils] Processed origin smi:service.iris.edu/fdsnws/event/1/query?originid=49646869. Ready to update quality metrics.
2026-05-06 17:46:47,290 [INFO:utdquake.bank.utils] Updating quality metrics for origin smi:service.iris.edu/fdsnws/event/1/query?originid=49646869.
2026-05-06 17:46:47,296 [INFO:utdquake.bank.utils] Quality metrics updated for origin smi:service.iris.edu/fdsnws/event/1/query?originid=49646869.
2026-05-06 17:46:47,297 [INFO:utdquake.bank.utils] Updated quality metrics for origin smi:service.iris.edu/fdsnws/event/1/query?originid=49646869.
2026-05-06 17:46:47,298 [INFO:utdquake.bank.utils] Processing event smi:service.iris.edu/fdsnws/event/1/query?eventid=11801037 with origin smi:service.iris.edu/fdsnws/event/1/query?originid=49646619
2026-05-06 18:06:19,259 [INFO:utdquake.bank.utils] Processed origin smi:service.iris.edu/fdsnws/event/1/query?originid=49646619. Ready to update quality metrics.
2026-05-06 18:06:19,261 [INFO:utdquake.bank.utils] Updating quality metrics for origin smi:service.iris.edu/fdsnws/event/1/query?originid=49646619.
2026-05-06 18:06:19,269 [INFO:utdquake.bank.utils] Quality metrics updated for origin smi:service.iris.edu/fdsnws/event/1/query?originid=49646619.
2026-05-06 18:06:19,270 [INFO:utdquake.bank.utils] Updated quality metrics for origin smi:service.iris.edu/fdsnws/event/1/query?originid=49646619.
2026-05-06 18:06:19,272 [INFO:utdquake.bank.utils] Finishing to process 2 events in catalog DdRCN1T9.
2026-05-06 18:06:39,334 [INFO:utdquake.bank] Saved 2 events of 2 possible in chunk id 0   from 2024-02-06 04:43:30.917000 to 2024-02-07 04:43:30.917000 in /groups/igonin/ecastillo/UTDQuake_test/bank/GCI
2026-05-06 18:06:39,334 [INFO:utdquake.bank] Creating stations summary based on the events in the event bank at /groups/igonin/ecastillo/UTDQuake_test/bank/GCI/.stations
2026-05-06 18:06:39,364 [INFO:utdquake.bank.utils] Found 22500 station databases in /groups/igonin/ecastillo/UTDQuake_test/.utdquake/db/stations/.stations.
2026-05-06 18:16:32,848 [INFO:utdquake.bank] Updating stations summary in the event bank at /groups/igonin/ecastillo/UTDQuake_test/bank/GCI
2026-05-06 18:16:33,126 [INFO:utdquake.bank] Stations summary updated successfully.
2026-05-06 18:16:33,127 [INFO:utdquake.bank.utils] [1/10] Fetching events forward 2024-02-07T04:43:30.917000Z to 2024-02-08T04:43:30.917000Z...
2026-05-06 18:16:33,174 [INFO:utdquake.bank.utils] Restarting patience counter after successful fetch.
2026-05-06 18:16:33,450 [INFO:utdquake.bank] Chunk id: 0   initiated | Time range: 2024-02-07 04:43:30.917000 - 2024-02-08 04:43:30.917000 | Chunk creation time: 2026-05-06 18:16:33.450935
2026-05-06 18:16:33,452 [INFO:utdquake.bank.utils] Starting to process 0 events in catalog wY4hQnR9. (This id is created just for logging purposes)
2026-05-06 18:16:33,453 [INFO:utdquake.bank.utils] Finishing to process 0 events in catalog wY4hQnR9.
2026-05-06 18:16:34,513 [INFO:utdquake.bank] Saved 0 events of 0 possible in chunk id 0   from 2024-02-07 04:43:30.917000 to 2024-02-08 04:43:30.917000 in /groups/igonin/ecastillo/UTDQuake_test/bank/GCI
2026-05-06 18:16:34,514 [INFO:utdquake.bank] Creating stations summary based on the events in the event bank at /groups/igonin/ecastillo/UTDQuake_test/bank/GCI/.stations
2026-05-06 18:16:34,541 [INFO:utdquake.bank.utils] Found 22500 station databases in /groups/igonin/ecastillo/UTDQuake_test/.utdquake/db/stations/.stations.
2026-05-06 18:26:23,524 [INFO:utdquake.bank] Updating stations summary in the event bank at /groups/igonin/ecastillo/UTDQuake_test/bank/GCI
2026-05-06 18:26:23,759 [INFO:utdquake.bank] Stations summary updated successfully.
2026-05-06 18:26:23,760 [INFO:utdquake.bank.utils] [1/10] Fetching events forward 2024-02-08T04:43:30.917000Z to 2024-02-09T04:43:30.917000Z...
2026-05-06 18:26:23,806 [INFO:utdquake.bank.utils] Restarting patience counter after successful fetch.
2026-05-06 18:26:23,808 [INFO:utdquake.bank] Chunk id: 0   initiated | Time range: 2024-02-08 04:43:30.917000 - 2024-02-09 04:43:30.917000 | Chunk creation time: 2026-05-06 18:26:23.808821
2026-05-06 18:26:23,809 [INFO:utdquake.bank.utils] Starting to process 0 events in catalog sOcBsb41. (This id is created just for logging purposes)
2026-05-06 18:26:23,810 [INFO:utdquake.bank.utils] Finishing to process 0 events in catalog sOcBsb41.
2026-05-06 18:26:24,798 [INFO:utdquake.bank] Saved 0 events of 0 possible in chunk id 0   from 2024-02-08 04:43:30.917000 to 2024-02-09 04:43:30.917000 in /groups/igonin/ecastillo/UTDQuake_test/bank/GCI
2026-05-06 18:26:24,799 [INFO:utdquake.bank] Creating stations summary based on the events in the event bank at /groups/igonin/ecastillo/UTDQuake_test/bank/GCI/.stations
2026-05-06 18:26:24,834 [INFO:utdquake.bank.utils] Found 22500 station databases in /groups/igonin/ecastillo/UTDQuake_test/.utdquake/db/stations/.stations.
2026-05-06 18:36:16,023 [INFO:utdquake.bank] Updating stations summary in the event bank at /groups/igonin/ecastillo/UTDQuake_test/bank/GCI
2026-05-06 18:36:16,284 [INFO:utdquake.bank] Stations summary updated successfully.
2026-05-06 18:36:16,285 [INFO:utdquake.bank.utils] [1/10] Fetching events forward 2024-02-09T04:43:30.917000Z to 2024-02-10T04:43:30.917000Z...
2026-05-06 18:36:26,354 [INFO:utdquake.bank.utils] Restarting patience counter after successful fetch.
2026-05-06 18:36:26,408 [INFO:utdquake.bank] Chunk id: 0   initiated | Time range: 2024-02-09 04:43:30.917000 - 2024-02-10 04:43:30.917000 | Chunk creation time: 2026-05-06 18:36:26.408379
2026-05-06 18:36:26,409 [INFO:utdquake.bank.utils] Starting to process 1 events in catalog eOJNgSh8. (This id is created just for logging purposes)
2026-05-06 18:36:26,410 [INFO:utdquake.bank.utils] Processing event smi:service.iris.edu/fdsnws/event/1/query?eventid=11802154 with origin smi:service.iris.edu/fdsnws/event/1/query?originid=49662920
2026-05-06 19:01:04,767 [INFO:utdquake.bank.utils] Processed origin smi:service.iris.edu/fdsnws/event/1/query?originid=49662920. Ready to update quality metrics.
2026-05-06 19:01:04,769 [INFO:utdquake.bank.utils] Updating quality metrics for origin smi:service.iris.edu/fdsnws/event/1/query?originid=49662920.
2026-05-06 19:01:04,777 [INFO:utdquake.bank.utils] Quality metrics updated for origin smi:service.iris.edu/fdsnws/event/1/query?originid=49662920.
2026-05-06 19:01:04,778 [INFO:utdquake.bank.utils] Updated quality metrics for origin smi:service.iris.edu/fdsnws/event/1/query?originid=49662920.
2026-05-06 19:01:04,778 [INFO:utdquake.bank.utils] Finishing to process 1 events in catalog eOJNgSh8.
2026-05-06 19:01:19,697 [INFO:utdquake.bank] Saved 1 events of 1 possible in chunk id 0   from 2024-02-09 04:43:30.917000 to 2024-02-10 04:43:30.917000 in /groups/igonin/ecastillo/UTDQuake_test/bank/GCI
2026-05-06 19:01:19,699 [INFO:utdquake.bank] Creating stations summary based on the events in the event bank at /groups/igonin/ecastillo/UTDQuake_test/bank/GCI/.stations
2026-05-06 19:01:19,735 [INFO:utdquake.bank.utils] Found 22500 station databases in /groups/igonin/ecastillo/UTDQuake_test/.utdquake/db/stations/.stations.
2026-05-06 19:10:59,803 [INFO:utdquake.bank] Updating stations summary in the event bank at /groups/igonin/ecastillo/UTDQuake_test/bank/GCI
2026-05-06 19:11:00,140 [INFO:utdquake.bank] Stations summary updated successfully.
2026-05-06 19:11:00,142 [INFO:utdquake.bank.utils] [1/10] Fetching events forward 2024-02-10T04:43:30.917000Z to 2024-02-11T04:43:30.917000Z...
2026-05-06 19:11:00,190 [INFO:utdquake.bank.utils] Restarting patience counter after successful fetch.
2026-05-06 19:11:00,377 [INFO:utdquake.bank] Chunk id: 0   initiated | Time range: 2024-02-10 04:43:30.917000 - 2024-02-11 04:43:30.917000 | Chunk creation time: 2026-05-06 19:11:00.377853
2026-05-06 19:11:00,379 [INFO:utdquake.bank.utils] Starting to process 0 events in catalog rLKu9qwL. (This id is created just for logging purposes)
2026-05-06 19:11:00,379 [INFO:utdquake.bank.utils] Finishing to process 0 events in catalog rLKu9qwL.
2026-05-06 19:11:01,416 [INFO:utdquake.bank] Saved 0 events of 0 possible in chunk id 0   from 2024-02-10 04:43:30.917000 to 2024-02-11 04:43:30.917000 in /groups/igonin/ecastillo/UTDQuake_test/bank/GCI
2026-05-06 19:11:01,417 [INFO:utdquake.bank] Creating stations summary based on the events in the event bank at /groups/igonin/ecastillo/UTDQuake_test/bank/GCI/.stations
2026-05-06 19:11:01,446 [INFO:utdquake.bank.utils] Found 22500 station databases in /groups/igonin/ecastillo/UTDQuake_test/.utdquake/db/stations/.stations.
2026-05-06 19:20:49,830 [INFO:utdquake.bank] Updating stations summary in the event bank at /groups/igonin/ecastillo/UTDQuake_test/bank/GCI
2026-05-06 19:20:50,113 [INFO:utdquake.bank] Stations summary updated successfully.
2026-05-06 19:20:50,114 [INFO:utdquake.bank.utils] [1/10] Fetching events forward 2024-02-11T04:43:30.917000Z to 2024-02-12T04:43:30.917000Z...
2026-05-06 19:20:50,139 [INFO:utdquake.bank.utils] Restarting patience counter after successful fetch.
2026-05-06 19:20:50,141 [INFO:utdquake.bank] Chunk id: 0   initiated | Time range: 2024-02-11 04:43:30.917000 - 2024-02-12 04:43:30.917000 | Chunk creation time: 2026-05-06 19:20:50.140996
2026-05-06 19:20:50,142 [INFO:utdquake.bank.utils] Starting to process 0 events in catalog RqZEivLV. (This id is created just for logging purposes)
2026-05-06 19:20:50,142 [INFO:utdquake.bank.utils] Finishing to process 0 events in catalog RqZEivLV.
2026-05-06 19:20:51,174 [INFO:utdquake.bank] Saved 0 events of 0 possible in chunk id 0   from 2024-02-11 04:43:30.917000 to 2024-02-12 04:43:30.917000 in /groups/igonin/ecastillo/UTDQuake_test/bank/GCI
2026-05-06 19:20:51,175 [INFO:utdquake.bank] Creating stations summary based on the events in the event bank at /groups/igonin/ecastillo/UTDQuake_test/bank/GCI/.stations
2026-05-06 19:20:51,202 [INFO:utdquake.bank.utils] Found 22500 station databases in /groups/igonin/ecastillo/UTDQuake_test/.utdquake/db/stations/.stations.
2026-05-06 19:30:47,594 [INFO:utdquake.bank] Updating stations summary in the event bank at /groups/igonin/ecastillo/UTDQuake_test/bank/GCI
2026-05-06 19:30:47,865 [INFO:utdquake.bank] Stations summary updated successfully.
2026-05-06 19:30:47,867 [INFO:utdquake.bank.utils] [1/10] Fetching events forward 2024-02-12T04:43:30.917000Z to 2024-02-13T04:43:30.917000Z...
2026-05-06 19:31:20,509 [INFO:utdquake.bank.utils] Restarting patience counter after successful fetch.
2026-05-06 19:31:20,562 [INFO:utdquake.bank] Chunk id: 0   initiated | Time range: 2024-02-12 04:43:30.917000 - 2024-02-13 04:43:30.917000 | Chunk creation time: 2026-05-06 19:31:20.562096
2026-05-06 19:31:20,562 [INFO:utdquake.bank.utils] Starting to process 4 events in catalog hXrGHocU. (This id is created just for logging purposes)
2026-05-06 19:31:20,563 [INFO:utdquake.bank.utils] Processing event smi:service.iris.edu/fdsnws/event/1/query?eventid=11803708 with origin smi:service.iris.edu/fdsnws/event/1/query?originid=49684272
2026-05-06 19:42:26,549 [INFO:utdquake.bank.utils] Processed origin smi:service.iris.edu/fdsnws/event/1/query?originid=49684272. Ready to update quality metrics.
2026-05-06 19:42:26,550 [INFO:utdquake.bank.utils] Updating quality metrics for origin smi:service.iris.edu/fdsnws/event/1/query?originid=49684272.
2026-05-06 19:42:26,556 [INFO:utdquake.bank.utils] Quality metrics updated for origin smi:service.iris.edu/fdsnws/event/1/query?originid=49684272.
2026-05-06 19:42:26,556 [INFO:utdquake.bank.utils] Updated quality metrics for origin smi:service.iris.edu/fdsnws/event/1/query?originid=49684272.
2026-05-06 19:42:26,557 [INFO:utdquake.bank.utils] Processing event smi:service.iris.edu/fdsnws/event/1/query?eventid=11803528 with origin smi:service.iris.edu/fdsnws/event/1/query?originid=49682468
2026-05-06 20:01:12,183 [INFO:utdquake.bank.utils] Processed origin smi:service.iris.edu/fdsnws/event/1/query?originid=49682468. Ready to update quality metrics.
2026-05-06 20:01:12,185 [INFO:utdquake.bank.utils] Updating quality metrics for origin smi:service.iris.edu/fdsnws/event/1/query?originid=49682468.
2026-05-06 20:01:12,192 [INFO:utdquake.bank.utils] Quality metrics updated for origin smi:service.iris.edu/fdsnws/event/1/query?originid=49682468.
2026-05-06 20:01:12,193 [INFO:utdquake.bank.utils] Updated quality metrics for origin smi:service.iris.edu/fdsnws/event/1/query?originid=49682468.
2026-05-06 20:01:12,194 [INFO:utdquake.bank.utils] Processing event smi:service.iris.edu/fdsnws/event/1/query?eventid=11803294 with origin smi:service.iris.edu/fdsnws/event/1/query?originid=49680818
2026-05-06 20:23:04,590 [INFO:utdquake.bank.utils] Processed origin smi:service.iris.edu/fdsnws/event/1/query?originid=49680818. Ready to update quality metrics.
2026-05-06 20:23:04,592 [INFO:utdquake.bank.utils] Updating quality metrics for origin smi:service.iris.edu/fdsnws/event/1/query?originid=49680818.
2026-05-06 20:23:04,600 [INFO:utdquake.bank.utils] Quality metrics updated for origin smi:service.iris.edu/fdsnws/event/1/query?originid=49680818.
2026-05-06 20:23:04,609 [INFO:utdquake.bank.utils] Updated quality metrics for origin smi:service.iris.edu/fdsnws/event/1/query?originid=49680818.
2026-05-06 20:23:04,610 [INFO:utdquake.bank.utils] Processing event smi:service.iris.edu/fdsnws/event/1/query?eventid=11803382 with origin smi:service.iris.edu/fdsnws/event/1/query?originid=49681472
2026-05-06 20:50:31,439 [INFO:utdquake.bank.utils] Processed origin smi:service.iris.edu/fdsnws/event/1/query?originid=49681472. Ready to update quality metrics.
2026-05-06 20:50:31,440 [INFO:utdquake.bank.utils] Updating quality metrics for origin smi:service.iris.edu/fdsnws/event/1/query?originid=49681472.
2026-05-06 20:50:31,452 [INFO:utdquake.bank.utils] Quality metrics updated for origin smi:service.iris.edu/fdsnws/event/1/query?originid=49681472.
2026-05-06 20:50:31,453 [INFO:utdquake.bank.utils] Updated quality metrics for origin smi:service.iris.edu/fdsnws/event/1/query?originid=49681472.
2026-05-06 20:50:31,454 [INFO:utdquake.bank.utils] Finishing to process 4 events in catalog hXrGHocU.
2026-05-06 20:51:13,659 [INFO:utdquake.bank] Saved 4 events of 4 possible in chunk id 0   from 2024-02-12 04:43:30.917000 to 2024-02-13 04:43:30.917000 in /groups/igonin/ecastillo/UTDQuake_test/bank/GCI
2026-05-06 20:51:13,660 [INFO:utdquake.bank] Creating stations summary based on the events in the event bank at /groups/igonin/ecastillo/UTDQuake_test/bank/GCI/.stations
2026-05-06 20:51:13,688 [INFO:utdquake.bank.utils] Found 22500 station databases in /groups/igonin/ecastillo/UTDQuake_test/.utdquake/db/stations/.stations.
2026-05-06 21:01:22,569 [INFO:utdquake.bank] Updating stations summary in the event bank at /groups/igonin/ecastillo/UTDQuake_test/bank/GCI
2026-05-06 21:01:22,900 [INFO:utdquake.bank] Stations summary updated successfully.
2026-05-06 21:01:22,908 [INFO:utdquake.bank.utils] [1/10] Fetching events forward 2024-02-13T04:43:30.917000Z to 2024-02-14T04:43:30.917000Z...
2026-05-06 21:01:30,014 [INFO:utdquake.bank.utils] Restarting patience counter after successful fetch.
2026-05-06 21:01:30,619 [INFO:utdquake.bank] Chunk id: 0   initiated | Time range: 2024-02-13 04:43:30.917000 - 2024-02-14 04:43:30.917000 | Chunk creation time: 2026-05-06 21:01:30.619484
2026-05-06 21:01:30,620 [INFO:utdquake.bank.utils] Starting to process 1 events in catalog Ge6KI3no. (This id is created just for logging purposes)
2026-05-06 21:01:30,621 [INFO:utdquake.bank.utils] Processing event smi:service.iris.edu/fdsnws/event/1/query?eventid=11803997 with origin smi:service.iris.edu/fdsnws/event/1/query?originid=49688521
2026-05-06 21:16:13,924 [INFO:utdquake.bank.utils] Processed origin smi:service.iris.edu/fdsnws/event/1/query?originid=49688521. Ready to update quality metrics.
2026-05-06 21:16:13,927 [INFO:utdquake.bank.utils] Updating quality metrics for origin smi:service.iris.edu/fdsnws/event/1/query?originid=49688521.
2026-05-06 21:16:13,934 [INFO:utdquake.bank.utils] Quality metrics updated for origin smi:service.iris.edu/fdsnws/event/1/query?originid=49688521.
2026-05-06 21:16:13,935 [INFO:utdquake.bank.utils] Updated quality metrics for origin smi:service.iris.edu/fdsnws/event/1/query?originid=49688521.
2026-05-06 21:16:13,937 [INFO:utdquake.bank.utils] Finishing to process 1 events in catalog Ge6KI3no.
2026-05-06 21:16:22,120 [INFO:utdquake.bank] Saved 1 events of 1 possible in chunk id 0   from 2024-02-13 04:43:30.917000 to 2024-02-14 04:43:30.917000 in /groups/igonin/ecastillo/UTDQuake_test/bank/GCI
2026-05-06 21:16:22,122 [INFO:utdquake.bank] Creating stations summary based on the events in the event bank at /groups/igonin/ecastillo/UTDQuake_test/bank/GCI/.stations
2026-05-06 21:16:22,149 [INFO:utdquake.bank.utils] Found 22500 station databases in /groups/igonin/ecastillo/UTDQuake_test/.utdquake/db/stations/.stations.
2026-05-06 21:26:31,096 [INFO:utdquake.bank] Updating stations summary in the event bank at /groups/igonin/ecastillo/UTDQuake_test/bank/GCI
2026-05-06 21:26:31,492 [INFO:utdquake.bank] Stations summary updated successfully.
2026-05-06 21:26:31,493 [INFO:utdquake.bank.utils] [1/10] Fetching events forward 2024-02-14T04:43:30.917000Z to 2024-02-15T04:43:30.917000Z...
2026-05-06 21:26:31,555 [INFO:utdquake.bank.utils] Restarting patience counter after successful fetch.
2026-05-06 21:26:31,745 [INFO:utdquake.bank] Chunk id: 0   initiated | Time range: 2024-02-14 04:43:30.917000 - 2024-02-15 04:43:30.917000 | Chunk creation time: 2026-05-06 21:26:31.745385
2026-05-06 21:26:31,746 [INFO:utdquake.bank.utils] Starting to process 0 events in catalog kLTcIPjQ. (This id is created just for logging purposes)
2026-05-06 21:26:31,747 [INFO:utdquake.bank.utils] Finishing to process 0 events in catalog kLTcIPjQ.
2026-05-06 21:26:32,914 [INFO:utdquake.bank] Saved 0 events of 0 possible in chunk id 0   from 2024-02-14 04:43:30.917000 to 2024-02-15 04:43:30.917000 in /groups/igonin/ecastillo/UTDQuake_test/bank/GCI
2026-05-06 21:26:32,915 [INFO:utdquake.bank] Creating stations summary based on the events in the event bank at /groups/igonin/ecastillo/UTDQuake_test/bank/GCI/.stations
2026-05-06 21:26:32,945 [INFO:utdquake.bank.utils] Found 22500 station databases in /groups/igonin/ecastillo/UTDQuake_test/.utdquake/db/stations/.stations.
2026-05-06 21:36:32,955 [INFO:utdquake.bank] Updating stations summary in the event bank at /groups/igonin/ecastillo/UTDQuake_test/bank/GCI
2026-05-06 21:36:33,223 [INFO:utdquake.bank] Stations summary updated successfully.
2026-05-06 21:36:33,224 [INFO:utdquake.bank.utils] [1/10] Fetching events forward 2024-02-15T04:43:30.917000Z to 2024-02-16T04:43:30.917000Z...
2026-05-06 21:36:45,513 [INFO:utdquake.bank.utils] Restarting patience counter after successful fetch.
2026-05-06 21:36:45,545 [INFO:utdquake.bank] Chunk id: 0   initiated | Time range: 2024-02-15 04:43:30.917000 - 2024-02-16 04:43:30.917000 | Chunk creation time: 2026-05-06 21:36:45.545715
2026-05-06 21:36:45,546 [INFO:utdquake.bank.utils] Starting to process 2 events in catalog ESSZ1mmm. (This id is created just for logging purposes)
2026-05-06 21:36:45,548 [INFO:utdquake.bank.utils] Processing event smi:service.iris.edu/fdsnws/event/1/query?eventid=11805113 with origin smi:service.iris.edu/fdsnws/event/1/query?originid=49700124
2026-05-06 21:50:00,554 [INFO:utdquake.bank.utils] Processed origin smi:service.iris.edu/fdsnws/event/1/query?originid=49700124. Ready to update quality metrics.
2026-05-06 21:50:00,557 [INFO:utdquake.bank.utils] Updating quality metrics for origin smi:service.iris.edu/fdsnws/event/1/query?originid=49700124.
2026-05-06 21:50:00,563 [INFO:utdquake.bank.utils] Quality metrics updated for origin smi:service.iris.edu/fdsnws/event/1/query?originid=49700124.
2026-05-06 21:50:00,564 [INFO:utdquake.bank.utils] Updated quality metrics for origin smi:service.iris.edu/fdsnws/event/1/query?originid=49700124.
2026-05-06 21:50:00,564 [INFO:utdquake.bank.utils] Processing event smi:service.iris.edu/fdsnws/event/1/query?eventid=11805256 with origin smi:service.iris.edu/fdsnws/event/1/query?originid=49702418
2026-05-06 22:07:48,188 [INFO:utdquake.bank.utils] Processed origin smi:service.iris.edu/fdsnws/event/1/query?originid=49702418. Ready to update quality metrics.
2026-05-06 22:07:48,189 [INFO:utdquake.bank.utils] Updating quality metrics for origin smi:service.iris.edu/fdsnws/event/1/query?originid=49702418.
2026-05-06 22:07:48,196 [INFO:utdquake.bank.utils] Quality metrics updated for origin smi:service.iris.edu/fdsnws/event/1/query?originid=49702418.
2026-05-06 22:07:48,197 [INFO:utdquake.bank.utils] Updated quality metrics for origin smi:service.iris.edu/fdsnws/event/1/query?originid=49702418.
2026-05-06 22:07:48,197 [INFO:utdquake.bank.utils] Finishing to process 2 events in catalog ESSZ1mmm.
2026-05-06 22:08:04,944 [INFO:utdquake.bank] Saved 2 events of 2 possible in chunk id 0   from 2024-02-15 04:43:30.917000 to 2024-02-16 04:43:30.917000 in /groups/igonin/ecastillo/UTDQuake_test/bank/GCI
2026-05-06 22:08:04,945 [INFO:utdquake.bank] Creating stations summary based on the events in the event bank at /groups/igonin/ecastillo/UTDQuake_test/bank/GCI/.stations
2026-05-06 22:08:04,972 [INFO:utdquake.bank.utils] Found 22500 station databases in /groups/igonin/ecastillo/UTDQuake_test/.utdquake/db/stations/.stations.
2026-05-06 22:17:32,166 [INFO:utdquake.bank] Updating stations summary in the event bank at /groups/igonin/ecastillo/UTDQuake_test/bank/GCI
2026-05-06 22:17:32,512 [INFO:utdquake.bank] Stations summary updated successfully.
2026-05-06 22:17:32,513 [INFO:utdquake.bank.utils] [1/10] Fetching events forward 2024-02-16T04:43:30.917000Z to 2024-02-17T04:43:30.917000Z...
2026-05-06 22:17:41,536 [INFO:utdquake.bank.utils] Restarting patience counter after successful fetch.
2026-05-06 22:17:41,821 [INFO:utdquake.bank] Chunk id: 0   initiated | Time range: 2024-02-16 04:43:30.917000 - 2024-02-17 04:43:30.917000 | Chunk creation time: 2026-05-06 22:17:41.821542
2026-05-06 22:17:41,822 [INFO:utdquake.bank.utils] Starting to process 1 events in catalog TDDCcsam. (This id is created just for logging purposes)
2026-05-06 22:17:41,823 [INFO:utdquake.bank.utils] Processing event smi:service.iris.edu/fdsnws/event/1/query?eventid=11805922 with origin smi:service.iris.edu/fdsnws/event/1/query?originid=49708830
2026-05-06 22:39:37,089 [INFO:utdquake.bank.utils] Processed origin smi:service.iris.edu/fdsnws/event/1/query?originid=49708830. Ready to update quality metrics.
2026-05-06 22:39:37,092 [INFO:utdquake.bank.utils] Updating quality metrics for origin smi:service.iris.edu/fdsnws/event/1/query?originid=49708830.
2026-05-06 22:39:37,101 [INFO:utdquake.bank.utils] Quality metrics updated for origin smi:service.iris.edu/fdsnws/event/1/query?originid=49708830.
2026-05-06 22:39:37,109 [INFO:utdquake.bank.utils] Updated quality metrics for origin smi:service.iris.edu/fdsnws/event/1/query?originid=49708830.
2026-05-06 22:39:37,111 [INFO:utdquake.bank.utils] Finishing to process 1 events in catalog TDDCcsam.
2026-05-06 22:39:49,469 [INFO:utdquake.bank] Saved 1 events of 1 possible in chunk id 0   from 2024-02-16 04:43:30.917000 to 2024-02-17 04:43:30.917000 in /groups/igonin/ecastillo/UTDQuake_test/bank/GCI
2026-05-06 22:39:49,471 [INFO:utdquake.bank] Creating stations summary based on the events in the event bank at /groups/igonin/ecastillo/UTDQuake_test/bank/GCI/.stations
2026-05-06 22:39:49,500 [INFO:utdquake.bank.utils] Found 22500 station databases in /groups/igonin/ecastillo/UTDQuake_test/.utdquake/db/stations/.stations.
2026-05-06 22:49:48,154 [INFO:utdquake.bank] Updating stations summary in the event bank at /groups/igonin/ecastillo/UTDQuake_test/bank/GCI
2026-05-06 22:49:48,498 [INFO:utdquake.bank] Stations summary updated successfully.
2026-05-06 22:49:48,499 [INFO:utdquake.bank.utils] [1/10] Fetching events forward 2024-02-17T04:43:30.917000Z to 2024-02-18T04:43:30.917000Z...
2026-05-06 22:49:48,559 [INFO:utdquake.bank.utils] Restarting patience counter after successful fetch.
2026-05-06 22:49:48,727 [INFO:utdquake.bank] Chunk id: 0   initiated | Time range: 2024-02-17 04:43:30.917000 - 2024-02-18 04:43:30.917000 | Chunk creation time: 2026-05-06 22:49:48.727366
2026-05-06 22:49:48,728 [INFO:utdquake.bank.utils] Starting to process 0 events in catalog shxn2OJx. (This id is created just for logging purposes)
2026-05-06 22:49:48,729 [INFO:utdquake.bank.utils] Finishing to process 0 events in catalog shxn2OJx.
2026-05-06 22:49:49,764 [INFO:utdquake.bank] Saved 0 events of 0 possible in chunk id 0   from 2024-02-17 04:43:30.917000 to 2024-02-18 04:43:30.917000 in /groups/igonin/ecastillo/UTDQuake_test/bank/GCI
2026-05-06 22:49:49,765 [INFO:utdquake.bank] Creating stations summary based on the events in the event bank at /groups/igonin/ecastillo/UTDQuake_test/bank/GCI/.stations
2026-05-06 22:49:49,794 [INFO:utdquake.bank.utils] Found 22500 station databases in /groups/igonin/ecastillo/UTDQuake_test/.utdquake/db/stations/.stations.
2026-05-06 22:59:43,377 [INFO:utdquake.bank] Updating stations summary in the event bank at /groups/igonin/ecastillo/UTDQuake_test/bank/GCI
2026-05-06 22:59:43,627 [INFO:utdquake.bank] Stations summary updated successfully.
2026-05-06 22:59:43,628 [INFO:utdquake.bank.utils] [1/10] Fetching events forward 2024-02-18T04:43:30.917000Z to 2024-02-19T04:43:30.917000Z...
2026-05-06 22:59:43,676 [INFO:utdquake.bank.utils] Restarting patience counter after successful fetch.
2026-05-06 22:59:43,677 [INFO:utdquake.bank] Chunk id: 0   initiated | Time range: 2024-02-18 04:43:30.917000 - 2024-02-19 04:43:30.917000 | Chunk creation time: 2026-05-06 22:59:43.677415
2026-05-06 22:59:43,678 [INFO:utdquake.bank.utils] Starting to process 0 events in catalog bJdBmAn9. (This id is created just for logging purposes)
2026-05-06 22:59:43,679 [INFO:utdquake.bank.utils] Finishing to process 0 events in catalog bJdBmAn9.
2026-05-06 22:59:44,721 [INFO:utdquake.bank] Saved 0 events of 0 possible in chunk id 0   from 2024-02-18 04:43:30.917000 to 2024-02-19 04:43:30.917000 in /groups/igonin/ecastillo/UTDQuake_test/bank/GCI
2026-05-06 22:59:44,722 [INFO:utdquake.bank] Creating stations summary based on the events in the event bank at /groups/igonin/ecastillo/UTDQuake_test/bank/GCI/.stations
2026-05-06 22:59:44,750 [INFO:utdquake.bank.utils] Found 22500 station databases in /groups/igonin/ecastillo/UTDQuake_test/.utdquake/db/stations/.stations.
2026-05-06 23:09:43,788 [INFO:utdquake.bank] Updating stations summary in the event bank at /groups/igonin/ecastillo/UTDQuake_test/bank/GCI
2026-05-06 23:09:44,044 [INFO:utdquake.bank] Stations summary updated successfully.
2026-05-06 23:09:44,045 [INFO:utdquake.bank.utils] [1/10] Fetching events forward 2024-02-19T04:43:30.917000Z to 2024-02-20T04:43:30.917000Z...
2026-05-06 23:09:44,098 [INFO:utdquake.bank.utils] Restarting patience counter after successful fetch.
2026-05-06 23:09:44,099 [INFO:utdquake.bank] Chunk id: 0   initiated | Time range: 2024-02-19 04:43:30.917000 - 2024-02-20 04:43:30.917000 | Chunk creation time: 2026-05-06 23:09:44.099681
2026-05-06 23:09:44,100 [INFO:utdquake.bank.utils] Starting to process 0 events in catalog 3VL3RVR8. (This id is created just for logging purposes)
2026-05-06 23:09:44,109 [INFO:utdquake.bank.utils] Finishing to process 0 events in catalog 3VL3RVR8.
2026-05-06 23:09:45,165 [INFO:utdquake.bank] Saved 0 events of 0 possible in chunk id 0   from 2024-02-19 04:43:30.917000 to 2024-02-20 04:43:30.917000 in /groups/igonin/ecastillo/UTDQuake_test/bank/GCI
2026-05-06 23:09:45,167 [INFO:utdquake.bank] Creating stations summary based on the events in the event bank at /groups/igonin/ecastillo/UTDQuake_test/bank/GCI/.stations
2026-05-06 23:09:45,195 [INFO:utdquake.bank.utils] Found 22500 station databases in /groups/igonin/ecastillo/UTDQuake_test/.utdquake/db/stations/.stations.
2026-05-06 23:19:42,128 [INFO:utdquake.bank] Updating stations summary in the event bank at /groups/igonin/ecastillo/UTDQuake_test/bank/GCI
2026-05-06 23:19:42,386 [INFO:utdquake.bank] Stations summary updated successfully.
2026-05-06 23:19:42,387 [INFO:utdquake.bank.utils] [1/10] Fetching events forward 2024-02-20T04:43:30.917000Z to 2024-02-21T04:43:30.917000Z...
2026-05-06 23:19:47,593 [INFO:utdquake.bank.utils] Restarting patience counter after successful fetch.
2026-05-06 23:19:47,617 [INFO:utdquake.bank] Chunk id: 0   initiated | Time range: 2024-02-20 04:43:30.917000 - 2024-02-21 04:43:30.917000 | Chunk creation time: 2026-05-06 23:19:47.617890
2026-05-06 23:19:47,618 [INFO:utdquake.bank.utils] Starting to process 1 events in catalog ourWeWus. (This id is created just for logging purposes)
2026-05-06 23:19:47,619 [INFO:utdquake.bank.utils] Processing event smi:service.iris.edu/fdsnws/event/1/query?eventid=11807294 with origin smi:service.iris.edu/fdsnws/event/1/query?originid=49725720
2026-05-06 23:32:48,278 [INFO:utdquake.bank.utils] Processed origin smi:service.iris.edu/fdsnws/event/1/query?originid=49725720. Ready to update quality metrics.
2026-05-06 23:32:48,280 [INFO:utdquake.bank.utils] Updating quality metrics for origin smi:service.iris.edu/fdsnws/event/1/query?originid=49725720.
2026-05-06 23:32:48,285 [INFO:utdquake.bank.utils] Quality metrics updated for origin smi:service.iris.edu/fdsnws/event/1/query?originid=49725720.
2026-05-06 23:32:48,285 [INFO:utdquake.bank.utils] Updated quality metrics for origin smi:service.iris.edu/fdsnws/event/1/query?originid=49725720.
2026-05-06 23:32:48,287 [INFO:utdquake.bank.utils] Finishing to process 1 events in catalog ourWeWus.
2026-05-06 23:32:56,104 [INFO:utdquake.bank] Saved 1 events of 1 possible in chunk id 0   from 2024-02-20 04:43:30.917000 to 2024-02-21 04:43:30.917000 in /groups/igonin/ecastillo/UTDQuake_test/bank/GCI
2026-05-06 23:32:56,108 [INFO:utdquake.bank] Creating stations summary based on the events in the event bank at /groups/igonin/ecastillo/UTDQuake_test/bank/GCI/.stations
2026-05-06 23:32:56,136 [INFO:utdquake.bank.utils] Found 22500 station databases in /groups/igonin/ecastillo/UTDQuake_test/.utdquake/db/stations/.stations.
2026-05-06 23:43:10,045 [INFO:utdquake.bank] Updating stations summary in the event bank at /groups/igonin/ecastillo/UTDQuake_test/bank/GCI
2026-05-06 23:43:10,363 [INFO:utdquake.bank] Stations summary updated successfully.
2026-05-06 23:43:10,364 [INFO:utdquake.bank.utils] [1/10] Fetching events forward 2024-02-21T04:43:30.917000Z to 2024-02-22T04:43:30.917000Z...
2026-05-06 23:43:24,963 [INFO:utdquake.bank.utils] Restarting patience counter after successful fetch.
2026-05-06 23:43:25,104 [INFO:utdquake.bank] Chunk id: 0   initiated | Time range: 2024-02-21 04:43:30.917000 - 2024-02-22 04:43:30.917000 | Chunk creation time: 2026-05-06 23:43:25.104106
2026-05-06 23:43:25,108 [INFO:utdquake.bank.utils] Starting to process 2 events in catalog 4CStQ60e. (This id is created just for logging purposes)
2026-05-06 23:43:25,110 [INFO:utdquake.bank.utils] Processing event smi:service.iris.edu/fdsnws/event/1/query?eventid=11807341 with origin smi:service.iris.edu/fdsnws/event/1/query?originid=49726123
2026-05-06 23:52:04,430 [INFO:utdquake.bank.utils] Processed origin smi:service.iris.edu/fdsnws/event/1/query?originid=49726123. Ready to update quality metrics.
2026-05-06 23:52:04,433 [INFO:utdquake.bank.utils] Updating quality metrics for origin smi:service.iris.edu/fdsnws/event/1/query?originid=49726123.
2026-05-06 23:52:04,437 [INFO:utdquake.bank.utils] Quality metrics updated for origin smi:service.iris.edu/fdsnws/event/1/query?originid=49726123.
2026-05-06 23:52:04,438 [INFO:utdquake.bank.utils] Updated quality metrics for origin smi:service.iris.edu/fdsnws/event/1/query?originid=49726123.
2026-05-06 23:52:04,439 [INFO:utdquake.bank.utils] Processing event smi:service.iris.edu/fdsnws/event/1/query?eventid=11807368 with origin smi:service.iris.edu/fdsnws/event/1/query?originid=49726419
2026-05-07 00:19:44,271 [INFO:utdquake.bank.utils] Processed origin smi:service.iris.edu/fdsnws/event/1/query?originid=49726419. Ready to update quality metrics.
2026-05-07 00:19:44,273 [INFO:utdquake.bank.utils] Updating quality metrics for origin smi:service.iris.edu/fdsnws/event/1/query?originid=49726419.
2026-05-07 00:19:44,283 [INFO:utdquake.bank.utils] Quality metrics updated for origin smi:service.iris.edu/fdsnws/event/1/query?originid=49726419.
2026-05-07 00:19:44,284 [INFO:utdquake.bank.utils] Updated quality metrics for origin smi:service.iris.edu/fdsnws/event/1/query?originid=49726419.
2026-05-07 00:19:44,284 [INFO:utdquake.bank.utils] Finishing to process 2 events in catalog 4CStQ60e.
2026-05-07 00:20:03,541 [INFO:utdquake.bank] Saved 2 events of 2 possible in chunk id 0   from 2024-02-21 04:43:30.917000 to 2024-02-22 04:43:30.917000 in /groups/igonin/ecastillo/UTDQuake_test/bank/GCI
2026-05-07 00:20:03,542 [INFO:utdquake.bank] Creating stations summary based on the events in the event bank at /groups/igonin/ecastillo/UTDQuake_test/bank/GCI/.stations
2026-05-07 00:20:03,569 [INFO:utdquake.bank.utils] Found 22500 station databases in /groups/igonin/ecastillo/UTDQuake_test/.utdquake/db/stations/.stations.
2026-05-07 00:30:16,883 [INFO:utdquake.bank] Updating stations summary in the event bank at /groups/igonin/ecastillo/UTDQuake_test/bank/GCI
2026-05-07 00:30:17,189 [INFO:utdquake.bank] Stations summary updated successfully.
2026-05-07 00:30:17,190 [INFO:utdquake.bank.utils] [1/10] Fetching events forward 2024-02-22T04:43:30.917000Z to 2024-02-23T04:43:30.917000Z...
2026-05-07 00:30:17,255 [INFO:utdquake.bank.utils] Restarting patience counter after successful fetch.
2026-05-07 00:30:17,565 [INFO:utdquake.bank] Chunk id: 0   initiated | Time range: 2024-02-22 04:43:30.917000 - 2024-02-23 04:43:30.917000 | Chunk creation time: 2026-05-07 00:30:17.565672
2026-05-07 00:30:17,567 [INFO:utdquake.bank.utils] Starting to process 0 events in catalog 69Zo5jAD. (This id is created just for logging purposes)
2026-05-07 00:30:17,568 [INFO:utdquake.bank.utils] Finishing to process 0 events in catalog 69Zo5jAD.
2026-05-07 00:30:18,669 [INFO:utdquake.bank] Saved 0 events of 0 possible in chunk id 0   from 2024-02-22 04:43:30.917000 to 2024-02-23 04:43:30.917000 in /groups/igonin/ecastillo/UTDQuake_test/bank/GCI
2026-05-07 00:30:18,670 [INFO:utdquake.bank] Creating stations summary based on the events in the event bank at /groups/igonin/ecastillo/UTDQuake_test/bank/GCI/.stations
2026-05-07 00:30:18,698 [INFO:utdquake.bank.utils] Found 22500 station databases in /groups/igonin/ecastillo/UTDQuake_test/.utdquake/db/stations/.stations.
2026-05-07 00:40:30,047 [INFO:utdquake.bank] Updating stations summary in the event bank at /groups/igonin/ecastillo/UTDQuake_test/bank/GCI
2026-05-07 00:40:30,374 [INFO:utdquake.bank] Stations summary updated successfully.
2026-05-07 00:40:30,375 [INFO:utdquake.bank.utils] [1/10] Fetching events forward 2024-02-23T04:43:30.917000Z to 2024-02-24T04:43:30.917000Z...
2026-05-07 00:40:32,481 [INFO:utdquake.bank.utils] Restarting patience counter after successful fetch.
2026-05-07 00:40:32,482 [INFO:utdquake.bank] Chunk id: 0   initiated | Time range: 2024-02-23 04:43:30.917000 - 2024-02-24 04:43:30.917000 | Chunk creation time: 2026-05-07 00:40:32.482744
2026-05-07 00:40:32,483 [INFO:utdquake.bank.utils] Starting to process 1 events in catalog G2dDQR2k. (This id is created just for logging purposes)
2026-05-07 00:40:32,484 [INFO:utdquake.bank.utils] Processing event smi:service.iris.edu/fdsnws/event/1/query?eventid=11808657 with origin smi:service.iris.edu/fdsnws/event/1/query?originid=49735818
2026-05-07 00:45:46,697 [INFO:utdquake.bank.utils] Processed origin smi:service.iris.edu/fdsnws/event/1/query?originid=49735818. Ready to update quality metrics.
2026-05-07 00:45:46,699 [INFO:utdquake.bank.utils] Updating quality metrics for origin smi:service.iris.edu/fdsnws/event/1/query?originid=49735818.
2026-05-07 00:45:46,702 [INFO:utdquake.bank.utils] Quality metrics updated for origin smi:service.iris.edu/fdsnws/event/1/query?originid=49735818.
2026-05-07 00:45:46,709 [INFO:utdquake.bank.utils] Updated quality metrics for origin smi:service.iris.edu/fdsnws/event/1/query?originid=49735818.
2026-05-07 00:45:46,710 [INFO:utdquake.bank.utils] Finishing to process 1 events in catalog G2dDQR2k.
2026-05-07 00:45:50,756 [INFO:utdquake.bank] Saved 1 events of 1 possible in chunk id 0   from 2024-02-23 04:43:30.917000 to 2024-02-24 04:43:30.917000 in /groups/igonin/ecastillo/UTDQuake_test/bank/GCI
2026-05-07 00:45:50,757 [INFO:utdquake.bank] Creating stations summary based on the events in the event bank at /groups/igonin/ecastillo/UTDQuake_test/bank/GCI/.stations
2026-05-07 00:45:50,784 [INFO:utdquake.bank.utils] Found 22500 station databases in /groups/igonin/ecastillo/UTDQuake_test/.utdquake/db/stations/.stations.
2026-05-07 00:55:58,301 [INFO:utdquake.bank] Updating stations summary in the event bank at /groups/igonin/ecastillo/UTDQuake_test/bank/GCI
2026-05-07 00:55:58,594 [INFO:utdquake.bank] Stations summary updated successfully.
2026-05-07 00:55:58,595 [INFO:utdquake.bank.utils] [1/10] Fetching events forward 2024-02-24T04:43:30.917000Z to 2024-02-25T04:43:30.917000Z...
2026-05-07 00:55:58,655 [INFO:utdquake.bank.utils] Restarting patience counter after successful fetch.
2026-05-07 00:55:58,696 [INFO:utdquake.bank] Chunk id: 0   initiated | Time range: 2024-02-24 04:43:30.917000 - 2024-02-25 04:43:30.917000 | Chunk creation time: 2026-05-07 00:55:58.696525
2026-05-07 00:55:58,697 [INFO:utdquake.bank.utils] Starting to process 0 events in catalog g54jlDS1. (This id is created just for logging purposes)
2026-05-07 00:55:58,698 [INFO:utdquake.bank.utils] Finishing to process 0 events in catalog g54jlDS1.
2026-05-07 00:55:59,768 [INFO:utdquake.bank] Saved 0 events of 0 possible in chunk id 0   from 2024-02-24 04:43:30.917000 to 2024-02-25 04:43:30.917000 in /groups/igonin/ecastillo/UTDQuake_test/bank/GCI
2026-05-07 00:55:59,768 [INFO:utdquake.bank] Creating stations summary based on the events in the event bank at /groups/igonin/ecastillo/UTDQuake_test/bank/GCI/.stations
2026-05-07 00:55:59,796 [INFO:utdquake.bank.utils] Found 22500 station databases in /groups/igonin/ecastillo/UTDQuake_test/.utdquake/db/stations/.stations.
2026-05-07 01:06:08,467 [INFO:utdquake.bank] Updating stations summary in the event bank at /groups/igonin/ecastillo/UTDQuake_test/bank/GCI
2026-05-07 01:06:08,734 [INFO:utdquake.bank] Stations summary updated successfully.
2026-05-07 01:06:08,735 [INFO:utdquake.bank.utils] [1/10] Fetching events forward 2024-02-25T04:43:30.917000Z to 2024-02-26T04:43:30.917000Z...
2026-05-07 01:06:14,442 [INFO:utdquake.bank.utils] Restarting patience counter after successful fetch.
2026-05-07 01:06:14,469 [INFO:utdquake.bank] Chunk id: 0   initiated | Time range: 2024-02-25 04:43:30.917000 - 2024-02-26 04:43:30.917000 | Chunk creation time: 2026-05-07 01:06:14.469848
2026-05-07 01:06:14,470 [INFO:utdquake.bank.utils] Starting to process 1 events in catalog EDyJKAQ9. (This id is created just for logging purposes)
2026-05-07 01:06:14,471 [INFO:utdquake.bank.utils] Processing event smi:service.iris.edu/fdsnws/event/1/query?eventid=11809307 with origin smi:service.iris.edu/fdsnws/event/1/query?originid=49745627
2026-05-07 01:20:48,957 [INFO:utdquake.bank.utils] Processed origin smi:service.iris.edu/fdsnws/event/1/query?originid=49745627. Ready to update quality metrics.
2026-05-07 01:20:48,959 [INFO:utdquake.bank.utils] Updating quality metrics for origin smi:service.iris.edu/fdsnws/event/1/query?originid=49745627.
2026-05-07 01:20:48,965 [INFO:utdquake.bank.utils] Quality metrics updated for origin smi:service.iris.edu/fdsnws/event/1/query?originid=49745627.
2026-05-07 01:20:48,967 [INFO:utdquake.bank.utils] Updated quality metrics for origin smi:service.iris.edu/fdsnws/event/1/query?originid=49745627.
2026-05-07 01:20:48,967 [INFO:utdquake.bank.utils] Finishing to process 1 events in catalog EDyJKAQ9.
2026-05-07 01:20:57,492 [INFO:utdquake.bank] Saved 1 events of 1 possible in chunk id 0   from 2024-02-25 04:43:30.917000 to 2024-02-26 04:43:30.917000 in /groups/igonin/ecastillo/UTDQuake_test/bank/GCI
2026-05-07 01:20:57,493 [INFO:utdquake.bank] Creating stations summary based on the events in the event bank at /groups/igonin/ecastillo/UTDQuake_test/bank/GCI/.stations
2026-05-07 01:20:57,520 [INFO:utdquake.bank.utils] Found 22500 station databases in /groups/igonin/ecastillo/UTDQuake_test/.utdquake/db/stations/.stations.
2026-05-07 01:31:15,329 [INFO:utdquake.bank] Updating stations summary in the event bank at /groups/igonin/ecastillo/UTDQuake_test/bank/GCI
2026-05-07 01:31:15,600 [INFO:utdquake.bank] Stations summary updated successfully.
2026-05-07 01:31:15,608 [INFO:utdquake.bank.utils] [1/10] Fetching events forward 2024-02-26T04:43:30.917000Z to 2024-02-27T04:43:30.917000Z...
2026-05-07 01:31:29,241 [INFO:utdquake.bank.utils] Restarting patience counter after successful fetch.
2026-05-07 01:31:29,386 [INFO:utdquake.bank] Chunk id: 0   initiated | Time range: 2024-02-26 04:43:30.917000 - 2024-02-27 04:43:30.917000 | Chunk creation time: 2026-05-07 01:31:29.386331
2026-05-07 01:31:29,388 [INFO:utdquake.bank.utils] Starting to process 2 events in catalog CohCqwaO. (This id is created just for logging purposes)
2026-05-07 01:31:29,388 [INFO:utdquake.bank.utils] Processing event smi:service.iris.edu/fdsnws/event/1/query?eventid=11809356 with origin smi:service.iris.edu/fdsnws/event/1/query?originid=49746620
2026-05-07 01:38:19,758 [INFO:utdquake.bank.utils] Processed origin smi:service.iris.edu/fdsnws/event/1/query?originid=49746620. Ready to update quality metrics.
2026-05-07 01:38:19,759 [INFO:utdquake.bank.utils] Updating quality metrics for origin smi:service.iris.edu/fdsnws/event/1/query?originid=49746620.
2026-05-07 01:38:19,763 [INFO:utdquake.bank.utils] Quality metrics updated for origin smi:service.iris.edu/fdsnws/event/1/query?originid=49746620.
2026-05-07 01:38:19,763 [INFO:utdquake.bank.utils] Updated quality metrics for origin smi:service.iris.edu/fdsnws/event/1/query?originid=49746620.
2026-05-07 01:38:19,764 [INFO:utdquake.bank.utils] Processing event smi:service.iris.edu/fdsnws/event/1/query?eventid=11809696 with origin smi:service.iris.edu/fdsnws/event/1/query?originid=49749673
2026-05-07 02:03:24,524 [INFO:utdquake.bank.utils] Processed origin smi:service.iris.edu/fdsnws/event/1/query?originid=49749673. Ready to update quality metrics.
2026-05-07 02:03:24,527 [INFO:utdquake.bank.utils] Updating quality metrics for origin smi:service.iris.edu/fdsnws/event/1/query?originid=49749673.
2026-05-07 02:03:24,535 [INFO:utdquake.bank.utils] Quality metrics updated for origin smi:service.iris.edu/fdsnws/event/1/query?originid=49749673.
2026-05-07 02:03:24,537 [INFO:utdquake.bank.utils] Updated quality metrics for origin smi:service.iris.edu/fdsnws/event/1/query?originid=49749673.
2026-05-07 02:03:24,537 [INFO:utdquake.bank.utils] Finishing to process 2 events in catalog CohCqwaO.
2026-05-07 02:03:42,003 [INFO:utdquake.bank] Saved 2 events of 2 possible in chunk id 0   from 2024-02-26 04:43:30.917000 to 2024-02-27 04:43:30.917000 in /groups/igonin/ecastillo/UTDQuake_test/bank/GCI
2026-05-07 02:03:42,010 [INFO:utdquake.bank] Creating stations summary based on the events in the event bank at /groups/igonin/ecastillo/UTDQuake_test/bank/GCI/.stations
2026-05-07 02:03:42,040 [INFO:utdquake.bank.utils] Found 22500 station databases in /groups/igonin/ecastillo/UTDQuake_test/.utdquake/db/stations/.stations.
2026-05-07 02:14:07,228 [INFO:utdquake.bank] Updating stations summary in the event bank at /groups/igonin/ecastillo/UTDQuake_test/bank/GCI
2026-05-07 02:14:07,509 [INFO:utdquake.bank] Stations summary updated successfully.
2026-05-07 02:14:07,510 [INFO:utdquake.bank.utils] [1/10] Fetching events forward 2024-02-27T04:43:30.917000Z to 2024-02-28T04:43:30.917000Z...
2026-05-07 02:14:07,561 [INFO:utdquake.bank.utils] Restarting patience counter after successful fetch.
2026-05-07 02:14:07,810 [INFO:utdquake.bank] Chunk id: 0   initiated | Time range: 2024-02-27 04:43:30.917000 - 2024-02-28 04:43:30.917000 | Chunk creation time: 2026-05-07 02:14:07.810459
2026-05-07 02:14:07,812 [INFO:utdquake.bank.utils] Starting to process 0 events in catalog anmlAW0q. (This id is created just for logging purposes)
2026-05-07 02:14:07,812 [INFO:utdquake.bank.utils] Finishing to process 0 events in catalog anmlAW0q.
2026-05-07 02:14:08,837 [INFO:utdquake.bank] Saved 0 events of 0 possible in chunk id 0   from 2024-02-27 04:43:30.917000 to 2024-02-28 04:43:30.917000 in /groups/igonin/ecastillo/UTDQuake_test/bank/GCI
2026-05-07 02:14:08,838 [INFO:utdquake.bank] Creating stations summary based on the events in the event bank at /groups/igonin/ecastillo/UTDQuake_test/bank/GCI/.stations
2026-05-07 02:14:08,866 [INFO:utdquake.bank.utils] Found 22500 station databases in /groups/igonin/ecastillo/UTDQuake_test/.utdquake/db/stations/.stations.
2026-05-07 02:24:27,288 [INFO:utdquake.bank] Updating stations summary in the event bank at /groups/igonin/ecastillo/UTDQuake_test/bank/GCI
2026-05-07 02:24:27,532 [INFO:utdquake.bank] Stations summary updated successfully.
2026-05-07 02:24:27,533 [INFO:utdquake.bank.utils] [1/10] Fetching events forward 2024-02-28T04:43:30.917000Z to 2024-02-29T04:43:30.917000Z...
2026-05-07 02:24:46,122 [INFO:utdquake.bank.utils] Restarting patience counter after successful fetch.
2026-05-07 02:24:46,156 [INFO:utdquake.bank] Chunk id: 0   initiated | Time range: 2024-02-28 04:43:30.917000 - 2024-02-29 04:43:30.917000 | Chunk creation time: 2026-05-07 02:24:46.156104
2026-05-07 02:24:46,157 [INFO:utdquake.bank.utils] Starting to process 3 events in catalog ia8963vs. (This id is created just for logging purposes)
2026-05-07 02:24:46,158 [INFO:utdquake.bank.utils] Processing event smi:service.iris.edu/fdsnws/event/1/query?eventid=11810417 with origin smi:service.iris.edu/fdsnws/event/1/query?originid=49757421
2026-05-07 02:34:54,868 [INFO:utdquake.bank.utils] Processed origin smi:service.iris.edu/fdsnws/event/1/query?originid=49757421. Ready to update quality metrics.
2026-05-07 02:34:54,870 [INFO:utdquake.bank.utils] Updating quality metrics for origin smi:service.iris.edu/fdsnws/event/1/query?originid=49757421.
2026-05-07 02:34:54,876 [INFO:utdquake.bank.utils] Quality metrics updated for origin smi:service.iris.edu/fdsnws/event/1/query?originid=49757421.
2026-05-07 02:34:54,877 [INFO:utdquake.bank.utils] Updated quality metrics for origin smi:service.iris.edu/fdsnws/event/1/query?originid=49757421.
2026-05-07 02:34:54,878 [INFO:utdquake.bank.utils] Processing event smi:service.iris.edu/fdsnws/event/1/query?eventid=11810392 with origin smi:service.iris.edu/fdsnws/event/1/query?originid=49756869
2026-05-07 02:52:42,193 [INFO:utdquake.bank.utils] Processed origin smi:service.iris.edu/fdsnws/event/1/query?originid=49756869. Ready to update quality metrics.
2026-05-07 02:52:42,194 [INFO:utdquake.bank.utils] Updating quality metrics for origin smi:service.iris.edu/fdsnws/event/1/query?originid=49756869.
2026-05-07 02:52:42,201 [INFO:utdquake.bank.utils] Quality metrics updated for origin smi:service.iris.edu/fdsnws/event/1/query?originid=49756869.
2026-05-07 02:52:42,208 [INFO:utdquake.bank.utils] Updated quality metrics for origin smi:service.iris.edu/fdsnws/event/1/query?originid=49756869.
2026-05-07 02:52:42,210 [INFO:utdquake.bank.utils] Processing event smi:service.iris.edu/fdsnws/event/1/query?eventid=11810630 with origin smi:service.iris.edu/fdsnws/event/1/query?originid=49759969
2026-05-07 03:11:01,638 [INFO:utdquake.bank.utils] Processed origin smi:service.iris.edu/fdsnws/event/1/query?originid=49759969. Ready to update quality metrics.
2026-05-07 03:11:01,641 [INFO:utdquake.bank.utils] Updating quality metrics for origin smi:service.iris.edu/fdsnws/event/1/query?originid=49759969.
2026-05-07 03:11:01,649 [INFO:utdquake.bank.utils] Quality metrics updated for origin smi:service.iris.edu/fdsnws/event/1/query?originid=49759969.
2026-05-07 03:11:01,650 [INFO:utdquake.bank.utils] Updated quality metrics for origin smi:service.iris.edu/fdsnws/event/1/query?originid=49759969.
2026-05-07 03:11:01,651 [INFO:utdquake.bank.utils] Finishing to process 3 events in catalog ia8963vs.
2026-05-07 03:11:26,364 [INFO:utdquake.bank] Saved 3 events of 3 possible in chunk id 0   from 2024-02-28 04:43:30.917000 to 2024-02-29 04:43:30.917000 in /groups/igonin/ecastillo/UTDQuake_test/bank/GCI
2026-05-07 03:11:26,365 [INFO:utdquake.bank] Creating stations summary based on the events in the event bank at /groups/igonin/ecastillo/UTDQuake_test/bank/GCI/.stations
2026-05-07 03:11:26,395 [INFO:utdquake.bank.utils] Found 22500 station databases in /groups/igonin/ecastillo/UTDQuake_test/.utdquake/db/stations/.stations.
2026-05-07 03:21:54,245 [INFO:utdquake.bank] Updating stations summary in the event bank at /groups/igonin/ecastillo/UTDQuake_test/bank/GCI
2026-05-07 03:21:54,530 [INFO:utdquake.bank] Stations summary updated successfully.
2026-05-07 03:21:54,531 [INFO:utdquake.bank.utils] [1/10] Fetching events forward 2024-02-29T04:43:30.917000Z to 2024-03-01T04:43:30.917000Z...
2026-05-07 03:21:54,584 [INFO:utdquake.bank.utils] Restarting patience counter after successful fetch.
2026-05-07 03:21:55,013 [INFO:utdquake.bank] Chunk id: 0   initiated | Time range: 2024-02-29 04:43:30.917000 - 2024-03-01 04:43:30.917000 | Chunk creation time: 2026-05-07 03:21:55.013354
2026-05-07 03:21:55,014 [INFO:utdquake.bank.utils] Starting to process 0 events in catalog Gupzyu2v. (This id is created just for logging purposes)
2026-05-07 03:21:55,014 [INFO:utdquake.bank.utils] Finishing to process 0 events in catalog Gupzyu2v.
2026-05-07 03:21:56,068 [INFO:utdquake.bank] Saved 0 events of 0 possible in chunk id 0   from 2024-02-29 04:43:30.917000 to 2024-03-01 04:43:30.917000 in /groups/igonin/ecastillo/UTDQuake_test/bank/GCI
2026-05-07 03:21:56,070 [INFO:utdquake.bank] Creating stations summary based on the events in the event bank at /groups/igonin/ecastillo/UTDQuake_test/bank/GCI/.stations
2026-05-07 03:21:56,099 [INFO:utdquake.bank.utils] Found 22500 station databases in /groups/igonin/ecastillo/UTDQuake_test/.utdquake/db/stations/.stations.
2026-05-07 03:32:13,099 [INFO:utdquake.bank] Updating stations summary in the event bank at /groups/igonin/ecastillo/UTDQuake_test/bank/GCI
2026-05-07 03:32:13,350 [INFO:utdquake.bank] Stations summary updated successfully.
2026-05-07 03:32:13,351 [INFO:utdquake.bank.utils] [1/10] Fetching events forward 2024-03-01T04:43:30.917000Z to 2024-03-02T04:43:30.917000Z...
2026-05-07 03:32:16,929 [INFO:utdquake.bank.utils] Restarting patience counter after successful fetch.
2026-05-07 03:32:16,946 [INFO:utdquake.bank] Chunk id: 0   initiated | Time range: 2024-03-01 04:43:30.917000 - 2024-03-02 04:43:30.917000 | Chunk creation time: 2026-05-07 03:32:16.946956
2026-05-07 03:32:16,947 [INFO:utdquake.bank.utils] Starting to process 1 events in catalog 0BomsCvQ. (This id is created just for logging purposes)
2026-05-07 03:32:16,948 [INFO:utdquake.bank.utils] Processing event smi:service.iris.edu/fdsnws/event/1/query?eventid=11811700 with origin smi:service.iris.edu/fdsnws/event/1/query?originid=49768172
2026-05-07 03:41:36,362 [INFO:utdquake.bank.utils] Processed origin smi:service.iris.edu/fdsnws/event/1/query?originid=49768172. Ready to update quality metrics.
2026-05-07 03:41:36,364 [INFO:utdquake.bank.utils] Updating quality metrics for origin smi:service.iris.edu/fdsnws/event/1/query?originid=49768172.
2026-05-07 03:41:36,368 [INFO:utdquake.bank.utils] Quality metrics updated for origin smi:service.iris.edu/fdsnws/event/1/query?originid=49768172.
2026-05-07 03:41:36,370 [INFO:utdquake.bank.utils] Updated quality metrics for origin smi:service.iris.edu/fdsnws/event/1/query?originid=49768172.
2026-05-07 03:41:36,370 [INFO:utdquake.bank.utils] Finishing to process 1 events in catalog 0BomsCvQ.
2026-05-07 03:41:42,213 [INFO:utdquake.bank] Saved 1 events of 1 possible in chunk id 0   from 2024-03-01 04:43:30.917000 to 2024-03-02 04:43:30.917000 in /groups/igonin/ecastillo/UTDQuake_test/bank/GCI
2026-05-07 03:41:42,215 [INFO:utdquake.bank] Creating stations summary based on the events in the event bank at /groups/igonin/ecastillo/UTDQuake_test/bank/GCI/.stations
2026-05-07 03:41:42,241 [INFO:utdquake.bank.utils] Found 22500 station databases in /groups/igonin/ecastillo/UTDQuake_test/.utdquake/db/stations/.stations.
2026-05-07 03:52:00,683 [INFO:utdquake.bank] Updating stations summary in the event bank at /groups/igonin/ecastillo/UTDQuake_test/bank/GCI
2026-05-07 03:52:00,962 [INFO:utdquake.bank] Stations summary updated successfully.
2026-05-07 03:52:00,963 [INFO:utdquake.bank.utils] [1/10] Fetching events forward 2024-03-02T04:43:30.917000Z to 2024-03-03T04:43:30.917000Z...
2026-05-07 03:52:01,026 [INFO:utdquake.bank.utils] Restarting patience counter after successful fetch.
2026-05-07 03:52:01,096 [INFO:utdquake.bank] Chunk id: 0   initiated | Time range: 2024-03-02 04:43:30.917000 - 2024-03-03 04:43:30.917000 | Chunk creation time: 2026-05-07 03:52:01.095990
2026-05-07 03:52:01,096 [INFO:utdquake.bank.utils] Starting to process 0 events in catalog LIthelWb. (This id is created just for logging purposes)
2026-05-07 03:52:01,097 [INFO:utdquake.bank.utils] Finishing to process 0 events in catalog LIthelWb.
2026-05-07 03:52:02,148 [INFO:utdquake.bank] Saved 0 events of 0 possible in chunk id 0   from 2024-03-02 04:43:30.917000 to 2024-03-03 04:43:30.917000 in /groups/igonin/ecastillo/UTDQuake_test/bank/GCI
2026-05-07 03:52:02,148 [INFO:utdquake.bank] Creating stations summary based on the events in the event bank at /groups/igonin/ecastillo/UTDQuake_test/bank/GCI/.stations
2026-05-07 03:52:02,177 [INFO:utdquake.bank.utils] Found 22500 station databases in /groups/igonin/ecastillo/UTDQuake_test/.utdquake/db/stations/.stations.
2026-05-07 04:02:16,966 [INFO:utdquake.bank] Updating stations summary in the event bank at /groups/igonin/ecastillo/UTDQuake_test/bank/GCI
2026-05-07 04:02:17,225 [INFO:utdquake.bank] Stations summary updated successfully.
2026-05-07 04:02:17,227 [INFO:utdquake.bank.utils] [1/10] Fetching events forward 2024-03-03T04:43:30.917000Z to 2024-03-04T04:43:30.917000Z...
2026-05-07 04:02:19,712 [INFO:utdquake.bank.utils] Restarting patience counter after successful fetch.
2026-05-07 04:02:19,713 [INFO:utdquake.bank] Chunk id: 0   initiated | Time range: 2024-03-03 04:43:30.917000 - 2024-03-04 04:43:30.917000 | Chunk creation time: 2026-05-07 04:02:19.713677
2026-05-07 04:02:19,714 [INFO:utdquake.bank.utils] Starting to process 1 events in catalog Tj4NnZBG. (This id is created just for logging purposes)
2026-05-07 04:02:19,715 [INFO:utdquake.bank.utils] Processing event smi:service.iris.edu/fdsnws/event/1/query?eventid=11812186 with origin smi:service.iris.edu/fdsnws/event/1/query?originid=49777121
2026-05-07 04:07:57,612 [INFO:utdquake.bank.utils] Processed origin smi:service.iris.edu/fdsnws/event/1/query?originid=49777121. Ready to update quality metrics.
2026-05-07 04:07:57,613 [INFO:utdquake.bank.utils] Updating quality metrics for origin smi:service.iris.edu/fdsnws/event/1/query?originid=49777121.
2026-05-07 04:07:57,616 [INFO:utdquake.bank.utils] Quality metrics updated for origin smi:service.iris.edu/fdsnws/event/1/query?originid=49777121.
2026-05-07 04:07:57,617 [INFO:utdquake.bank.utils] Updated quality metrics for origin smi:service.iris.edu/fdsnws/event/1/query?originid=49777121.
2026-05-07 04:07:57,617 [INFO:utdquake.bank.utils] Finishing to process 1 events in catalog Tj4NnZBG.
2026-05-07 04:08:02,043 [INFO:utdquake.bank] Saved 1 events of 1 possible in chunk id 0   from 2024-03-03 04:43:30.917000 to 2024-03-04 04:43:30.917000 in /groups/igonin/ecastillo/UTDQuake_test/bank/GCI
2026-05-07 04:08:02,045 [INFO:utdquake.bank] Creating stations summary based on the events in the event bank at /groups/igonin/ecastillo/UTDQuake_test/bank/GCI/.stations
2026-05-07 04:08:02,072 [INFO:utdquake.bank.utils] Found 22500 station databases in /groups/igonin/ecastillo/UTDQuake_test/.utdquake/db/stations/.stations.
2026-05-07 04:18:26,864 [INFO:utdquake.bank] Updating stations summary in the event bank at /groups/igonin/ecastillo/UTDQuake_test/bank/GCI
2026-05-07 04:18:27,117 [INFO:utdquake.bank] Stations summary updated successfully.
2026-05-07 04:18:27,117 [INFO:utdquake.bank.utils] [1/10] Fetching events forward 2024-03-04T04:43:30.917000Z to 2024-03-05T04:43:30.917000Z...
2026-05-07 04:18:27,164 [INFO:utdquake.bank.utils] Restarting patience counter after successful fetch.
2026-05-07 04:18:27,208 [INFO:utdquake.bank] Chunk id: 0   initiated | Time range: 2024-03-04 04:43:30.917000 - 2024-03-05 04:43:30.917000 | Chunk creation time: 2026-05-07 04:18:27.208808
2026-05-07 04:18:27,209 [INFO:utdquake.bank.utils] Starting to process 0 events in catalog EXlyeFBD. (This id is created just for logging purposes)
2026-05-07 04:18:27,210 [INFO:utdquake.bank.utils] Finishing to process 0 events in catalog EXlyeFBD.
2026-05-07 04:18:28,183 [INFO:utdquake.bank] Saved 0 events of 0 possible in chunk id 0   from 2024-03-04 04:43:30.917000 to 2024-03-05 04:43:30.917000 in /groups/igonin/ecastillo/UTDQuake_test/bank/GCI
2026-05-07 04:18:28,184 [INFO:utdquake.bank] Creating stations summary based on the events in the event bank at /groups/igonin/ecastillo/UTDQuake_test/bank/GCI/.stations
2026-05-07 04:18:28,213 [INFO:utdquake.bank.utils] Found 22500 station databases in /groups/igonin/ecastillo/UTDQuake_test/.utdquake/db/stations/.stations.
2026-05-07 04:28:29,645 [INFO:utdquake.bank] Updating stations summary in the event bank at /groups/igonin/ecastillo/UTDQuake_test/bank/GCI
2026-05-07 04:28:29,888 [INFO:utdquake.bank] Stations summary updated successfully.
2026-05-07 04:28:29,888 [INFO:utdquake.bank.utils] [1/10] Fetching events forward 2024-03-05T04:43:30.917000Z to 2024-03-06T04:43:30.917000Z...
2026-05-07 04:28:37,381 [INFO:utdquake.bank.utils] Restarting patience counter after successful fetch.
2026-05-07 04:28:37,415 [INFO:utdquake.bank] Chunk id: 0   initiated | Time range: 2024-03-05 04:43:30.917000 - 2024-03-06 04:43:30.917000 | Chunk creation time: 2026-05-07 04:28:37.415677
2026-05-07 04:28:37,416 [INFO:utdquake.bank.utils] Starting to process 1 events in catalog qxjp95kH. (This id is created just for logging purposes)
2026-05-07 04:28:37,417 [INFO:utdquake.bank.utils] Processing event smi:service.iris.edu/fdsnws/event/1/query?eventid=11812877 with origin smi:service.iris.edu/fdsnws/event/1/query?originid=49787218
2026-05-07 04:47:07,998 [INFO:utdquake.bank.utils] Processed origin smi:service.iris.edu/fdsnws/event/1/query?originid=49787218. Ready to update quality metrics.
2026-05-07 04:47:08,000 [INFO:utdquake.bank.utils] Updating quality metrics for origin smi:service.iris.edu/fdsnws/event/1/query?originid=49787218.
2026-05-07 04:47:08,016 [INFO:utdquake.bank.utils] Quality metrics updated for origin smi:service.iris.edu/fdsnws/event/1/query?originid=49787218.
2026-05-07 04:47:08,017 [INFO:utdquake.bank.utils] Updated quality metrics for origin smi:service.iris.edu/fdsnws/event/1/query?originid=49787218.
2026-05-07 04:47:08,017 [INFO:utdquake.bank.utils] Finishing to process 1 events in catalog qxjp95kH.
2026-05-07 04:47:19,117 [INFO:utdquake.bank] Saved 1 events of 1 possible in chunk id 0   from 2024-03-05 04:43:30.917000 to 2024-03-06 04:43:30.917000 in /groups/igonin/ecastillo/UTDQuake_test/bank/GCI
2026-05-07 04:47:19,118 [INFO:utdquake.bank] Creating stations summary based on the events in the event bank at /groups/igonin/ecastillo/UTDQuake_test/bank/GCI/.stations
2026-05-07 04:47:19,144 [INFO:utdquake.bank.utils] Found 22500 station databases in /groups/igonin/ecastillo/UTDQuake_test/.utdquake/db/stations/.stations.
2026-05-07 04:56:50,985 [INFO:utdquake.bank] Updating stations summary in the event bank at /groups/igonin/ecastillo/UTDQuake_test/bank/GCI
2026-05-07 04:56:51,295 [INFO:utdquake.bank] Stations summary updated successfully.
2026-05-07 04:56:51,296 [INFO:utdquake.bank.utils] [1/10] Fetching events forward 2024-03-06T04:43:30.917000Z to 2024-03-07T04:43:30.917000Z...
2026-05-07 04:57:13,340 [INFO:utdquake.bank.utils] Restarting patience counter after successful fetch.
2026-05-07 04:57:13,536 [INFO:utdquake.bank] Chunk id: 0   initiated | Time range: 2024-03-06 04:43:30.917000 - 2024-03-07 04:43:30.917000 | Chunk creation time: 2026-05-07 04:57:13.536958
2026-05-07 04:57:13,538 [INFO:utdquake.bank.utils] Starting to process 3 events in catalog vITkctib. (This id is created just for logging purposes)
2026-05-07 04:57:13,538 [INFO:utdquake.bank.utils] Processing event smi:service.iris.edu/fdsnws/event/1/query?eventid=11813341 with origin smi:service.iris.edu/fdsnws/event/1/query?originid=49793175
2026-05-07 05:00:46,738 [INFO:utdquake.bank.utils] Processed origin smi:service.iris.edu/fdsnws/event/1/query?originid=49793175. Ready to update quality metrics.
2026-05-07 05:00:46,739 [INFO:utdquake.bank.utils] Updating quality metrics for origin smi:service.iris.edu/fdsnws/event/1/query?originid=49793175.
2026-05-07 05:00:46,741 [INFO:utdquake.bank.utils] Quality metrics updated for origin smi:service.iris.edu/fdsnws/event/1/query?originid=49793175.
2026-05-07 05:00:46,742 [INFO:utdquake.bank.utils] Updated quality metrics for origin smi:service.iris.edu/fdsnws/event/1/query?originid=49793175.
2026-05-07 05:00:46,743 [INFO:utdquake.bank.utils] Processing event smi:service.iris.edu/fdsnws/event/1/query?eventid=11813243 with origin smi:service.iris.edu/fdsnws/event/1/query?originid=49791669
2026-05-07 05:22:46,539 [INFO:utdquake.bank.utils] Processed origin smi:service.iris.edu/fdsnws/event/1/query?originid=49791669. Ready to update quality metrics.
2026-05-07 05:22:46,540 [INFO:utdquake.bank.utils] Updating quality metrics for origin smi:service.iris.edu/fdsnws/event/1/query?originid=49791669.
2026-05-07 05:22:46,549 [INFO:utdquake.bank.utils] Quality metrics updated for origin smi:service.iris.edu/fdsnws/event/1/query?originid=49791669.
2026-05-07 05:22:46,550 [INFO:utdquake.bank.utils] Updated quality metrics for origin smi:service.iris.edu/fdsnws/event/1/query?originid=49791669.
2026-05-07 05:22:46,551 [INFO:utdquake.bank.utils] Processing event smi:service.iris.edu/fdsnws/event/1/query?eventid=11813332 with origin smi:service.iris.edu/fdsnws/event/1/query?originid=49793118
2026-05-07 05:46:44,417 [INFO:utdquake.bank.utils] Processed origin smi:service.iris.edu/fdsnws/event/1/query?originid=49793118. Ready to update quality metrics.
2026-05-07 05:46:44,419 [INFO:utdquake.bank.utils] Updating quality metrics for origin smi:service.iris.edu/fdsnws/event/1/query?originid=49793118.
2026-05-07 05:46:44,427 [INFO:utdquake.bank.utils] Quality metrics updated for origin smi:service.iris.edu/fdsnws/event/1/query?originid=49793118.
2026-05-07 05:46:44,428 [INFO:utdquake.bank.utils] Updated quality metrics for origin smi:service.iris.edu/fdsnws/event/1/query?originid=49793118.
2026-05-07 05:46:44,429 [INFO:utdquake.bank.utils] Finishing to process 3 events in catalog vITkctib.
2026-05-07 05:47:13,292 [INFO:utdquake.bank] Saved 3 events of 3 possible in chunk id 0   from 2024-03-06 04:43:30.917000 to 2024-03-07 04:43:30.917000 in /groups/igonin/ecastillo/UTDQuake_test/bank/GCI
2026-05-07 05:47:13,293 [INFO:utdquake.bank] Creating stations summary based on the events in the event bank at /groups/igonin/ecastillo/UTDQuake_test/bank/GCI/.stations
2026-05-07 05:47:13,321 [INFO:utdquake.bank.utils] Found 22500 station databases in /groups/igonin/ecastillo/UTDQuake_test/.utdquake/db/stations/.stations.
2026-05-07 05:56:49,989 [INFO:utdquake.bank] Updating stations summary in the event bank at /groups/igonin/ecastillo/UTDQuake_test/bank/GCI
2026-05-07 05:56:50,283 [INFO:utdquake.bank] Stations summary updated successfully.
2026-05-07 05:56:50,284 [INFO:utdquake.bank.utils] [1/10] Fetching events forward 2024-03-07T04:43:30.917000Z to 2024-03-08T04:43:30.917000Z...
2026-05-07 05:56:53,970 [INFO:utdquake.bank.utils] Restarting patience counter after successful fetch.
2026-05-07 05:56:54,386 [INFO:utdquake.bank] Chunk id: 0   initiated | Time range: 2024-03-07 04:43:30.917000 - 2024-03-08 04:43:30.917000 | Chunk creation time: 2026-05-07 05:56:54.386713
2026-05-07 05:56:54,387 [INFO:utdquake.bank.utils] Starting to process 1 events in catalog OYd0yE3D. (This id is created just for logging purposes)
2026-05-07 05:56:54,387 [INFO:utdquake.bank.utils] Processing event smi:service.iris.edu/fdsnws/event/1/query?eventid=11813977 with origin smi:service.iris.edu/fdsnws/event/1/query?originid=49800371
2026-05-07 06:02:44,236 [INFO:utdquake.bank.utils] Processed origin smi:service.iris.edu/fdsnws/event/1/query?originid=49800371. Ready to update quality metrics.
2026-05-07 06:02:44,238 [INFO:utdquake.bank.utils] Updating quality metrics for origin smi:service.iris.edu/fdsnws/event/1/query?originid=49800371.
2026-05-07 06:02:44,241 [INFO:utdquake.bank.utils] Quality metrics updated for origin smi:service.iris.edu/fdsnws/event/1/query?originid=49800371.
2026-05-07 06:02:44,242 [INFO:utdquake.bank.utils] Updated quality metrics for origin smi:service.iris.edu/fdsnws/event/1/query?originid=49800371.
2026-05-07 06:02:44,242 [INFO:utdquake.bank.utils] Finishing to process 1 events in catalog OYd0yE3D.
2026-05-07 06:02:48,503 [INFO:utdquake.bank] Saved 1 events of 1 possible in chunk id 0   from 2024-03-07 04:43:30.917000 to 2024-03-08 04:43:30.917000 in /groups/igonin/ecastillo/UTDQuake_test/bank/GCI
2026-05-07 06:02:48,514 [INFO:utdquake.bank] Creating stations summary based on the events in the event bank at /groups/igonin/ecastillo/UTDQuake_test/bank/GCI/.stations
2026-05-07 06:02:48,542 [INFO:utdquake.bank.utils] Found 22500 station databases in /groups/igonin/ecastillo/UTDQuake_test/.utdquake/db/stations/.stations.
2026-05-07 06:12:26,533 [INFO:utdquake.bank] Updating stations summary in the event bank at /groups/igonin/ecastillo/UTDQuake_test/bank/GCI
2026-05-07 06:12:26,790 [INFO:utdquake.bank] Stations summary updated successfully.
2026-05-07 06:12:26,790 [INFO:utdquake.bank.utils] [1/10] Fetching events forward 2024-03-08T04:43:30.917000Z to 2024-03-09T04:43:30.917000Z...
2026-05-07 06:12:29,140 [INFO:utdquake.bank.utils] Restarting patience counter after successful fetch.
2026-05-07 06:12:29,196 [INFO:utdquake.bank] Chunk id: 0   initiated | Time range: 2024-03-08 04:43:30.917000 - 2024-03-09 04:43:30.917000 | Chunk creation time: 2026-05-07 06:12:29.196376
2026-05-07 06:12:29,197 [INFO:utdquake.bank.utils] Starting to process 1 events in catalog dw3PmRkT. (This id is created just for logging purposes)
2026-05-07 06:12:29,198 [INFO:utdquake.bank.utils] Processing event smi:service.iris.edu/fdsnws/event/1/query?eventid=11814198 with origin smi:service.iris.edu/fdsnws/event/1/query?originid=49803170
2026-05-07 06:17:27,552 [INFO:utdquake.bank.utils] Processed origin smi:service.iris.edu/fdsnws/event/1/query?originid=49803170. Ready to update quality metrics.
2026-05-07 06:17:27,554 [INFO:utdquake.bank.utils] Updating quality metrics for origin smi:service.iris.edu/fdsnws/event/1/query?originid=49803170.
2026-05-07 06:17:27,556 [INFO:utdquake.bank.utils] Quality metrics updated for origin smi:service.iris.edu/fdsnws/event/1/query?originid=49803170.
2026-05-07 06:17:27,557 [INFO:utdquake.bank.utils] Updated quality metrics for origin smi:service.iris.edu/fdsnws/event/1/query?originid=49803170.
2026-05-07 06:17:27,558 [INFO:utdquake.bank.utils] Finishing to process 1 events in catalog dw3PmRkT.
2026-05-07 06:17:31,490 [INFO:utdquake.bank] Saved 1 events of 1 possible in chunk id 0   from 2024-03-08 04:43:30.917000 to 2024-03-09 04:43:30.917000 in /groups/igonin/ecastillo/UTDQuake_test/bank/GCI
2026-05-07 06:17:31,490 [INFO:utdquake.bank] Creating stations summary based on the events in the event bank at /groups/igonin/ecastillo/UTDQuake_test/bank/GCI/.stations
2026-05-07 06:17:31,514 [INFO:utdquake.bank.utils] Found 22500 station databases in /groups/igonin/ecastillo/UTDQuake_test/.utdquake/db/stations/.stations.
2026-05-07 06:27:12,029 [INFO:utdquake.bank] Updating stations summary in the event bank at /groups/igonin/ecastillo/UTDQuake_test/bank/GCI
2026-05-07 06:27:12,337 [INFO:utdquake.bank] Stations summary updated successfully.
2026-05-07 06:27:12,337 [INFO:utdquake.bank.utils] [1/10] Fetching events forward 2024-03-09T04:43:30.917000Z to 2024-03-10T04:43:30.917000Z...
2026-05-07 06:27:12,385 [INFO:utdquake.bank.utils] Restarting patience counter after successful fetch.
2026-05-07 06:27:12,427 [INFO:utdquake.bank] Chunk id: 0   initiated | Time range: 2024-03-09 04:43:30.917000 - 2024-03-10 04:43:30.917000 | Chunk creation time: 2026-05-07 06:27:12.427843
2026-05-07 06:27:12,428 [INFO:utdquake.bank.utils] Starting to process 0 events in catalog sm6uCea8. (This id is created just for logging purposes)
2026-05-07 06:27:12,429 [INFO:utdquake.bank.utils] Finishing to process 0 events in catalog sm6uCea8.
2026-05-07 06:27:13,444 [INFO:utdquake.bank] Saved 0 events of 0 possible in chunk id 0   from 2024-03-09 04:43:30.917000 to 2024-03-10 04:43:30.917000 in /groups/igonin/ecastillo/UTDQuake_test/bank/GCI
2026-05-07 06:27:13,445 [INFO:utdquake.bank] Creating stations summary based on the events in the event bank at /groups/igonin/ecastillo/UTDQuake_test/bank/GCI/.stations
2026-05-07 06:27:13,474 [INFO:utdquake.bank.utils] Found 22500 station databases in /groups/igonin/ecastillo/UTDQuake_test/.utdquake/db/stations/.stations.
2026-05-07 06:36:53,870 [INFO:utdquake.bank] Updating stations summary in the event bank at /groups/igonin/ecastillo/UTDQuake_test/bank/GCI
2026-05-07 06:36:54,119 [INFO:utdquake.bank] Stations summary updated successfully.
2026-05-07 06:36:54,120 [INFO:utdquake.bank.utils] [1/10] Fetching events forward 2024-03-10T04:43:30.917000Z to 2024-03-11T04:43:30.917000Z...
2026-05-07 06:36:56,673 [INFO:utdquake.bank.utils] Restarting patience counter after successful fetch.
2026-05-07 06:36:56,684 [INFO:utdquake.bank] Chunk id: 0   initiated | Time range: 2024-03-10 04:43:30.917000 - 2024-03-11 04:43:30.917000 | Chunk creation time: 2026-05-07 06:36:56.684276
2026-05-07 06:36:56,684 [INFO:utdquake.bank.utils] Starting to process 1 events in catalog MCeGXbdE. (This id is created just for logging purposes)
2026-05-07 06:36:56,685 [INFO:utdquake.bank.utils] Processing event smi:service.iris.edu/fdsnws/event/1/query?eventid=11815066 with origin smi:service.iris.edu/fdsnws/event/1/query?originid=49813468
2026-05-07 06:42:46,520 [INFO:utdquake.bank.utils] Processed origin smi:service.iris.edu/fdsnws/event/1/query?originid=49813468. Ready to update quality metrics.
2026-05-07 06:42:46,522 [INFO:utdquake.bank.utils] Updating quality metrics for origin smi:service.iris.edu/fdsnws/event/1/query?originid=49813468.
2026-05-07 06:42:46,525 [INFO:utdquake.bank.utils] Quality metrics updated for origin smi:service.iris.edu/fdsnws/event/1/query?originid=49813468.
2026-05-07 06:42:46,530 [INFO:utdquake.bank.utils] Updated quality metrics for origin smi:service.iris.edu/fdsnws/event/1/query?originid=49813468.
2026-05-07 06:42:46,531 [INFO:utdquake.bank.utils] Finishing to process 1 events in catalog MCeGXbdE.
2026-05-07 06:42:50,779 [INFO:utdquake.bank] Saved 1 events of 1 possible in chunk id 0   from 2024-03-10 04:43:30.917000 to 2024-03-11 04:43:30.917000 in /groups/igonin/ecastillo/UTDQuake_test/bank/GCI
2026-05-07 06:42:50,781 [INFO:utdquake.bank] Creating stations summary based on the events in the event bank at /groups/igonin/ecastillo/UTDQuake_test/bank/GCI/.stations
2026-05-07 06:42:50,807 [INFO:utdquake.bank.utils] Found 22500 station databases in /groups/igonin/ecastillo/UTDQuake_test/.utdquake/db/stations/.stations.
2026-05-07 06:52:29,484 [INFO:utdquake.bank] Updating stations summary in the event bank at /groups/igonin/ecastillo/UTDQuake_test/bank/GCI
2026-05-07 06:52:29,708 [INFO:utdquake.bank] Stations summary updated successfully.
2026-05-07 06:52:29,710 [INFO:utdquake.bank.utils] [1/10] Fetching events forward 2024-03-11T04:43:30.917000Z to 2024-03-12T04:43:30.917000Z...
2026-05-07 06:52:39,796 [INFO:utdquake.bank.utils] Restarting patience counter after successful fetch.
2026-05-07 06:52:39,882 [INFO:utdquake.bank] Chunk id: 0   initiated | Time range: 2024-03-11 04:43:30.917000 - 2024-03-12 04:43:30.917000 | Chunk creation time: 2026-05-07 06:52:39.882758
2026-05-07 06:52:39,883 [INFO:utdquake.bank.utils] Starting to process 1 events in catalog 68cehdD5. (This id is created just for logging purposes)
2026-05-07 06:52:39,884 [INFO:utdquake.bank.utils] Processing event smi:service.iris.edu/fdsnws/event/1/query?eventid=11815493 with origin smi:service.iris.edu/fdsnws/event/1/query?originid=49820774
2026-05-07 07:16:50,181 [INFO:utdquake.bank.utils] Processed origin smi:service.iris.edu/fdsnws/event/1/query?originid=49820774. Ready to update quality metrics.
2026-05-07 07:16:50,183 [INFO:utdquake.bank.utils] Updating quality metrics for origin smi:service.iris.edu/fdsnws/event/1/query?originid=49820774.
2026-05-07 07:16:50,191 [INFO:utdquake.bank.utils] Quality metrics updated for origin smi:service.iris.edu/fdsnws/event/1/query?originid=49820774.
2026-05-07 07:16:50,192 [INFO:utdquake.bank.utils] Updated quality metrics for origin smi:service.iris.edu/fdsnws/event/1/query?originid=49820774.
2026-05-07 07:16:50,192 [INFO:utdquake.bank.utils] Finishing to process 1 events in catalog 68cehdD5.
2026-05-07 07:17:04,600 [INFO:utdquake.bank] Saved 1 events of 1 possible in chunk id 0   from 2024-03-11 04:43:30.917000 to 2024-03-12 04:43:30.917000 in /groups/igonin/ecastillo/UTDQuake_test/bank/GCI
2026-05-07 07:17:04,608 [INFO:utdquake.bank] Creating stations summary based on the events in the event bank at /groups/igonin/ecastillo/UTDQuake_test/bank/GCI/.stations
2026-05-07 07:17:04,637 [INFO:utdquake.bank.utils] Found 22500 station databases in /groups/igonin/ecastillo/UTDQuake_test/.utdquake/db/stations/.stations.
2026-05-07 07:26:46,996 [INFO:utdquake.bank] Updating stations summary in the event bank at /groups/igonin/ecastillo/UTDQuake_test/bank/GCI
2026-05-07 07:26:47,387 [INFO:utdquake.bank] Stations summary updated successfully.
2026-05-07 07:26:47,388 [INFO:utdquake.bank.utils] [1/10] Fetching events forward 2024-03-12T04:43:30.917000Z to 2024-03-13T04:43:30.917000Z...
2026-05-07 07:26:47,447 [INFO:utdquake.bank.utils] Restarting patience counter after successful fetch.
2026-05-07 07:26:47,622 [INFO:utdquake.bank] Chunk id: 0   initiated | Time range: 2024-03-12 04:43:30.917000 - 2024-03-13 04:43:30.917000 | Chunk creation time: 2026-05-07 07:26:47.622300
2026-05-07 07:26:47,623 [INFO:utdquake.bank.utils] Starting to process 0 events in catalog E2R2yYXk. (This id is created just for logging purposes)
2026-05-07 07:26:47,623 [INFO:utdquake.bank.utils] Finishing to process 0 events in catalog E2R2yYXk.
2026-05-07 07:26:48,664 [INFO:utdquake.bank] Saved 0 events of 0 possible in chunk id 0   from 2024-03-12 04:43:30.917000 to 2024-03-13 04:43:30.917000 in /groups/igonin/ecastillo/UTDQuake_test/bank/GCI
2026-05-07 07:26:48,665 [INFO:utdquake.bank] Creating stations summary based on the events in the event bank at /groups/igonin/ecastillo/UTDQuake_test/bank/GCI/.stations
2026-05-07 07:26:48,693 [INFO:utdquake.bank.utils] Found 22500 station databases in /groups/igonin/ecastillo/UTDQuake_test/.utdquake/db/stations/.stations.
2026-05-07 07:36:29,998 [INFO:utdquake.bank] Updating stations summary in the event bank at /groups/igonin/ecastillo/UTDQuake_test/bank/GCI
2026-05-07 07:36:30,250 [INFO:utdquake.bank] Stations summary updated successfully.
2026-05-07 07:36:30,251 [INFO:utdquake.bank.utils] [1/10] Fetching events forward 2024-03-13T04:43:30.917000Z to 2024-03-14T04:43:30.917000Z...
2026-05-07 07:36:30,306 [INFO:utdquake.bank.utils] Restarting patience counter after successful fetch.
2026-05-07 07:36:30,309 [INFO:utdquake.bank] Chunk id: 0   initiated | Time range: 2024-03-13 04:43:30.917000 - 2024-03-14 04:43:30.917000 | Chunk creation time: 2026-05-07 07:36:30.309349
2026-05-07 07:36:30,310 [INFO:utdquake.bank.utils] Starting to process 0 events in catalog mkauxSmu. (This id is created just for logging purposes)
2026-05-07 07:36:30,312 [INFO:utdquake.bank.utils] Finishing to process 0 events in catalog mkauxSmu.
2026-05-07 07:36:31,313 [INFO:utdquake.bank] Saved 0 events of 0 possible in chunk id 0   from 2024-03-13 04:43:30.917000 to 2024-03-14 04:43:30.917000 in /groups/igonin/ecastillo/UTDQuake_test/bank/GCI
2026-05-07 07:36:31,313 [INFO:utdquake.bank] Creating stations summary based on the events in the event bank at /groups/igonin/ecastillo/UTDQuake_test/bank/GCI/.stations
2026-05-07 07:36:31,341 [INFO:utdquake.bank.utils] Found 22500 station databases in /groups/igonin/ecastillo/UTDQuake_test/.utdquake/db/stations/.stations.
2026-05-07 07:46:11,848 [INFO:utdquake.bank] Updating stations summary in the event bank at /groups/igonin/ecastillo/UTDQuake_test/bank/GCI
2026-05-07 07:46:12,088 [INFO:utdquake.bank] Stations summary updated successfully.
2026-05-07 07:46:12,089 [INFO:utdquake.bank.utils] [1/10] Fetching events forward 2024-03-14T04:43:30.917000Z to 2024-03-15T04:43:30.917000Z...
2026-05-07 07:46:20,998 [INFO:utdquake.bank.utils] Restarting patience counter after successful fetch.
2026-05-07 07:46:21,010 [INFO:utdquake.bank] Chunk id: 0   initiated | Time range: 2024-03-14 04:43:30.917000 - 2024-03-15 04:43:30.917000 | Chunk creation time: 2026-05-07 07:46:21.010015
2026-05-07 07:46:21,011 [INFO:utdquake.bank.utils] Starting to process 1 events in catalog Ccw2Ao6m. (This id is created just for logging purposes)
2026-05-07 07:46:21,012 [INFO:utdquake.bank.utils] Processing event smi:service.iris.edu/fdsnws/event/1/query?eventid=11816602 with origin smi:service.iris.edu/fdsnws/event/1/query?originid=49836026
2026-05-07 08:07:38,694 [INFO:utdquake.bank.utils] Processed origin smi:service.iris.edu/fdsnws/event/1/query?originid=49836026. Ready to update quality metrics.
2026-05-07 08:07:38,696 [INFO:utdquake.bank.utils] Updating quality metrics for origin smi:service.iris.edu/fdsnws/event/1/query?originid=49836026.
2026-05-07 08:07:38,704 [INFO:utdquake.bank.utils] Quality metrics updated for origin smi:service.iris.edu/fdsnws/event/1/query?originid=49836026.
2026-05-07 08:07:38,709 [INFO:utdquake.bank.utils] Updated quality metrics for origin smi:service.iris.edu/fdsnws/event/1/query?originid=49836026.
2026-05-07 08:07:38,710 [INFO:utdquake.bank.utils] Finishing to process 1 events in catalog Ccw2Ao6m.
2026-05-07 08:07:51,135 [INFO:utdquake.bank] Saved 1 events of 1 possible in chunk id 0   from 2024-03-14 04:43:30.917000 to 2024-03-15 04:43:30.917000 in /groups/igonin/ecastillo/UTDQuake_test/bank/GCI
2026-05-07 08:07:51,136 [INFO:utdquake.bank] Creating stations summary based on the events in the event bank at /groups/igonin/ecastillo/UTDQuake_test/bank/GCI/.stations
2026-05-07 08:07:51,163 [INFO:utdquake.bank.utils] Found 22500 station databases in /groups/igonin/ecastillo/UTDQuake_test/.utdquake/db/stations/.stations.
2026-05-07 08:17:44,736 [INFO:utdquake.bank] Updating stations summary in the event bank at /groups/igonin/ecastillo/UTDQuake_test/bank/GCI
2026-05-07 08:17:45,100 [INFO:utdquake.bank] Stations summary updated successfully.
2026-05-07 08:17:45,108 [INFO:utdquake.bank.utils] [1/10] Fetching events forward 2024-03-15T04:43:30.917000Z to 2024-03-16T04:43:30.917000Z...
2026-05-07 08:17:45,156 [INFO:utdquake.bank.utils] Restarting patience counter after successful fetch.
2026-05-07 08:17:45,299 [INFO:utdquake.bank] Chunk id: 0   initiated | Time range: 2024-03-15 04:43:30.917000 - 2024-03-16 04:43:30.917000 | Chunk creation time: 2026-05-07 08:17:45.299777
2026-05-07 08:17:45,300 [INFO:utdquake.bank.utils] Starting to process 0 events in catalog plzCwR3r. (This id is created just for logging purposes)
2026-05-07 08:17:45,309 [INFO:utdquake.bank.utils] Finishing to process 0 events in catalog plzCwR3r.
2026-05-07 08:17:46,336 [INFO:utdquake.bank] Saved 0 events of 0 possible in chunk id 0   from 2024-03-15 04:43:30.917000 to 2024-03-16 04:43:30.917000 in /groups/igonin/ecastillo/UTDQuake_test/bank/GCI
2026-05-07 08:17:46,337 [INFO:utdquake.bank] Creating stations summary based on the events in the event bank at /groups/igonin/ecastillo/UTDQuake_test/bank/GCI/.stations
2026-05-07 08:17:46,366 [INFO:utdquake.bank.utils] Found 22500 station databases in /groups/igonin/ecastillo/UTDQuake_test/.utdquake/db/stations/.stations.
2026-05-07 08:27:37,107 [INFO:utdquake.bank] Updating stations summary in the event bank at /groups/igonin/ecastillo/UTDQuake_test/bank/GCI
2026-05-07 08:27:37,344 [INFO:utdquake.bank] Stations summary updated successfully.
2026-05-07 08:27:37,345 [INFO:utdquake.bank.utils] [1/10] Fetching events forward 2024-03-16T04:43:30.917000Z to 2024-03-17T04:43:30.917000Z...
2026-05-07 08:27:48,594 [INFO:utdquake.bank.utils] Restarting patience counter after successful fetch.
2026-05-07 08:27:48,623 [INFO:utdquake.bank] Chunk id: 0   initiated | Time range: 2024-03-16 04:43:30.917000 - 2024-03-17 04:43:30.917000 | Chunk creation time: 2026-05-07 08:27:48.623495
2026-05-07 08:27:48,624 [INFO:utdquake.bank.utils] Starting to process 2 events in catalog qszWVxmX. (This id is created just for logging purposes)
2026-05-07 08:27:48,624 [INFO:utdquake.bank.utils] Processing event smi:service.iris.edu/fdsnws/event/1/query?eventid=11817354 with origin smi:service.iris.edu/fdsnws/event/1/query?originid=49846121
2026-05-07 08:36:36,518 [INFO:utdquake.bank.utils] Processed origin smi:service.iris.edu/fdsnws/event/1/query?originid=49846121. Ready to update quality metrics.
2026-05-07 08:36:36,520 [INFO:utdquake.bank.utils] Updating quality metrics for origin smi:service.iris.edu/fdsnws/event/1/query?originid=49846121.
2026-05-07 08:36:36,524 [INFO:utdquake.bank.utils] Quality metrics updated for origin smi:service.iris.edu/fdsnws/event/1/query?originid=49846121.
2026-05-07 08:36:36,525 [INFO:utdquake.bank.utils] Updated quality metrics for origin smi:service.iris.edu/fdsnws/event/1/query?originid=49846121.
2026-05-07 08:36:36,526 [INFO:utdquake.bank.utils] Processing event smi:service.iris.edu/fdsnws/event/1/query?eventid=11817313 with origin smi:service.iris.edu/fdsnws/event/1/query?originid=49845469
2026-05-07 08:54:22,997 [INFO:utdquake.bank.utils] Processed origin smi:service.iris.edu/fdsnws/event/1/query?originid=49845469. Ready to update quality metrics.
2026-05-07 08:54:22,999 [INFO:utdquake.bank.utils] Updating quality metrics for origin smi:service.iris.edu/fdsnws/event/1/query?originid=49845469.
2026-05-07 08:54:23,005 [INFO:utdquake.bank.utils] Quality metrics updated for origin smi:service.iris.edu/fdsnws/event/1/query?originid=49845469.
2026-05-07 08:54:23,009 [INFO:utdquake.bank.utils] Updated quality metrics for origin smi:service.iris.edu/fdsnws/event/1/query?originid=49845469.
2026-05-07 08:54:23,010 [INFO:utdquake.bank.utils] Finishing to process 2 events in catalog qszWVxmX.
2026-05-07 08:54:38,301 [INFO:utdquake.bank] Saved 2 events of 2 possible in chunk id 0   from 2024-03-16 04:43:30.917000 to 2024-03-17 04:43:30.917000 in /groups/igonin/ecastillo/UTDQuake_test/bank/GCI
2026-05-07 08:54:38,308 [INFO:utdquake.bank] Creating stations summary based on the events in the event bank at /groups/igonin/ecastillo/UTDQuake_test/bank/GCI/.stations
2026-05-07 08:54:38,347 [INFO:utdquake.bank.utils] Found 22500 station databases in /groups/igonin/ecastillo/UTDQuake_test/.utdquake/db/stations/.stations.
slurmstepd-c-02-08: error: *** JOB 189578 ON c-02-08 CANCELLED AT 2026-05-07T09:02:43 DUE TO TIME LIMIT ***
